idTransaccion,cuentaOrigen,cliente,tipo,monto,fecha,hora,estado
TX-000001,002-356150,Pedro Castillo,Deposito,2374.63,2026-11-20,19:03:58,Anulada
TX-000002,005-741390,Rosa Herrera,Transferencia,10021.27,2026-08-04,09:16:04,Pendiente
TX-000003,002-240814,Lucia Vega,Transferencia,13346.79,2026-10-16,07:49:30,Anulada
TX-000004,003-385577,Lucia Vega,Retiro,10767.01,2026-03-21,01:39:52,Pendiente
TX-000005,009-612262,Lucia Vega,Transferencia,1393.55,2026-06-14,12:00:44,Pendiente
TX-000006,001-103717,Pedro Castillo,Retiro,9560.33,2026-04-12,17:36:00,Rechazada
TX-000007,008-678478,Fernando Diaz,PagoServicio,8417.99,2026-02-13,10:44:24,Aprobada
TX-000008,003-672092,Ana Torres,Deposito,8741.82,2026-02-27,12:20:02,Observada
TX-000009,003-143860,Lucia Vega,Deposito,13485.73,2026-11-06,04:23:51,Aprobada
TX-000010,006-320281,Camila Ruiz,Retiro,10007.33,2026-05-18,08:31:25,Anulada
TX-000011,007-750810,Fernando Diaz,Retiro,13887.20,2026-04-02,22:33:06,Rechazada
TX-000012,003-532322,Ana Torres,Retiro,11051.10,2026-05-10,00:11:34,Observada
TX-000013,004-379766,Maria Soto,Transferencia,5744.30,2026-01-16,00:56:22,Observada
TX-000014,004-309267,Miguel Castro,PagoServicio,5251.38,2026-11-15,15:57:12,Rechazada
TX-000015,004-124813,Camila Ruiz,Retiro,5983.01,2026-04-19,04:46:07,Aprobada
TX-000016,005-468203,Camila Ruiz,PagoServicio,10195.98,2026-11-24,15:29:31,Anulada
TX-000017,006-128941,Luis Ramos,Deposito,2686.73,2026-04-14,02:19:33,Aprobada
TX-000018,002-725550,Sofia Rojas,Deposito,10930.89,2026-05-02,19:41:04,Observada
TX-000019,009-221263,Sofia Rojas,Retiro,3828.29,2026-10-03,06:21:27,Observada
TX-000020,001-645175,Elena Vargas,Retiro,5469.68,2026-01-28,04:12:11,Pendiente
TX-000021,006-795612,Miguel Castro,Transferencia,10799.12,2026-04-27,15:12:23,Anulada
TX-000022,005-799287,Sofia Rojas,Deposito,6041.98,2026-04-25,19:42:22,Anulada
TX-000023,003-301158,Sofia Rojas,PagoServicio,10163.00,2026-12-17,14:45:27,Rechazada
TX-000024,005-525800,Valeria Leon,Transferencia,4565.09,2026-03-23,15:02:40,Observada
TX-000025,006-587575,Jorge Medina,PagoServicio,10137.65,2026-07-18,12:29:13,Observada
TX-000026,003-790855,Luis Ramos,Deposito,7736.63,2026-09-03,19:26:10,Anulada
TX-000027,006-197923,Miguel Castro,Retiro,10095.21,2026-03-29,05:48:09,Rechazada
TX-000028,003-125611,Ana Torres,Retiro,14759.20,2026-08-26,09:29:10,Aprobada
TX-000029,008-534572,Elena Vargas,Retiro,10778.01,2026-05-30,02:56:19,Observada
TX-000030,007-355836,Maria Soto,Transferencia,13390.97,2026-12-01,03:53:14,Aprobada
TX-000031,007-329471,Maria Soto,PagoServicio,762.77,2026-04-07,18:41:46,Aprobada
TX-000032,008-239816,Rosa Herrera,PagoServicio,10016.99,2026-08-06,01:33:40,Anulada
TX-000033,006-891937,Elena Vargas,PagoServicio,9193.66,2026-10-07,08:07:09,Anulada
TX-000034,007-970914,Elena Vargas,PagoServicio,13459.15,2026-10-16,19:22:15,Observada
TX-000035,008-371782,Rosa Herrera,Retiro,12599.54,2026-04-18,16:43:44,Anulada
TX-000036,008-757193,Carlos Perez,Deposito,6603.69,2026-10-05,02:43:12,Pendiente
TX-000037,004-384913,Pedro Castillo,Deposito,13396.47,2026-02-01,07:02:17,Rechazada
TX-000038,003-342495,Sofia Rojas,Retiro,10599.22,2026-01-25,22:39:22,Observada
TX-000039,007-446954,Valeria Leon,PagoServicio,6242.46,2026-03-22,07:50:10,Observada
TX-000040,007-907189,Diego Flores,Transferencia,12852.41,2026-10-25,07:51:31,Anulada
TX-000041,007-600149,Ana Torres,Deposito,4486.20,2026-06-01,10:56:20,Observada
TX-000042,009-883826,Fernando Diaz,Retiro,7328.56,2026-04-16,23:56:29,Observada
TX-000043,008-130434,Sofia Rojas,Deposito,10036.42,2026-11-06,23:13:32,Observada
TX-000044,003-981334,Jorge Medina,Retiro,14711.02,2026-07-27,10:23:35,Aprobada
TX-000045,007-720644,Diego Flores,Transferencia,1268.37,2026-06-16,10:57:38,Rechazada
TX-000046,008-290556,Ana Torres,Deposito,5692.77,2026-03-24,04:49:00,Observada
TX-000047,006-453894,Rosa Herrera,PagoServicio,4181.07,2026-11-20,02:05:46,Observada
TX-000048,005-975467,Luis Ramos,PagoServicio,300.56,2026-07-29,11:44:59,Aprobada
TX-000049,006-335113,Camila Ruiz,Transferencia,11720.68,2026-09-11,02:47:37,Aprobada
TX-000050,001-359295,Carlos Perez,Transferencia,9323.82,2026-04-03,15:24:00,Rechazada
TX-000051,008-801978,Luis Ramos,Retiro,6980.86,2026-04-10,12:21:51,Pendiente
TX-000052,003-735324,Diego Flores,Transferencia,11669.10,2026-03-05,14:24:28,Pendiente
TX-000053,002-706794,Ana Torres,Deposito,8641.19,2026-12-19,15:25:01,Observada
TX-000054,007-849747,Carlos Perez,Transferencia,8885.55,2026-11-19,13:29:19,Rechazada
TX-000055,002-831059,Rosa Herrera,Deposito,12755.90,2026-08-22,04:14:30,Aprobada
TX-000056,001-464069,Valeria Leon,PagoServicio,9926.20,2026-01-27,18:43:24,Anulada
TX-000057,006-113266,Miguel Castro,PagoServicio,12336.74,2026-02-10,23:41:36,Observada
TX-000058,006-766459,Elena Vargas,PagoServicio,10612.56,2026-06-19,03:02:03,Rechazada
TX-000059,009-782054,Lucia Vega,PagoServicio,6978.46,2026-11-17,16:24:15,Anulada
TX-000060,005-437960,Miguel Castro,Retiro,12462.66,2026-02-03,15:45:24,Pendiente
TX-000061,008-355709,Rosa Herrera,PagoServicio,8552.05,2026-09-17,11:58:04,Observada
TX-000062,006-130094,Jorge Medina,Deposito,2735.78,2026-03-24,09:06:01,Pendiente
TX-000063,005-456871,Lucia Vega,Deposito,8341.31,2026-07-20,15:18:53,Rechazada
TX-000064,002-353080,Fernando Diaz,PagoServicio,7333.78,2026-10-22,10:36:24,Rechazada
TX-000065,008-777278,Fernando Diaz,PagoServicio,6728.14,2026-01-07,16:43:07,Aprobada
TX-000066,005-332360,Sofia Rojas,Retiro,4600.03,2026-08-14,20:29:27,Pendiente
TX-000067,008-680358,Valeria Leon,Deposito,6388.30,2026-10-17,16:37:19,Anulada
TX-000068,006-468900,Fernando Diaz,PagoServicio,4071.04,2026-04-08,15:15:07,Rechazada
TX-000069,002-856321,Carlos Perez,Deposito,1802.13,2026-07-28,02:36:50,Rechazada
TX-000070,004-326895,Fernando Diaz,PagoServicio,4154.73,2026-08-17,23:20:53,Anulada
TX-000071,005-205409,Miguel Castro,Retiro,4450.73,2026-05-21,03:39:19,Rechazada
TX-000072,005-114835,Fernando Diaz,Retiro,4121.93,2026-01-22,04:13:09,Anulada
TX-000073,005-831295,Maria Soto,PagoServicio,1547.79,2026-01-05,18:19:18,Anulada
TX-000074,005-592198,Jorge Medina,PagoServicio,5117.18,2026-01-20,22:51:56,Pendiente
TX-000075,008-219629,Miguel Castro,Transferencia,6016.60,2026-01-29,18:29:45,Anulada
TX-000076,001-259097,Maria Soto,Deposito,1286.86,2026-04-07,09:18:26,Aprobada
TX-000077,009-901577,Sofia Rojas,Retiro,11637.65,2026-05-28,17:22:48,Observada
TX-000078,008-411797,Miguel Castro,PagoServicio,4587.65,2026-08-30,04:23:39,Aprobada
TX-000079,002-899787,Carlos Perez,Retiro,3977.05,2026-02-01,12:43:19,Rechazada
TX-000080,004-282256,Valeria Leon,Transferencia,2356.42,2026-06-08,15:39:35,Observada
TX-000081,008-405407,Ana Torres,Retiro,4328.69,2026-04-20,19:07:34,Observada
TX-000082,002-820775,Carlos Perez,Deposito,11819.54,2026-08-31,17:57:46,Anulada
TX-000083,004-545790,Luis Ramos,Retiro,9718.04,2026-12-19,19:00:30,Pendiente
TX-000084,003-174878,Ana Torres,Retiro,11891.50,2026-08-20,02:12:44,Anulada
TX-000085,005-560485,Luis Ramos,PagoServicio,10333.28,2026-09-29,17:59:26,Observada
TX-000086,005-624783,Valeria Leon,PagoServicio,6572.01,2026-08-21,06:06:20,Aprobada
TX-000087,007-870214,Pedro Castillo,Deposito,397.71,2026-03-30,21:43:48,Anulada
TX-000088,001-901909,Camila Ruiz,Deposito,8647.94,2026-10-24,08:41:29,Rechazada
TX-000089,008-644173,Camila Ruiz,PagoServicio,13741.93,2026-03-12,11:36:05,Anulada
TX-000090,007-765620,Miguel Castro,PagoServicio,14536.14,2026-07-02,12:48:51,Pendiente
TX-000091,007-449499,Pedro Castillo,Transferencia,12867.42,2026-05-09,01:59:34,Observada
TX-000092,008-402218,Camila Ruiz,PagoServicio,12205.35,2026-08-02,15:16:19,Aprobada
TX-000093,008-192337,Pedro Castillo,Deposito,4855.87,2026-10-28,00:40:06,Observada
TX-000094,009-964998,Ana Torres,PagoServicio,6204.58,2026-03-14,20:23:45,Anulada
TX-000095,006-752878,Rosa Herrera,PagoServicio,9384.88,2026-10-23,03:37:30,Aprobada
TX-000096,004-380028,Valeria Leon,Retiro,13915.81,2026-06-20,03:32:16,Observada
TX-000097,002-130271,Camila Ruiz,Retiro,10649.64,2026-05-01,16:24:04,Anulada
TX-000098,001-679077,Sofia Rojas,Transferencia,3378.26,2026-11-23,18:28:09,Aprobada
TX-000099,008-223172,Camila Ruiz,Retiro,7480.65,2026-10-06,07:13:37,Pendiente
TX-000100,009-839677,Lucia Vega,PagoServicio,12522.51,2026-07-03,09:24:26,Rechazada
TX-000101,008-678043,Maria Soto,PagoServicio,2867.25,2026-08-21,18:36:14,Anulada
TX-000102,003-173201,Lucia Vega,PagoServicio,5104.73,2026-11-02,22:03:30,Anulada
TX-000103,005-960408,Ana Torres,Deposito,10893.50,2026-11-22,05:50:28,Anulada
TX-000104,008-255813,Jorge Medina,PagoServicio,5183.41,2026-08-03,08:14:35,Anulada
TX-000105,007-577463,Elena Vargas,Deposito,13045.33,2026-09-28,21:09:23,Rechazada
TX-000106,007-344907,Miguel Castro,PagoServicio,664.27,2026-10-17,05:09:18,Observada
TX-000107,007-504832,Camila Ruiz,Retiro,7434.98,2026-01-15,09:02:52,Rechazada
TX-000108,009-718849,Pedro Castillo,Transferencia,13114.11,2026-06-20,23:57:04,Aprobada
TX-000109,009-579123,Ana Torres,Retiro,6155.58,2026-09-12,07:00:15,Rechazada
TX-000110,002-592296,Rosa Herrera,Deposito,5085.03,2026-09-27,00:28:29,Observada
TX-000111,002-993140,Pedro Castillo,PagoServicio,14312.55,2026-09-01,10:11:30,Observada
TX-000112,009-137642,Diego Flores,Transferencia,3529.21,2026-09-23,19:03:58,Pendiente
TX-000113,004-883041,Luis Ramos,PagoServicio,14675.28,2026-10-23,07:09:33,Aprobada
TX-000114,008-274446,Fernando Diaz,Deposito,13552.33,2026-01-18,20:40:00,Pendiente
TX-000115,001-407618,Pedro Castillo,Deposito,6465.99,2026-04-05,20:05:06,Anulada
TX-000116,007-693418,Camila Ruiz,Retiro,2558.05,2026-01-31,16:02:18,Anulada
TX-000117,007-749813,Camila Ruiz,Retiro,7470.03,2026-08-15,11:25:06,Rechazada
TX-000118,004-583550,Camila Ruiz,Deposito,6898.96,2026-09-16,23:24:21,Aprobada
TX-000119,008-401603,Camila Ruiz,Retiro,1117.19,2026-05-15,04:54:18,Anulada
TX-000120,005-769975,Sofia Rojas,Deposito,6857.97,2026-04-28,07:58:41,Rechazada
TX-000121,007-994787,Jorge Medina,Transferencia,3565.71,2026-08-11,02:42:21,Pendiente
TX-000122,005-833247,Lucia Vega,Transferencia,14669.39,2026-09-13,15:08:47,Observada
TX-000123,005-108491,Diego Flores,Transferencia,13660.15,2026-10-17,09:30:28,Observada
TX-000124,005-913423,Rosa Herrera,Retiro,9109.90,2026-05-17,19:52:09,Rechazada
TX-000125,004-751051,Lucia Vega,Retiro,9427.44,2026-12-17,20:19:58,Aprobada
TX-000126,005-926918,Jorge Medina,Transferencia,8697.81,2026-10-12,10:05:16,Rechazada
TX-000127,002-409445,Pedro Castillo,PagoServicio,2642.84,2026-02-21,07:49:06,Anulada
TX-000128,006-656639,Valeria Leon,Deposito,12458.78,2026-04-10,19:08:05,Observada
TX-000129,005-882824,Miguel Castro,Deposito,12065.45,2026-07-01,21:09:53,Aprobada
TX-000130,003-890785,Carlos Perez,PagoServicio,14509.37,2026-11-09,11:18:01,Anulada
TX-000131,006-194689,Rosa Herrera,PagoServicio,218.64,2026-07-28,09:12:59,Aprobada
TX-000132,008-486490,Camila Ruiz,Deposito,8772.56,2026-11-16,09:29:05,Pendiente
TX-000133,002-807617,Carlos Perez,PagoServicio,385.12,2026-12-10,09:39:57,Anulada
TX-000134,006-739717,Carlos Perez,Transferencia,9534.70,2026-06-30,07:17:13,Pendiente
TX-000135,007-222343,Maria Soto,Transferencia,14194.46,2026-04-29,04:53:00,Observada
TX-000136,002-201913,Carlos Perez,Retiro,5835.80,2026-05-25,02:04:40,Anulada
TX-000137,007-715870,Fernando Diaz,Retiro,13282.35,2026-09-12,08:18:52,Aprobada
TX-000138,008-745558,Sofia Rojas,Deposito,500.42,2026-05-24,21:35:22,Rechazada
TX-000139,008-566297,Carlos Perez,Deposito,1499.33,2026-09-24,07:00:11,Pendiente
TX-000140,009-776149,Pedro Castillo,Transferencia,5978.11,2026-03-15,17:08:38,Aprobada
TX-000141,008-196126,Camila Ruiz,Retiro,9629.15,2026-08-20,21:48:13,Aprobada
TX-000142,001-925013,Pedro Castillo,Retiro,14832.43,2026-11-02,15:10:03,Anulada
TX-000143,004-171942,Miguel Castro,Retiro,8799.88,2026-11-12,18:12:10,Rechazada
TX-000144,006-911984,Maria Soto,Transferencia,4166.35,2026-02-26,04:35:22,Rechazada
TX-000145,009-362829,Rosa Herrera,Retiro,1657.80,2026-12-03,11:52:46,Aprobada
TX-000146,003-115582,Pedro Castillo,Retiro,8836.91,2026-01-07,03:05:25,Rechazada
TX-000147,005-154944,Maria Soto,PagoServicio,7896.02,2026-10-17,14:06:14,Aprobada
TX-000148,008-570050,Rosa Herrera,Deposito,7703.44,2026-02-12,08:27:25,Observada
TX-000149,009-332311,Diego Flores,Transferencia,10911.37,2026-12-19,22:10:46,Anulada
TX-000150,005-580292,Camila Ruiz,Transferencia,921.77,2026-07-06,00:26:05,Observada
TX-000151,007-819425,Luis Ramos,PagoServicio,10688.90,2026-06-22,06:18:02,Aprobada
TX-000152,002-437758,Diego Flores,Retiro,994.58,2026-04-17,19:20:05,Anulada
TX-000153,009-846746,Pedro Castillo,PagoServicio,14919.47,2026-07-26,01:08:53,Pendiente
TX-000154,008-630108,Diego Flores,PagoServicio,1496.69,2026-09-30,13:03:29,Aprobada
TX-000155,009-855855,Miguel Castro,Retiro,6456.75,2026-12-11,21:36:29,Rechazada
TX-000156,007-455395,Miguel Castro,PagoServicio,5986.97,2026-10-11,08:28:53,Aprobada
TX-000157,006-547494,Pedro Castillo,Deposito,5620.77,2026-03-01,06:41:52,Observada
TX-000158,002-195656,Miguel Castro,Transferencia,1407.52,2026-02-07,12:02:44,Pendiente
TX-000159,003-683397,Ana Torres,Deposito,10053.50,2026-06-09,13:00:50,Pendiente
TX-000160,007-856086,Ana Torres,Deposito,9010.15,2026-05-17,13:34:48,Aprobada
TX-000161,009-323072,Maria Soto,PagoServicio,3371.43,2026-02-12,00:40:06,Pendiente
TX-000162,009-485415,Luis Ramos,Deposito,8615.76,2026-11-10,11:50:54,Observada
TX-000163,009-904711,Miguel Castro,Transferencia,9138.83,2026-09-13,11:25:53,Pendiente
TX-000164,001-289179,Lucia Vega,Deposito,13823.85,2026-05-17,07:46:31,Aprobada
TX-000165,003-250210,Diego Flores,PagoServicio,1053.09,2026-10-15,18:19:55,Aprobada
TX-000166,002-882354,Valeria Leon,Retiro,5649.15,2026-06-26,04:17:06,Pendiente
TX-000167,003-488028,Lucia Vega,Deposito,11654.77,2026-08-09,10:21:19,Anulada
TX-000168,002-155164,Maria Soto,Retiro,11318.99,2026-01-20,07:49:12,Aprobada
TX-000169,005-564637,Camila Ruiz,PagoServicio,7290.07,2026-06-21,16:09:01,Observada
TX-000170,005-326040,Rosa Herrera,Transferencia,5184.14,2026-02-13,01:34:03,Pendiente
TX-000171,008-652530,Camila Ruiz,Deposito,690.81,2026-06-03,12:07:18,Anulada
TX-000172,001-108060,Carlos Perez,Deposito,14180.41,2026-10-26,00:12:57,Rechazada
TX-000173,005-403507,Pedro Castillo,Transferencia,125.87,2026-10-18,02:40:34,Observada
TX-000174,003-235461,Sofia Rojas,Retiro,7508.93,2026-11-20,15:25:26,Pendiente
TX-000175,002-516359,Miguel Castro,Transferencia,6548.93,2026-06-28,13:13:12,Aprobada
TX-000176,006-703727,Sofia Rojas,PagoServicio,10645.39,2026-06-12,05:11:23,Pendiente
TX-000177,002-524707,Ana Torres,Deposito,2586.38,2026-08-29,01:20:42,Observada
TX-000178,006-192410,Sofia Rojas,Transferencia,3657.31,2026-08-17,16:40:41,Observada
TX-000179,009-182467,Sofia Rojas,Deposito,11189.61,2026-03-28,01:12:04,Pendiente
TX-000180,003-180089,Valeria Leon,Transferencia,7963.77,2026-03-17,07:18:48,Pendiente
TX-000181,006-862712,Miguel Castro,Retiro,3551.67,2026-02-26,20:57:32,Pendiente
TX-000182,004-281926,Diego Flores,Retiro,11405.63,2026-09-12,13:47:12,Aprobada
TX-000183,003-910389,Camila Ruiz,PagoServicio,6964.66,2026-08-07,22:23:43,Anulada
TX-000184,008-814220,Elena Vargas,Deposito,12965.06,2026-09-01,14:05:23,Pendiente
TX-000185,003-561124,Luis Ramos,PagoServicio,6638.70,2026-04-28,14:29:27,Pendiente
TX-000186,001-469038,Valeria Leon,Transferencia,4663.01,2026-06-25,12:08:33,Aprobada
TX-000187,001-486649,Miguel Castro,Deposito,1160.20,2026-12-02,15:23:38,Aprobada
TX-000188,009-503159,Jorge Medina,Transferencia,6751.51,2026-11-11,12:01:53,Anulada
TX-000189,004-437145,Diego Flores,PagoServicio,7525.50,2026-01-25,00:42:16,Observada
TX-000190,002-950360,Elena Vargas,Deposito,14735.96,2026-02-02,18:00:16,Anulada
TX-000191,003-141043,Carlos Perez,PagoServicio,14864.88,2026-07-23,12:40:22,Anulada
TX-000192,003-481574,Pedro Castillo,Deposito,5817.37,2026-10-28,18:32:06,Pendiente
TX-000193,001-927564,Camila Ruiz,Deposito,998.02,2026-02-06,16:51:33,Anulada
TX-000194,007-397949,Lucia Vega,Retiro,5007.10,2026-08-15,07:31:33,Rechazada
TX-000195,006-425301,Camila Ruiz,PagoServicio,1942.99,2026-10-03,06:48:42,Aprobada
TX-000196,005-686072,Sofia Rojas,Deposito,12199.64,2026-09-18,05:56:15,Anulada
TX-000197,002-777406,Camila Ruiz,PagoServicio,7632.24,2026-01-08,01:55:15,Pendiente
TX-000198,005-289019,Carlos Perez,Deposito,14215.55,2026-07-08,20:22:24,Rechazada
TX-000199,004-244247,Maria Soto,Transferencia,4443.92,2026-11-03,01:48:44,Aprobada
TX-000200,009-908320,Valeria Leon,Transferencia,9932.32,2026-12-07,08:34:21,Anulada
TX-000201,003-726258,Sofia Rojas,Retiro,2442.09,2026-11-19,20:41:51,Anulada
TX-000202,003-856215,Jorge Medina,Transferencia,6168.77,2026-09-20,16:09:33,Rechazada
TX-000203,008-740255,Lucia Vega,PagoServicio,3517.70,2026-04-03,21:12:43,Pendiente
TX-000204,008-975679,Carlos Perez,Deposito,10177.82,2026-08-10,12:41:38,Observada
TX-000205,008-906814,Lucia Vega,PagoServicio,7548.57,2026-06-12,14:12:06,Rechazada
TX-000206,004-940181,Diego Flores,Retiro,13096.30,2026-01-21,06:21:03,Observada
TX-000207,006-681478,Elena Vargas,Transferencia,10673.90,2026-07-20,08:37:26,Aprobada
TX-000208,005-187949,Rosa Herrera,Retiro,4099.14,2026-12-18,14:03:55,Anulada
TX-000209,003-971415,Sofia Rojas,Transferencia,14196.73,2026-03-28,05:32:39,Observada
TX-000210,006-127965,Sofia Rojas,Transferencia,5952.84,2026-05-26,05:34:25,Rechazada
TX-000211,007-185569,Pedro Castillo,Retiro,432.53,2026-12-28,11:55:34,Aprobada
TX-000212,006-929822,Maria Soto,Retiro,584.16,2026-12-23,06:45:07,Observada
TX-000213,003-895702,Fernando Diaz,PagoServicio,6734.54,2026-01-03,00:56:40,Aprobada
TX-000214,001-368355,Carlos Perez,Retiro,8236.58,2026-10-10,10:19:10,Anulada
TX-000215,009-543814,Luis Ramos,Deposito,3572.23,2026-02-17,07:42:32,Aprobada
TX-000216,004-540218,Camila Ruiz,PagoServicio,951.48,2026-11-21,22:29:41,Observada
TX-000217,009-117233,Camila Ruiz,Retiro,10780.98,2026-04-24,02:51:06,Observada
TX-000218,001-744674,Pedro Castillo,Retiro,8564.25,2026-03-14,17:53:31,Aprobada
TX-000219,009-478120,Luis Ramos,Transferencia,5862.90,2026-07-02,13:58:35,Aprobada
TX-000220,007-491435,Lucia Vega,Transferencia,5362.84,2026-01-27,05:42:02,Pendiente
TX-000221,004-868544,Camila Ruiz,Transferencia,11574.81,2026-10-13,12:26:21,Pendiente
TX-000222,003-146489,Pedro Castillo,Deposito,12204.50,2026-03-09,23:56:56,Observada
TX-000223,008-762423,Maria Soto,Retiro,955.88,2026-10-29,10:37:07,Observada
TX-000224,001-407696,Carlos Perez,Transferencia,11868.73,2026-12-11,00:09:53,Aprobada
TX-000225,006-425138,Valeria Leon,PagoServicio,14836.95,2026-07-30,21:24:46,Observada
TX-000226,005-138399,Rosa Herrera,Retiro,4298.80,2026-12-01,19:42:48,Aprobada
TX-000227,006-386488,Luis Ramos,Deposito,6559.90,2026-06-05,08:28:23,Observada
TX-000228,007-455505,Maria Soto,PagoServicio,10384.11,2026-05-23,15:55:17,Anulada
TX-000229,005-940064,Luis Ramos,PagoServicio,1193.12,2026-08-22,23:16:18,Rechazada
TX-000230,009-408036,Pedro Castillo,Transferencia,1210.23,2026-09-14,16:12:49,Pendiente
TX-000231,005-567576,Diego Flores,PagoServicio,2508.01,2026-06-22,09:31:33,Pendiente
TX-000232,008-144412,Fernando Diaz,Deposito,9226.62,2026-06-18,21:56:21,Pendiente
TX-000233,001-178686,Camila Ruiz,PagoServicio,5456.03,2026-11-08,02:45:20,Rechazada
TX-000234,001-249715,Miguel Castro,PagoServicio,531.64,2026-01-27,02:39:37,Rechazada
TX-000235,006-479742,Sofia Rojas,Transferencia,9080.37,2026-09-21,17:19:01,Observada
TX-000236,006-490084,Jorge Medina,Transferencia,8613.09,2026-07-25,14:55:25,Pendiente
TX-000237,007-429657,Camila Ruiz,Deposito,3751.68,2026-02-14,01:25:03,Aprobada
TX-000238,003-623285,Valeria Leon,PagoServicio,13704.00,2026-02-15,17:36:43,Pendiente
TX-000239,005-838237,Jorge Medina,Retiro,14945.51,2026-04-21,21:46:09,Observada
TX-000240,004-228594,Maria Soto,Transferencia,6786.12,2026-12-16,00:17:44,Observada
TX-000241,002-949884,Camila Ruiz,Deposito,10020.92,2026-10-03,13:23:48,Aprobada
TX-000242,009-668507,Lucia Vega,Deposito,12771.92,2026-10-04,10:32:30,Rechazada
TX-000243,006-633469,Carlos Perez,Transferencia,14777.14,2026-11-04,14:35:13,Rechazada
TX-000244,004-928766,Jorge Medina,Transferencia,5419.84,2026-08-11,06:00:43,Pendiente
TX-000245,008-942700,Valeria Leon,Retiro,9183.11,2026-02-03,11:35:11,Aprobada
TX-000246,005-517500,Fernando Diaz,PagoServicio,7890.18,2026-10-26,17:07:59,Observada
TX-000247,002-231414,Pedro Castillo,Transferencia,6755.12,2026-09-22,03:04:30,Anulada
TX-000248,006-234568,Elena Vargas,Retiro,11519.05,2026-02-20,02:40:27,Observada
TX-000249,009-158104,Miguel Castro,Transferencia,7776.35,2026-04-29,02:38:46,Rechazada
TX-000250,003-438334,Elena Vargas,Retiro,5196.89,2026-07-21,12:28:40,Pendiente
TX-000251,002-362778,Carlos Perez,Deposito,1886.30,2026-04-28,14:31:47,Anulada
TX-000252,009-197966,Valeria Leon,Retiro,8881.21,2026-08-14,12:01:03,Rechazada
TX-000253,003-790731,Diego Flores,Deposito,12639.52,2026-08-07,21:18:03,Aprobada
TX-000254,001-185168,Ana Torres,Deposito,9770.44,2026-10-25,20:34:33,Anulada
TX-000255,007-748133,Camila Ruiz,Transferencia,7475.59,2026-09-01,13:35:32,Anulada
TX-000256,005-773088,Lucia Vega,PagoServicio,3680.72,2026-11-10,13:02:27,Observada
TX-000257,005-575575,Luis Ramos,Transferencia,2379.63,2026-06-11,09:52:31,Observada
TX-000258,008-313933,Pedro Castillo,Retiro,4695.61,2026-10-06,23:37:38,Pendiente
TX-000259,006-518084,Maria Soto,Deposito,7729.55,2026-02-11,05:42:21,Pendiente
TX-000260,004-589131,Luis Ramos,Deposito,6749.44,2026-02-24,17:04:29,Aprobada
TX-000261,001-404309,Sofia Rojas,PagoServicio,3731.57,2026-12-03,01:15:01,Rechazada
TX-000262,006-705748,Fernando Diaz,Deposito,2855.61,2026-03-03,21:10:44,Observada
TX-000263,009-589491,Jorge Medina,Deposito,7465.58,2026-02-04,23:19:06,Observada
TX-000264,009-579441,Carlos Perez,Retiro,8754.33,2026-01-19,21:31:36,Aprobada
TX-000265,005-618934,Diego Flores,PagoServicio,4293.37,2026-01-04,04:13:08,Aprobada
TX-000266,007-240440,Elena Vargas,Deposito,10915.35,2026-10-24,15:39:39,Observada
TX-000267,006-147440,Sofia Rojas,Transferencia,8558.52,2026-03-17,14:19:08,Pendiente
TX-000268,009-402620,Luis Ramos,PagoServicio,7568.79,2026-10-24,20:45:45,Anulada
TX-000269,005-965401,Diego Flores,Transferencia,1938.66,2026-02-07,13:08:12,Observada
TX-000270,006-933510,Pedro Castillo,Deposito,11326.93,2026-03-19,07:21:14,Anulada
TX-000271,009-520884,Valeria Leon,Transferencia,689.10,2026-02-23,05:16:17,Pendiente
TX-000272,008-644559,Jorge Medina,Retiro,9097.85,2026-07-20,04:51:42,Rechazada
TX-000273,006-742848,Pedro Castillo,Retiro,5900.39,2026-08-28,10:12:03,Pendiente
TX-000274,006-631958,Miguel Castro,PagoServicio,10634.01,2026-04-27,10:15:02,Observada
TX-000275,001-486251,Pedro Castillo,Transferencia,14698.67,2026-08-15,16:29:53,Pendiente
TX-000276,001-725905,Jorge Medina,Deposito,14506.39,2026-11-01,01:11:38,Anulada
TX-000277,004-856442,Ana Torres,PagoServicio,2565.98,2026-09-02,06:56:24,Anulada
TX-000278,007-254954,Miguel Castro,Retiro,483.24,2026-09-30,01:19:41,Aprobada
TX-000279,004-119857,Jorge Medina,Deposito,6287.52,2026-06-10,09:04:01,Rechazada
TX-000280,007-626195,Rosa Herrera,PagoServicio,13093.54,2026-10-13,18:30:01,Aprobada
TX-000281,003-643878,Carlos Perez,Deposito,14971.86,2026-07-05,18:44:26,Anulada
TX-000282,007-428993,Maria Soto,PagoServicio,13682.74,2026-05-13,22:43:08,Anulada
TX-000283,006-808699,Rosa Herrera,Deposito,9155.05,2026-03-16,16:01:54,Rechazada
TX-000284,005-685196,Lucia Vega,Retiro,14122.87,2026-04-26,13:58:07,Pendiente
TX-000285,004-823769,Fernando Diaz,PagoServicio,4762.44,2026-05-16,11:04:52,Anulada
TX-000286,005-401769,Luis Ramos,PagoServicio,13437.45,2026-06-03,05:18:32,Pendiente
TX-000287,003-404561,Ana Torres,Deposito,14330.15,2026-01-31,16:36:27,Pendiente
TX-000288,008-787836,Lucia Vega,PagoServicio,3217.66,2026-11-18,13:04:09,Anulada
TX-000289,005-689318,Fernando Diaz,Deposito,2067.72,2026-08-28,02:31:33,Anulada
TX-000290,004-354235,Ana Torres,Retiro,9572.79,2026-01-21,09:15:09,Aprobada
TX-000291,007-446337,Fernando Diaz,PagoServicio,1517.17,2026-10-27,08:03:37,Rechazada
TX-000292,001-677086,Elena Vargas,Retiro,6109.54,2026-12-30,03:07:50,Observada
TX-000293,008-782139,Carlos Perez,Deposito,4824.30,2026-09-08,20:12:17,Aprobada
TX-000294,002-783984,Diego Flores,Retiro,8031.93,2026-10-08,19:56:42,Aprobada
TX-000295,003-538184,Elena Vargas,Retiro,14009.50,2026-01-15,02:42:42,Observada
TX-000296,008-295361,Elena Vargas,Deposito,13152.38,2026-01-04,14:22:34,Pendiente
TX-000297,002-451317,Lucia Vega,PagoServicio,14836.60,2026-07-30,23:55:39,Anulada
TX-000298,008-240718,Miguel Castro,PagoServicio,4099.83,2026-11-11,02:41:30,Aprobada
TX-000299,006-270387,Fernando Diaz,PagoServicio,9727.80,2026-10-07,01:49:13,Rechazada
TX-000300,001-872399,Pedro Castillo,Deposito,8521.04,2026-10-22,02:23:12,Rechazada
TX-000301,003-740632,Miguel Castro,PagoServicio,12406.58,2026-07-20,02:45:49,Pendiente
TX-000302,002-520304,Camila Ruiz,Transferencia,2779.87,2026-02-24,14:35:51,Observada
TX-000303,006-360096,Ana Torres,Deposito,5759.78,2026-06-23,11:52:36,Pendiente
TX-000304,006-416613,Diego Flores,Transferencia,3930.68,2026-05-20,15:16:06,Rechazada
TX-000305,001-800224,Luis Ramos,PagoServicio,4609.03,2026-06-07,10:45:24,Anulada
TX-000306,005-823821,Luis Ramos,Deposito,5519.48,2026-03-27,18:27:50,Rechazada
TX-000307,003-601410,Maria Soto,PagoServicio,11218.55,2026-08-24,05:53:46,Pendiente
TX-000308,007-836038,Valeria Leon,PagoServicio,11362.68,2026-11-08,11:08:06,Rechazada
TX-000309,004-813390,Rosa Herrera,Transferencia,7887.34,2026-07-25,02:55:49,Pendiente
TX-000310,002-691573,Luis Ramos,Transferencia,12433.32,2026-12-17,15:31:39,Anulada
TX-000311,004-700521,Valeria Leon,Retiro,2476.41,2026-11-28,20:23:12,Anulada
TX-000312,008-221886,Camila Ruiz,Retiro,10756.60,2026-07-09,20:12:24,Aprobada
TX-000313,009-567122,Rosa Herrera,Transferencia,6806.95,2026-07-19,07:48:59,Observada
TX-000314,008-691303,Ana Torres,PagoServicio,10094.79,2026-04-30,16:20:54,Aprobada
TX-000315,007-366817,Miguel Castro,Transferencia,11189.61,2026-08-13,14:15:06,Aprobada
TX-000316,001-544278,Pedro Castillo,Transferencia,8122.04,2026-01-24,09:37:23,Aprobada
TX-000317,008-133276,Lucia Vega,PagoServicio,2707.92,2026-02-22,14:17:18,Observada
TX-000318,006-501058,Jorge Medina,PagoServicio,5640.93,2026-09-23,03:30:29,Anulada
TX-000319,003-785280,Miguel Castro,Deposito,1788.31,2026-07-28,15:36:43,Observada
TX-000320,009-233533,Fernando Diaz,Retiro,12523.98,2026-10-21,16:06:10,Aprobada
TX-000321,005-585494,Camila Ruiz,PagoServicio,7983.68,2026-11-16,18:16:31,Rechazada
TX-000322,004-583000,Pedro Castillo,Retiro,4141.99,2026-12-31,01:17:52,Aprobada
TX-000323,001-948799,Camila Ruiz,PagoServicio,9227.70,2026-12-30,14:22:11,Aprobada
TX-000324,004-316092,Luis Ramos,Transferencia,8913.22,2026-06-23,09:07:56,Anulada
TX-000325,001-356622,Fernando Diaz,Transferencia,6039.96,2026-04-02,00:12:01,Anulada
TX-000326,004-891030,Miguel Castro,Transferencia,2110.63,2026-04-23,08:07:50,Rechazada
TX-000327,006-705526,Diego Flores,Deposito,3561.19,2026-12-07,07:19:10,Rechazada
TX-000328,009-331780,Sofia Rojas,Deposito,4134.56,2026-08-05,04:59:20,Anulada
TX-000329,003-756401,Camila Ruiz,PagoServicio,8342.20,2026-01-19,04:59:29,Pendiente
TX-000330,007-923975,Valeria Leon,Deposito,10447.66,2026-06-08,13:15:04,Rechazada
TX-000331,005-494747,Maria Soto,PagoServicio,3622.11,2026-03-29,12:21:48,Pendiente
TX-000332,003-944917,Jorge Medina,Transferencia,8440.17,2026-06-11,18:08:04,Anulada
TX-000333,009-240606,Sofia Rojas,Retiro,3832.38,2026-05-09,06:16:27,Aprobada
TX-000334,008-988283,Pedro Castillo,Transferencia,8039.18,2026-11-19,02:37:36,Rechazada
TX-000335,001-381502,Sofia Rojas,Transferencia,13105.57,2026-03-15,01:48:32,Anulada
TX-000336,009-327558,Jorge Medina,Retiro,13043.41,2026-05-10,07:27:08,Pendiente
TX-000337,001-322096,Elena Vargas,Retiro,14431.54,2026-02-15,13:27:58,Observada
TX-000338,004-829417,Diego Flores,Retiro,5955.51,2026-04-03,22:43:34,Anulada
TX-000339,006-913185,Lucia Vega,PagoServicio,6999.09,2026-09-09,22:31:16,Pendiente
TX-000340,005-374267,Pedro Castillo,PagoServicio,6995.40,2026-11-08,18:47:35,Observada
TX-000341,006-312994,Pedro Castillo,Deposito,6214.81,2026-08-07,11:06:37,Rechazada
TX-000342,003-117007,Lucia Vega,PagoServicio,4434.93,2026-03-18,04:38:23,Pendiente
TX-000343,004-498290,Diego Flores,Retiro,7494.53,2026-09-12,05:23:18,Pendiente
TX-000344,005-900441,Miguel Castro,PagoServicio,14497.96,2026-09-07,05:01:32,Observada
TX-000345,008-276405,Fernando Diaz,Deposito,2547.29,2026-10-07,17:48:31,Anulada
TX-000346,008-292988,Elena Vargas,Transferencia,7863.93,2026-11-22,20:41:06,Aprobada
TX-000347,001-901467,Ana Torres,PagoServicio,2071.00,2026-09-02,22:33:55,Rechazada
TX-000348,002-841521,Maria Soto,Transferencia,3288.61,2026-06-27,02:19:05,Pendiente
TX-000349,001-747847,Camila Ruiz,PagoServicio,9892.67,2026-01-07,02:37:50,Aprobada
TX-000350,009-678440,Sofia Rojas,Transferencia,260.72,2026-10-08,11:19:26,Pendiente
TX-000351,009-400614,Ana Torres,PagoServicio,12094.45,2026-12-20,07:42:08,Rechazada
TX-000352,002-200992,Valeria Leon,Retiro,3622.12,2026-08-29,16:46:34,Anulada
TX-000353,005-954814,Pedro Castillo,Deposito,11926.10,2026-01-31,16:30:45,Pendiente
TX-000354,007-581294,Diego Flores,Retiro,14853.59,2026-03-29,17:08:31,Pendiente
TX-000355,002-785491,Miguel Castro,Transferencia,1411.57,2026-05-28,06:59:48,Observada
TX-000356,009-599127,Ana Torres,Transferencia,10545.65,2026-02-02,02:41:25,Observada
TX-000357,007-776234,Rosa Herrera,Deposito,8492.19,2026-11-30,04:46:10,Aprobada
TX-000358,009-144618,Carlos Perez,Retiro,13520.08,2026-09-26,20:35:20,Anulada
TX-000359,008-384263,Ana Torres,Transferencia,10269.59,2026-04-19,21:15:57,Anulada
TX-000360,001-288066,Elena Vargas,Deposito,244.71,2026-03-22,10:51:12,Anulada
TX-000361,003-888795,Miguel Castro,PagoServicio,13933.84,2026-04-27,05:27:46,Rechazada
TX-000362,004-694223,Miguel Castro,PagoServicio,10158.75,2026-07-29,22:24:25,Pendiente
TX-000363,007-892313,Fernando Diaz,Retiro,11859.57,2026-09-25,16:50:23,Aprobada
TX-000364,009-881667,Pedro Castillo,Transferencia,1474.31,2026-04-01,03:44:20,Aprobada
TX-000365,006-734565,Rosa Herrera,PagoServicio,14534.12,2026-05-07,18:03:03,Aprobada
TX-000366,005-921609,Jorge Medina,PagoServicio,3429.79,2026-08-03,18:41:06,Observada
TX-000367,007-294760,Camila Ruiz,PagoServicio,1294.55,2026-08-29,05:55:04,Pendiente
TX-000368,004-847748,Luis Ramos,Transferencia,4026.90,2026-05-28,13:51:23,Rechazada
TX-000369,007-432061,Pedro Castillo,Transferencia,1381.89,2026-04-30,17:15:39,Observada
TX-000370,006-898329,Lucia Vega,Transferencia,1996.28,2026-03-14,18:37:04,Observada
TX-000371,008-684041,Valeria Leon,PagoServicio,1558.36,2026-02-04,19:18:29,Pendiente
TX-000372,009-197584,Diego Flores,Deposito,12957.14,2026-01-05,19:01:22,Pendiente
TX-000373,007-506637,Rosa Herrera,Transferencia,10875.41,2026-08-06,07:15:30,Rechazada
TX-000374,009-277820,Camila Ruiz,PagoServicio,2550.83,2026-04-15,10:30:23,Pendiente
TX-000375,005-617077,Maria Soto,Transferencia,2516.44,2026-04-18,04:09:03,Observada
TX-000376,005-607753,Rosa Herrera,Transferencia,5423.26,2026-04-06,18:23:09,Observada
TX-000377,004-580102,Luis Ramos,Retiro,4576.82,2026-06-03,16:06:59,Pendiente
TX-000378,007-943135,Miguel Castro,Deposito,6608.94,2026-06-17,05:38:02,Anulada
TX-000379,003-415029,Pedro Castillo,Retiro,7190.36,2026-03-10,23:41:57,Observada
TX-000380,006-405605,Fernando Diaz,PagoServicio,14516.77,2026-10-31,16:31:45,Rechazada
TX-000381,006-494322,Lucia Vega,PagoServicio,5481.58,2026-12-28,23:29:43,Anulada
TX-000382,004-720995,Valeria Leon,Retiro,10228.87,2026-08-02,15:17:44,Aprobada
TX-000383,008-842776,Carlos Perez,PagoServicio,11967.31,2026-11-19,20:06:28,Aprobada
TX-000384,007-805668,Jorge Medina,Retiro,9503.71,2026-04-04,23:48:02,Pendiente
TX-000385,003-849979,Sofia Rojas,PagoServicio,1118.74,2026-08-21,05:08:50,Observada
TX-000386,007-660324,Valeria Leon,PagoServicio,8159.24,2026-11-04,02:03:11,Pendiente
TX-000387,009-722665,Camila Ruiz,Transferencia,1649.45,2026-04-07,09:40:49,Pendiente
TX-000388,003-778428,Diego Flores,Transferencia,8452.67,2026-09-08,12:07:35,Observada
TX-000389,006-934908,Sofia Rojas,Transferencia,168.11,2026-04-11,11:36:59,Rechazada
TX-000390,009-883132,Valeria Leon,Retiro,6692.22,2026-06-01,21:38:04,Observada
TX-000391,009-258067,Pedro Castillo,Transferencia,7246.74,2026-04-25,17:37:40,Observada
TX-000392,002-221707,Miguel Castro,Retiro,5231.45,2026-05-14,05:36:47,Observada
TX-000393,004-646428,Jorge Medina,Deposito,7147.68,2026-06-20,04:00:09,Observada
TX-000394,006-170437,Lucia Vega,Transferencia,12154.69,2026-02-14,16:40:20,Aprobada
TX-000395,006-779445,Luis Ramos,Retiro,13949.54,2026-10-15,13:51:44,Rechazada
TX-000396,009-282927,Valeria Leon,Retiro,4971.53,2026-06-15,14:03:02,Observada
TX-000397,004-936507,Sofia Rojas,Retiro,2803.94,2026-09-13,06:33:13,Observada
TX-000398,007-130610,Fernando Diaz,Retiro,6749.13,2026-06-16,19:43:21,Observada
TX-000399,001-838968,Carlos Perez,Retiro,4182.39,2026-10-01,07:30:58,Aprobada
TX-000400,002-938338,Miguel Castro,Retiro,5493.24,2026-03-18,12:51:55,Observada
TX-000401,002-375097,Camila Ruiz,PagoServicio,7920.45,2026-09-06,04:55:25,Pendiente
TX-000402,007-741003,Sofia Rojas,Transferencia,5225.39,2026-11-25,08:47:49,Observada
TX-000403,003-953266,Camila Ruiz,Deposito,13781.05,2026-08-18,04:46:04,Aprobada
TX-000404,003-428399,Luis Ramos,Retiro,4587.65,2026-03-13,02:05:54,Pendiente
TX-000405,003-635638,Sofia Rojas,PagoServicio,8950.42,2026-08-12,05:34:50,Observada
TX-000406,007-294776,Jorge Medina,Retiro,8328.14,2026-07-10,03:47:40,Pendiente
TX-000407,003-296187,Pedro Castillo,PagoServicio,9294.96,2026-12-03,03:15:06,Pendiente
TX-000408,001-608149,Maria Soto,Retiro,12230.09,2026-08-07,02:19:27,Anulada
TX-000409,008-529008,Camila Ruiz,PagoServicio,6240.30,2026-11-23,04:21:32,Observada
TX-000410,008-275377,Luis Ramos,Transferencia,11940.25,2026-03-27,15:29:02,Pendiente
TX-000411,001-388204,Carlos Perez,Deposito,2531.45,2026-06-27,14:32:39,Anulada
TX-000412,008-676429,Valeria Leon,Transferencia,8594.98,2026-04-15,00:54:20,Anulada
TX-000413,006-668373,Miguel Castro,Transferencia,11402.46,2026-06-21,09:50:04,Anulada
TX-000414,004-545807,Luis Ramos,Retiro,4472.66,2026-01-13,12:24:32,Observada
TX-000415,005-465509,Miguel Castro,Transferencia,6591.66,2026-02-15,14:07:01,Rechazada
TX-000416,004-950083,Fernando Diaz,Deposito,12917.12,2026-08-26,00:03:08,Observada
TX-000417,003-746081,Maria Soto,Retiro,12204.81,2026-11-09,19:14:58,Aprobada
TX-000418,006-658136,Lucia Vega,Retiro,4861.57,2026-10-01,10:15:24,Pendiente
TX-000419,005-700556,Lucia Vega,Transferencia,2042.48,2026-10-19,07:23:02,Observada
TX-000420,001-390794,Miguel Castro,Retiro,10524.38,2026-02-21,12:46:06,Rechazada
TX-000421,003-845951,Pedro Castillo,Retiro,11424.49,2026-09-20,14:57:46,Observada
TX-000422,008-249077,Diego Flores,Deposito,9420.91,2026-05-26,16:51:34,Observada
TX-000423,002-764406,Rosa Herrera,Transferencia,6048.73,2026-10-19,04:39:53,Pendiente
TX-000424,006-576782,Jorge Medina,Deposito,8733.51,2026-12-04,10:48:26,Aprobada
TX-000425,008-765678,Camila Ruiz,Deposito,12753.09,2026-11-06,00:15:20,Anulada
TX-000426,007-328411,Sofia Rojas,Retiro,7425.78,2026-05-06,09:19:16,Pendiente
TX-000427,006-673896,Diego Flores,Retiro,8496.47,2026-07-08,11:40:37,Pendiente
TX-000428,001-148174,Luis Ramos,PagoServicio,254.06,2026-12-27,22:56:32,Rechazada
TX-000429,008-578693,Ana Torres,PagoServicio,3042.75,2026-09-25,10:08:29,Rechazada
TX-000430,005-266699,Miguel Castro,Deposito,1409.17,2026-05-20,23:30:04,Pendiente
TX-000431,002-489906,Camila Ruiz,Retiro,786.29,2026-08-31,23:03:16,Pendiente
TX-000432,004-550081,Camila Ruiz,Transferencia,10558.43,2026-01-01,10:07:30,Rechazada
TX-000433,008-181724,Maria Soto,Retiro,7796.47,2026-06-22,20:19:26,Aprobada
TX-000434,001-829386,Pedro Castillo,Transferencia,14822.44,2026-06-14,00:15:04,Rechazada
TX-000435,008-174268,Carlos Perez,PagoServicio,1349.07,2026-11-10,00:03:43,Aprobada
TX-000436,002-428572,Pedro Castillo,Deposito,2065.57,2026-10-28,09:10:27,Rechazada
TX-000437,003-171734,Valeria Leon,Transferencia,9158.69,2026-03-05,17:40:37,Observada
TX-000438,006-857524,Carlos Perez,Retiro,13799.21,2026-08-28,06:14:40,Observada
TX-000439,004-190898,Elena Vargas,Transferencia,2108.80,2026-02-17,19:54:30,Anulada
TX-000440,007-468611,Sofia Rojas,Deposito,11868.24,2026-04-07,05:32:11,Pendiente
TX-000441,002-360221,Valeria Leon,Deposito,11686.76,2026-09-26,03:42:12,Aprobada
TX-000442,005-315425,Valeria Leon,Retiro,11220.18,2026-04-25,18:39:05,Aprobada
TX-000443,004-618927,Sofia Rojas,Transferencia,3623.82,2026-09-05,19:21:30,Anulada
TX-000444,002-653948,Elena Vargas,Transferencia,14803.37,2026-12-29,16:48:22,Pendiente
TX-000445,003-505629,Miguel Castro,PagoServicio,5487.53,2026-09-23,05:28:52,Rechazada
TX-000446,008-907788,Luis Ramos,Transferencia,8814.58,2026-01-06,08:33:50,Pendiente
TX-000447,004-141761,Elena Vargas,Transferencia,14230.71,2026-06-04,13:23:45,Anulada
TX-000448,005-759104,Fernando Diaz,PagoServicio,6359.39,2026-06-06,05:29:50,Aprobada
TX-000449,009-663772,Diego Flores,Retiro,4169.24,2026-05-01,08:32:29,Aprobada
TX-000450,009-313068,Rosa Herrera,Retiro,8050.49,2026-06-01,17:52:53,Anulada
TX-000451,002-425236,Fernando Diaz,PagoServicio,10952.08,2026-11-25,17:39:16,Rechazada
TX-000452,001-356355,Luis Ramos,PagoServicio,1748.64,2026-08-26,19:01:11,Anulada
TX-000453,001-424314,Camila Ruiz,Retiro,1800.45,2026-10-02,22:06:42,Rechazada
TX-000454,001-271790,Jorge Medina,Deposito,7849.85,2026-11-01,01:58:07,Pendiente
TX-000455,003-489933,Maria Soto,Deposito,10996.71,2026-02-15,20:22:06,Aprobada
TX-000456,006-946313,Sofia Rojas,Deposito,7862.57,2026-04-13,02:52:06,Anulada
TX-000457,002-620248,Jorge Medina,Deposito,841.03,2026-11-30,17:48:49,Anulada
TX-000458,003-485548,Maria Soto,Deposito,11602.20,2026-12-14,07:11:08,Anulada
TX-000459,002-339499,Fernando Diaz,Transferencia,670.13,2026-12-02,03:04:35,Aprobada
TX-000460,004-148215,Jorge Medina,Deposito,5750.86,2026-02-28,06:53:25,Rechazada
TX-000461,001-679720,Rosa Herrera,PagoServicio,3375.48,2026-04-07,09:58:50,Observada
TX-000462,006-384434,Miguel Castro,Transferencia,8577.32,2026-02-16,08:53:50,Anulada
TX-000463,001-288056,Carlos Perez,Transferencia,14311.65,2026-01-27,18:26:27,Observada
TX-000464,005-911102,Miguel Castro,Deposito,4916.24,2026-08-03,19:11:07,Observada
TX-000465,001-486839,Carlos Perez,Deposito,8461.46,2026-04-29,00:38:24,Anulada
TX-000466,004-586462,Pedro Castillo,PagoServicio,14966.83,2026-10-29,07:46:52,Rechazada
TX-000467,009-897423,Rosa Herrera,Retiro,2266.99,2026-12-29,02:34:29,Observada
TX-000468,001-344315,Valeria Leon,Deposito,9542.77,2026-09-27,07:31:23,Aprobada
TX-000469,006-101533,Rosa Herrera,PagoServicio,12736.60,2026-10-10,10:08:07,Pendiente
TX-000470,002-315161,Valeria Leon,Retiro,6303.04,2026-01-24,06:15:45,Rechazada
TX-000471,005-197545,Ana Torres,Retiro,13460.34,2026-07-21,20:30:25,Observada
TX-000472,006-580728,Fernando Diaz,Transferencia,8715.75,2026-07-16,06:55:41,Rechazada
TX-000473,007-178465,Diego Flores,Transferencia,6530.39,2026-02-20,18:17:22,Rechazada
TX-000474,005-373668,Miguel Castro,Deposito,13891.37,2026-06-02,14:35:03,Pendiente
TX-000475,006-574751,Lucia Vega,Retiro,1129.56,2026-03-20,17:25:07,Rechazada
TX-000476,002-262959,Luis Ramos,Retiro,6749.01,2026-05-02,23:00:08,Observada
TX-000477,002-661957,Pedro Castillo,Retiro,6784.24,2026-06-29,22:42:11,Pendiente
TX-000478,002-194813,Maria Soto,Deposito,12397.54,2026-09-28,15:22:24,Anulada
TX-000479,001-325465,Miguel Castro,Deposito,2233.37,2026-10-04,04:28:02,Rechazada
TX-000480,006-515492,Valeria Leon,Transferencia,10160.98,2026-04-12,00:55:48,Rechazada
TX-000481,001-524035,Miguel Castro,PagoServicio,8343.75,2026-08-02,15:29:54,Rechazada
TX-000482,002-584487,Luis Ramos,Retiro,1830.58,2026-01-24,22:47:54,Rechazada
TX-000483,003-307757,Miguel Castro,PagoServicio,5589.87,2026-09-02,18:47:56,Aprobada
TX-000484,005-952227,Luis Ramos,Transferencia,14957.45,2026-03-18,19:10:00,Observada
TX-000485,003-196446,Elena Vargas,Deposito,1846.69,2026-06-29,00:47:02,Aprobada
TX-000486,003-701761,Sofia Rojas,PagoServicio,7446.93,2026-05-29,15:17:48,Observada
TX-000487,003-471136,Carlos Perez,Retiro,4131.98,2026-06-23,05:07:40,Rechazada
TX-000488,001-743937,Diego Flores,Retiro,9712.70,2026-07-13,18:00:24,Observada
TX-000489,009-602300,Ana Torres,Transferencia,4203.84,2026-02-23,07:07:56,Observada
TX-000490,004-773870,Elena Vargas,Retiro,9465.01,2026-11-08,12:44:54,Anulada
TX-000491,001-501078,Rosa Herrera,Deposito,7200.47,2026-10-31,11:30:11,Observada
TX-000492,006-693128,Valeria Leon,Deposito,5831.84,2026-03-11,20:00:19,Aprobada
TX-000493,006-726121,Carlos Perez,Transferencia,13437.51,2026-10-30,08:30:09,Pendiente
TX-000494,001-947935,Jorge Medina,Deposito,11504.96,2026-04-01,09:30:00,Rechazada
TX-000495,002-359896,Camila Ruiz,Retiro,4005.24,2026-11-14,00:19:44,Aprobada
TX-000496,004-703656,Miguel Castro,PagoServicio,5328.52,2026-11-22,22:07:05,Rechazada
TX-000497,003-348041,Diego Flores,Deposito,12095.09,2026-09-28,22:21:03,Pendiente
TX-000498,001-837623,Fernando Diaz,Deposito,14213.91,2026-08-07,21:11:35,Rechazada
TX-000499,004-977340,Rosa Herrera,PagoServicio,8136.45,2026-03-10,04:18:27,Observada
TX-000500,001-194641,Ana Torres,Retiro,9028.93,2026-01-08,17:44:32,Anulada
TX-000501,008-100716,Pedro Castillo,Retiro,12098.62,2026-05-13,08:06:16,Rechazada
TX-000502,006-162448,Ana Torres,Retiro,8803.27,2026-12-23,05:08:55,Rechazada
TX-000503,002-987599,Valeria Leon,Deposito,14408.78,2026-05-26,02:07:06,Observada
TX-000504,002-452909,Lucia Vega,Deposito,2055.41,2026-03-03,04:02:33,Observada
TX-000505,008-780714,Pedro Castillo,Retiro,10610.67,2026-08-07,06:00:29,Anulada
TX-000506,006-334081,Camila Ruiz,Retiro,5681.98,2026-10-13,01:19:44,Pendiente
TX-000507,003-286340,Fernando Diaz,Transferencia,14232.33,2026-08-11,11:12:26,Observada
TX-000508,001-290926,Diego Flores,Deposito,13816.36,2026-08-26,10:29:07,Rechazada
TX-000509,002-620287,Maria Soto,Deposito,11182.70,2026-04-03,10:16:58,Pendiente
TX-000510,006-276042,Camila Ruiz,Transferencia,12326.71,2026-09-18,05:04:53,Pendiente
TX-000511,008-111949,Lucia Vega,Retiro,3750.62,2026-01-27,07:53:35,Pendiente
TX-000512,005-925250,Luis Ramos,Transferencia,731.73,2026-06-20,04:30:27,Observada
TX-000513,003-534130,Jorge Medina,PagoServicio,5274.96,2026-05-26,18:29:34,Aprobada
TX-000514,008-927043,Miguel Castro,Retiro,2448.22,2026-01-29,15:01:16,Aprobada
TX-000515,005-121053,Pedro Castillo,Deposito,14275.42,2026-01-29,19:35:52,Pendiente
TX-000516,003-493696,Maria Soto,Transferencia,8210.22,2026-12-15,19:07:26,Aprobada
TX-000517,006-722886,Diego Flores,PagoServicio,10570.52,2026-06-17,12:13:29,Rechazada
TX-000518,007-264735,Ana Torres,Transferencia,4973.11,2026-03-15,18:46:53,Observada
TX-000519,009-857111,Elena Vargas,Deposito,9912.36,2026-04-26,11:58:29,Rechazada
TX-000520,002-152046,Sofia Rojas,PagoServicio,2312.31,2026-05-21,03:10:09,Aprobada
TX-000521,007-191884,Lucia Vega,PagoServicio,3003.13,2026-01-10,23:52:26,Rechazada
TX-000522,003-769191,Lucia Vega,Transferencia,7108.82,2026-02-14,20:37:16,Pendiente
TX-000523,007-593821,Jorge Medina,Deposito,1376.14,2026-07-31,07:37:19,Observada
TX-000524,003-489043,Elena Vargas,PagoServicio,5547.33,2026-06-23,02:55:36,Aprobada
TX-000525,005-561101,Jorge Medina,Deposito,3401.37,2026-04-15,07:10:45,Anulada
TX-000526,001-258471,Rosa Herrera,Transferencia,1294.75,2026-05-14,12:22:04,Anulada
TX-000527,007-893202,Diego Flores,Retiro,8308.49,2026-11-23,12:47:51,Observada
TX-000528,009-538967,Valeria Leon,PagoServicio,8594.99,2026-04-02,12:20:34,Observada
TX-000529,005-182790,Sofia Rojas,Transferencia,7536.50,2026-12-16,16:50:58,Anulada
TX-000530,003-226124,Rosa Herrera,PagoServicio,2601.46,2026-03-06,22:05:19,Rechazada
TX-000531,004-232315,Ana Torres,PagoServicio,1184.74,2026-09-23,07:11:27,Observada
TX-000532,004-962520,Camila Ruiz,Retiro,12513.28,2026-04-11,03:40:30,Pendiente
TX-000533,002-191254,Sofia Rojas,PagoServicio,8285.29,2026-11-29,16:18:57,Pendiente
TX-000534,009-580412,Elena Vargas,Transferencia,11800.39,2026-08-30,23:19:14,Anulada
TX-000535,009-919656,Sofia Rojas,Transferencia,6222.49,2026-02-27,13:19:18,Anulada
TX-000536,002-210766,Diego Flores,Transferencia,11788.33,2026-12-03,21:27:19,Anulada
TX-000537,006-530849,Lucia Vega,PagoServicio,9825.27,2026-08-11,03:38:34,Anulada
TX-000538,008-139285,Maria Soto,Deposito,6050.58,2026-08-29,02:27:22,Anulada
TX-000539,007-140666,Sofia Rojas,Deposito,10360.80,2026-01-20,03:25:30,Observada
TX-000540,005-490532,Ana Torres,Deposito,12262.62,2026-04-28,16:40:36,Pendiente
TX-000541,005-983788,Jorge Medina,Transferencia,14587.72,2026-03-30,12:43:01,Rechazada
TX-000542,005-879850,Jorge Medina,Deposito,4048.61,2026-06-11,20:36:12,Anulada
TX-000543,002-297064,Jorge Medina,Retiro,13702.36,2026-06-08,03:06:10,Observada
TX-000544,009-492073,Miguel Castro,Transferencia,7733.89,2026-03-03,17:43:50,Aprobada
TX-000545,005-844037,Valeria Leon,PagoServicio,2043.39,2026-11-27,14:38:51,Anulada
TX-000546,001-282176,Carlos Perez,Retiro,12556.28,2026-04-07,21:25:04,Aprobada
TX-000547,008-153015,Elena Vargas,Deposito,10572.46,2026-04-17,09:39:19,Pendiente
TX-000548,008-629663,Sofia Rojas,Transferencia,10220.80,2026-04-04,23:01:35,Pendiente
TX-000549,008-722899,Jorge Medina,Retiro,14408.20,2026-07-04,07:25:39,Anulada
TX-000550,009-466749,Pedro Castillo,Retiro,12566.43,2026-04-11,10:53:06,Aprobada
TX-000551,005-128783,Sofia Rojas,Transferencia,2451.98,2026-08-11,05:49:54,Rechazada
TX-000552,004-778827,Carlos Perez,Retiro,4043.56,2026-06-09,00:53:01,Anulada
TX-000553,001-918207,Rosa Herrera,Transferencia,7116.72,2026-02-21,09:15:24,Rechazada
TX-000554,001-334639,Lucia Vega,Deposito,10693.98,2026-10-03,11:47:26,Pendiente
TX-000555,007-494763,Miguel Castro,Deposito,6890.38,2026-03-26,17:51:20,Observada
TX-000556,005-810091,Valeria Leon,PagoServicio,8771.46,2026-01-03,20:29:03,Anulada
TX-000557,006-688730,Camila Ruiz,Deposito,4484.15,2026-02-11,23:36:26,Observada
TX-000558,002-452618,Lucia Vega,Deposito,12923.76,2026-04-12,10:03:56,Pendiente
TX-000559,004-257212,Valeria Leon,Retiro,13496.31,2026-11-09,19:09:00,Anulada
TX-000560,007-792616,Pedro Castillo,Retiro,10822.04,2026-09-12,12:46:33,Observada
TX-000561,005-372028,Elena Vargas,PagoServicio,6074.94,2026-10-14,02:50:27,Aprobada
TX-000562,004-459836,Fernando Diaz,Retiro,10297.91,2026-09-05,21:30:49,Observada
TX-000563,006-631958,Lucia Vega,Retiro,12611.17,2026-12-07,09:31:24,Anulada
TX-000564,003-408054,Luis Ramos,PagoServicio,1927.88,2026-04-11,10:48:35,Anulada
TX-000565,003-812730,Elena Vargas,Deposito,9819.98,2026-03-28,07:33:10,Pendiente
TX-000566,004-880360,Miguel Castro,Deposito,6312.88,2026-12-11,09:58:51,Pendiente
TX-000567,006-373216,Diego Flores,Deposito,6961.77,2026-02-15,17:48:10,Observada
TX-000568,001-765213,Diego Flores,Transferencia,7088.57,2026-03-17,13:16:46,Anulada
TX-000569,002-813763,Sofia Rojas,Deposito,6202.48,2026-12-05,04:54:08,Rechazada
TX-000570,003-310026,Pedro Castillo,PagoServicio,14808.00,2026-12-13,17:55:10,Observada
TX-000571,003-431752,Miguel Castro,Retiro,11686.33,2026-07-09,08:34:58,Pendiente
TX-000572,003-428638,Camila Ruiz,Transferencia,80.66,2026-04-17,05:27:52,Rechazada
TX-000573,003-704272,Rosa Herrera,Retiro,7348.76,2026-10-24,12:58:49,Aprobada
TX-000574,003-744328,Sofia Rojas,PagoServicio,6056.87,2026-07-05,09:41:35,Observada
TX-000575,001-139557,Valeria Leon,Retiro,10962.58,2026-01-06,11:12:29,Pendiente
TX-000576,009-299834,Ana Torres,Transferencia,9404.04,2026-04-07,15:11:58,Rechazada
TX-000577,006-427252,Maria Soto,Transferencia,5759.42,2026-08-17,14:48:30,Pendiente
TX-000578,003-168458,Miguel Castro,Transferencia,4480.05,2026-04-23,22:42:41,Observada
TX-000579,009-725339,Valeria Leon,Deposito,6510.64,2026-09-24,17:15:17,Rechazada
TX-000580,006-613989,Pedro Castillo,Retiro,2481.60,2026-12-19,04:52:00,Observada
TX-000581,001-339513,Carlos Perez,Retiro,3175.74,2026-01-09,12:14:47,Anulada
TX-000582,009-277193,Luis Ramos,Deposito,10669.54,2026-11-04,15:09:36,Aprobada
TX-000583,007-771425,Lucia Vega,Transferencia,8912.92,2026-01-19,15:01:23,Aprobada
TX-000584,001-150578,Fernando Diaz,Transferencia,6257.47,2026-05-28,16:13:19,Aprobada
TX-000585,009-365015,Jorge Medina,Retiro,3090.37,2026-09-24,07:33:37,Aprobada
TX-000586,005-541315,Camila Ruiz,Transferencia,9940.62,2026-04-15,20:22:09,Anulada
TX-000587,003-539170,Miguel Castro,Transferencia,7678.66,2026-08-28,21:21:44,Aprobada
TX-000588,005-219550,Rosa Herrera,Transferencia,7471.11,2026-08-25,12:18:29,Rechazada
TX-000589,005-971889,Valeria Leon,Retiro,5375.25,2026-06-09,03:12:17,Pendiente
TX-000590,003-141319,Valeria Leon,PagoServicio,13656.25,2026-09-25,06:31:31,Observada
TX-000591,006-345896,Ana Torres,Transferencia,10077.78,2026-12-19,04:44:04,Aprobada
TX-000592,008-256389,Luis Ramos,Transferencia,10856.22,2026-02-09,08:05:44,Pendiente
TX-000593,004-578938,Lucia Vega,Deposito,6969.52,2026-02-08,18:17:11,Rechazada
TX-000594,001-993647,Lucia Vega,Deposito,12025.93,2026-05-02,10:38:29,Observada
TX-000595,002-199613,Miguel Castro,Transferencia,154.99,2026-02-23,17:55:46,Rechazada
TX-000596,006-474894,Elena Vargas,PagoServicio,14326.79,2026-04-15,04:49:29,Aprobada
TX-000597,006-954551,Pedro Castillo,Retiro,1716.34,2026-06-05,10:36:08,Observada
TX-000598,005-976303,Sofia Rojas,PagoServicio,12000.49,2026-09-09,23:41:15,Rechazada
TX-000599,002-238948,Fernando Diaz,Transferencia,14723.72,2026-11-24,21:54:39,Rechazada
TX-000600,002-536236,Elena Vargas,PagoServicio,12035.95,2026-09-21,11:04:56,Observada
TX-000601,003-741018,Sofia Rojas,Deposito,9174.26,2026-12-01,23:47:20,Rechazada
TX-000602,008-611833,Luis Ramos,PagoServicio,6615.91,2026-01-25,14:20:05,Pendiente
TX-000603,006-112960,Fernando Diaz,Retiro,14668.65,2026-09-18,03:24:06,Pendiente
TX-000604,009-648513,Fernando Diaz,Transferencia,6498.39,2026-10-10,04:53:14,Rechazada
TX-000605,008-462544,Camila Ruiz,PagoServicio,2238.33,2026-11-17,22:57:31,Anulada
TX-000606,001-112210,Camila Ruiz,Retiro,7588.46,2026-07-02,06:05:23,Observada
TX-000607,003-178501,Rosa Herrera,PagoServicio,4816.30,2026-05-09,12:09:48,Pendiente
TX-000608,001-631553,Carlos Perez,PagoServicio,6055.12,2026-04-02,06:21:31,Aprobada
TX-000609,008-565765,Rosa Herrera,PagoServicio,1329.42,2026-07-13,13:56:52,Observada
TX-000610,006-224473,Jorge Medina,Transferencia,1548.62,2026-06-10,03:16:25,Aprobada
TX-000611,009-675771,Ana Torres,Transferencia,11878.83,2026-08-29,10:06:53,Pendiente
TX-000612,009-689648,Carlos Perez,PagoServicio,14255.82,2026-05-22,02:35:50,Aprobada
TX-000613,004-985331,Jorge Medina,Deposito,8406.66,2026-08-29,16:33:46,Anulada
TX-000614,008-851470,Camila Ruiz,Deposito,10741.54,2026-02-14,06:46:29,Aprobada
TX-000615,004-102303,Pedro Castillo,Deposito,12449.96,2026-11-07,15:43:36,Pendiente
TX-000616,009-647341,Pedro Castillo,Transferencia,696.21,2026-03-05,18:02:20,Observada
TX-000617,003-961760,Fernando Diaz,PagoServicio,1613.35,2026-08-26,05:33:04,Rechazada
TX-000618,004-226611,Elena Vargas,PagoServicio,3241.69,2026-11-17,05:24:05,Rechazada
TX-000619,006-213000,Rosa Herrera,PagoServicio,707.04,2026-09-03,22:13:44,Anulada
TX-000620,002-909652,Elena Vargas,PagoServicio,6866.24,2026-08-17,20:49:29,Anulada
TX-000621,003-623059,Ana Torres,Transferencia,8302.86,2026-06-18,02:05:06,Anulada
TX-000622,008-633025,Rosa Herrera,Retiro,10380.35,2026-03-09,10:32:16,Rechazada
TX-000623,002-506224,Camila Ruiz,Deposito,7566.61,2026-05-30,09:18:56,Observada
TX-000624,004-386886,Sofia Rojas,Deposito,14557.67,2026-06-25,20:49:40,Rechazada
TX-000625,003-532794,Diego Flores,Deposito,12647.69,2026-08-01,17:55:18,Pendiente
TX-000626,009-763311,Carlos Perez,Retiro,3153.59,2026-10-05,10:32:47,Pendiente
TX-000627,006-805034,Maria Soto,Retiro,7563.36,2026-09-27,15:27:23,Pendiente
TX-000628,002-897730,Pedro Castillo,PagoServicio,8746.27,2026-09-17,02:21:22,Observada
TX-000629,009-399817,Elena Vargas,PagoServicio,12126.49,2026-07-23,00:11:47,Aprobada
TX-000630,001-499371,Maria Soto,Transferencia,10057.11,2026-03-19,15:13:32,Pendiente
TX-000631,003-400538,Camila Ruiz,Deposito,2204.96,2026-01-25,02:11:16,Pendiente
TX-000632,004-890200,Valeria Leon,Transferencia,5386.65,2026-06-25,18:29:11,Aprobada
TX-000633,009-335203,Fernando Diaz,PagoServicio,3571.56,2026-11-01,14:16:21,Pendiente
TX-000634,001-500118,Sofia Rojas,PagoServicio,14350.96,2026-09-24,02:02:57,Pendiente
TX-000635,009-156415,Ana Torres,Deposito,3054.28,2026-12-04,10:16:06,Observada
TX-000636,004-764575,Fernando Diaz,Deposito,11329.06,2026-08-01,06:49:20,Anulada
TX-000637,004-913848,Fernando Diaz,Retiro,4419.72,2026-03-10,21:43:45,Aprobada
TX-000638,003-282237,Fernando Diaz,Transferencia,5664.20,2026-06-16,09:58:56,Pendiente
TX-000639,009-377075,Maria Soto,Retiro,8763.95,2026-04-10,00:55:22,Aprobada
TX-000640,006-588983,Fernando Diaz,Retiro,608.71,2026-12-27,15:26:33,Pendiente
TX-000641,001-911242,Elena Vargas,Deposito,7363.36,2026-08-11,09:44:11,Anulada
TX-000642,006-176421,Rosa Herrera,Deposito,7885.67,2026-03-13,09:47:03,Anulada
TX-000643,002-924451,Valeria Leon,Retiro,6244.81,2026-07-28,13:32:16,Observada
TX-000644,002-466375,Carlos Perez,Retiro,9953.38,2026-05-09,13:45:49,Pendiente
TX-000645,005-329056,Rosa Herrera,PagoServicio,14949.50,2026-11-16,21:19:56,Aprobada
TX-000646,002-801432,Pedro Castillo,PagoServicio,3612.81,2026-09-07,10:20:15,Anulada
TX-000647,004-141814,Camila Ruiz,Deposito,5726.78,2026-11-06,05:10:59,Aprobada
TX-000648,007-369054,Valeria Leon,Deposito,380.34,2026-07-20,17:33:26,Pendiente
TX-000649,009-941814,Valeria Leon,PagoServicio,7307.20,2026-04-26,02:57:53,Rechazada
TX-000650,006-638857,Luis Ramos,Transferencia,2519.25,2026-10-28,07:51:03,Anulada
TX-000651,009-107686,Camila Ruiz,Transferencia,3169.61,2026-09-02,11:30:00,Rechazada
TX-000652,007-976258,Luis Ramos,Retiro,8070.94,2026-09-30,22:02:17,Observada
TX-000653,002-883171,Camila Ruiz,Retiro,366.06,2026-10-06,09:41:48,Pendiente
TX-000654,001-191772,Luis Ramos,Transferencia,2678.10,2026-04-08,19:57:09,Anulada
TX-000655,002-702891,Miguel Castro,Retiro,13665.69,2026-06-08,07:24:46,Observada
TX-000656,008-760830,Sofia Rojas,PagoServicio,4752.90,2026-06-01,06:25:13,Aprobada
TX-000657,009-106185,Camila Ruiz,Transferencia,11341.85,2026-08-16,10:15:44,Aprobada
TX-000658,002-475075,Elena Vargas,Transferencia,4354.65,2026-09-24,08:51:08,Pendiente
TX-000659,002-395192,Rosa Herrera,PagoServicio,5727.39,2026-11-16,06:44:09,Aprobada
TX-000660,008-263917,Valeria Leon,Retiro,2054.36,2026-06-01,20:18:53,Anulada
TX-000661,005-764845,Maria Soto,Deposito,10162.56,2026-12-22,00:40:18,Pendiente
TX-000662,001-680412,Miguel Castro,Retiro,1857.30,2026-01-02,22:52:53,Anulada
TX-000663,007-663244,Valeria Leon,Transferencia,4577.32,2026-10-18,14:37:46,Pendiente
TX-000664,004-532699,Elena Vargas,Retiro,2422.71,2026-03-27,17:53:34,Anulada
TX-000665,005-303765,Luis Ramos,Retiro,10067.96,2026-08-09,07:33:02,Aprobada
TX-000666,009-583671,Camila Ruiz,Transferencia,4366.88,2026-01-27,03:51:59,Pendiente
TX-000667,002-307007,Fernando Diaz,PagoServicio,14273.58,2026-05-19,16:46:14,Rechazada
TX-000668,004-204904,Lucia Vega,Transferencia,13502.78,2026-05-04,09:58:46,Observada
TX-000669,008-444295,Diego Flores,Deposito,10404.94,2026-03-01,04:25:26,Anulada
TX-000670,006-946934,Pedro Castillo,PagoServicio,2537.91,2026-05-02,15:22:24,Rechazada
TX-000671,004-846794,Fernando Diaz,PagoServicio,4157.43,2026-05-20,14:39:08,Rechazada
TX-000672,006-603268,Jorge Medina,PagoServicio,5387.54,2026-04-29,15:12:12,Observada
TX-000673,009-214119,Maria Soto,Transferencia,12628.48,2026-11-30,11:47:28,Rechazada
TX-000674,009-305973,Lucia Vega,Transferencia,10914.11,2026-12-13,11:01:22,Aprobada
TX-000675,009-762308,Ana Torres,PagoServicio,11540.31,2026-03-24,15:04:23,Aprobada
TX-000676,009-373276,Valeria Leon,PagoServicio,9812.08,2026-02-27,17:21:35,Pendiente
TX-000677,007-334153,Elena Vargas,Deposito,2016.88,2026-07-14,14:48:23,Anulada
TX-000678,002-516059,Pedro Castillo,Transferencia,9943.55,2026-11-26,07:45:48,Anulada
TX-000679,003-893988,Valeria Leon,Retiro,6698.84,2026-03-11,13:45:14,Anulada
TX-000680,003-871667,Fernando Diaz,PagoServicio,14088.24,2026-01-16,16:44:24,Rechazada
TX-000681,008-343007,Luis Ramos,Deposito,5547.83,2026-01-17,15:00:12,Rechazada
TX-000682,009-929906,Pedro Castillo,PagoServicio,7050.42,2026-06-26,13:35:02,Aprobada
TX-000683,001-780027,Pedro Castillo,Transferencia,10559.01,2026-07-22,11:32:51,Pendiente
TX-000684,005-706739,Valeria Leon,Retiro,5656.13,2026-05-28,00:02:53,Pendiente
TX-000685,002-641760,Lucia Vega,PagoServicio,14590.38,2026-03-28,13:34:17,Anulada
TX-000686,007-470040,Miguel Castro,Deposito,7308.05,2026-07-07,05:35:30,Anulada
TX-000687,001-626214,Elena Vargas,Retiro,6604.08,2026-03-31,07:40:09,Aprobada
TX-000688,009-774734,Lucia Vega,Retiro,2262.10,2026-03-03,02:40:36,Pendiente
TX-000689,002-793223,Carlos Perez,PagoServicio,12169.48,2026-10-07,17:16:09,Aprobada
TX-000690,008-808029,Jorge Medina,PagoServicio,3168.45,2026-03-04,14:55:26,Observada
TX-000691,001-355506,Ana Torres,Retiro,8606.56,2026-03-04,13:49:56,Rechazada
TX-000692,009-141094,Elena Vargas,Retiro,848.12,2026-04-11,07:09:15,Rechazada
TX-000693,009-525151,Diego Flores,Transferencia,13178.85,2026-10-10,17:12:44,Pendiente
TX-000694,002-327114,Jorge Medina,PagoServicio,13010.86,2026-03-08,05:47:51,Rechazada
TX-000695,007-730025,Maria Soto,Retiro,9351.94,2026-07-18,09:02:48,Pendiente
TX-000696,003-859364,Camila Ruiz,Deposito,13836.06,2026-08-20,16:05:38,Anulada
TX-000697,002-340977,Sofia Rojas,PagoServicio,1991.88,2026-01-07,10:22:29,Rechazada
TX-000698,009-628859,Camila Ruiz,PagoServicio,12399.45,2026-08-24,03:46:18,Aprobada
TX-000699,003-598985,Elena Vargas,Transferencia,13167.51,2026-07-26,09:17:10,Anulada
TX-000700,002-197716,Jorge Medina,Retiro,13530.75,2026-07-29,10:30:34,Aprobada
TX-000701,007-647403,Sofia Rojas,Deposito,13123.62,2026-09-28,22:30:08,Anulada
TX-000702,007-340633,Rosa Herrera,PagoServicio,11845.44,2026-05-29,01:22:54,Pendiente
TX-000703,002-546157,Maria Soto,Deposito,7162.35,2026-04-01,07:10:37,Aprobada
TX-000704,005-727354,Elena Vargas,PagoServicio,3874.50,2026-01-03,02:58:44,Aprobada
TX-000705,009-223552,Valeria Leon,Transferencia,5631.70,2026-03-21,18:38:27,Pendiente
TX-000706,007-479867,Luis Ramos,Retiro,6396.81,2026-08-16,08:02:44,Pendiente
TX-000707,005-996508,Valeria Leon,PagoServicio,8474.41,2026-08-26,15:08:28,Pendiente
TX-000708,007-891645,Carlos Perez,PagoServicio,8286.05,2026-08-05,12:51:38,Observada
TX-000709,003-488196,Valeria Leon,PagoServicio,3814.13,2026-04-30,02:12:50,Anulada
TX-000710,006-911801,Fernando Diaz,PagoServicio,11039.38,2026-11-29,01:10:03,Aprobada
TX-000711,004-568288,Rosa Herrera,Retiro,1513.18,2026-07-17,10:06:18,Observada
TX-000712,006-939756,Valeria Leon,Transferencia,2419.46,2026-09-04,22:47:58,Aprobada
TX-000713,002-963245,Maria Soto,PagoServicio,13888.67,2026-06-19,02:00:42,Aprobada
TX-000714,002-375871,Carlos Perez,Deposito,1209.80,2026-01-15,15:54:18,Observada
TX-000715,007-743789,Camila Ruiz,Deposito,10676.97,2026-08-21,00:50:52,Aprobada
TX-000716,003-771394,Jorge Medina,PagoServicio,170.55,2026-11-27,07:51:53,Anulada
TX-000717,005-304206,Ana Torres,Retiro,9231.70,2026-09-19,18:21:45,Aprobada
TX-000718,006-350878,Camila Ruiz,Transferencia,14634.93,2026-02-03,17:26:01,Pendiente
TX-000719,007-470281,Camila Ruiz,PagoServicio,6087.71,2026-03-19,19:01:41,Anulada
TX-000720,001-872722,Fernando Diaz,Transferencia,13788.47,2026-08-02,10:34:29,Pendiente
TX-000721,009-711248,Pedro Castillo,Deposito,14449.68,2026-04-18,09:14:23,Rechazada
TX-000722,004-576849,Elena Vargas,PagoServicio,8627.85,2026-04-12,09:41:54,Rechazada
TX-000723,007-630829,Luis Ramos,Transferencia,7552.51,2026-05-13,00:42:42,Aprobada
TX-000724,009-370211,Elena Vargas,Deposito,10415.94,2026-05-27,10:38:34,Anulada
TX-000725,008-907369,Carlos Perez,Deposito,14418.97,2026-06-28,04:46:38,Observada
TX-000726,001-605382,Luis Ramos,Deposito,1022.64,2026-09-04,02:09:21,Rechazada
TX-000727,004-939030,Pedro Castillo,PagoServicio,14332.13,2026-07-20,14:10:05,Anulada
TX-000728,001-834861,Miguel Castro,Deposito,3731.38,2026-02-06,02:54:38,Observada
TX-000729,006-179721,Valeria Leon,Retiro,7153.57,2026-05-18,07:12:44,Rechazada
TX-000730,005-291663,Fernando Diaz,Retiro,7490.00,2026-03-19,13:01:37,Rechazada
TX-000731,004-378297,Carlos Perez,Retiro,3049.47,2026-04-07,23:19:48,Anulada
TX-000732,006-263573,Rosa Herrera,Transferencia,1806.98,2026-01-31,11:33:25,Observada
TX-000733,001-901368,Miguel Castro,Transferencia,12721.68,2026-05-25,03:48:08,Anulada
TX-000734,006-616256,Elena Vargas,Deposito,7367.17,2026-10-24,19:26:28,Anulada
TX-000735,005-517206,Carlos Perez,Retiro,821.68,2026-11-07,09:44:08,Observada
TX-000736,008-667036,Ana Torres,Deposito,5911.82,2026-09-24,13:08:23,Rechazada
TX-000737,008-226215,Fernando Diaz,PagoServicio,4741.61,2026-01-04,06:28:01,Aprobada
TX-000738,004-497859,Diego Flores,Transferencia,4888.29,2026-08-26,23:30:20,Pendiente
TX-000739,003-675210,Lucia Vega,Retiro,4048.43,2026-08-27,02:21:26,Pendiente
TX-000740,006-292847,Jorge Medina,PagoServicio,3165.88,2026-09-30,03:06:54,Pendiente
TX-000741,006-995825,Sofia Rojas,Deposito,6766.43,2026-08-10,21:55:28,Rechazada
TX-000742,004-953740,Luis Ramos,Deposito,12063.27,2026-08-04,16:08:39,Observada
TX-000743,007-305587,Maria Soto,Retiro,7100.08,2026-01-04,18:48:17,Rechazada
TX-000744,007-623866,Maria Soto,Deposito,11782.14,2026-04-27,12:31:16,Pendiente
TX-000745,009-695417,Ana Torres,PagoServicio,1493.63,2026-03-05,10:27:24,Aprobada
TX-000746,004-953350,Lucia Vega,PagoServicio,12586.19,2026-02-07,09:35:55,Observada
TX-000747,006-372387,Pedro Castillo,Deposito,8409.65,2026-12-28,21:25:15,Pendiente
TX-000748,006-120798,Sofia Rojas,Transferencia,5272.85,2026-09-21,22:11:57,Anulada
TX-000749,004-704875,Diego Flores,Retiro,14690.80,2026-04-21,12:44:44,Pendiente
TX-000750,006-805893,Valeria Leon,PagoServicio,11623.42,2026-06-23,13:41:26,Aprobada
TX-000751,007-743473,Lucia Vega,PagoServicio,9479.37,2026-02-26,06:05:03,Rechazada
TX-000752,006-542306,Camila Ruiz,PagoServicio,12735.02,2026-01-28,16:58:30,Aprobada
TX-000753,003-460317,Carlos Perez,Deposito,4760.00,2026-04-24,03:38:16,Pendiente
TX-000754,007-384424,Elena Vargas,PagoServicio,11716.80,2026-12-31,13:58:08,Pendiente
TX-000755,009-572161,Sofia Rojas,Retiro,2766.45,2026-01-09,23:19:04,Rechazada
TX-000756,004-794180,Lucia Vega,Transferencia,3166.47,2026-06-04,04:43:59,Aprobada
TX-000757,002-166891,Elena Vargas,PagoServicio,8231.02,2026-01-11,05:44:19,Observada
TX-000758,009-902156,Luis Ramos,Transferencia,3944.16,2026-03-02,07:15:43,Aprobada
TX-000759,007-424398,Carlos Perez,Retiro,11066.52,2026-06-22,02:33:16,Rechazada
TX-000760,003-652329,Miguel Castro,Retiro,438.28,2026-09-15,16:43:34,Pendiente
TX-000761,006-599284,Jorge Medina,Deposito,8232.69,2026-02-22,11:21:43,Anulada
TX-000762,003-719531,Diego Flores,PagoServicio,9469.40,2026-09-04,22:33:43,Anulada
TX-000763,007-648887,Camila Ruiz,Deposito,13634.76,2026-07-07,01:19:08,Anulada
TX-000764,004-943797,Luis Ramos,PagoServicio,4624.94,2026-06-10,02:01:04,Pendiente
TX-000765,003-418319,Ana Torres,Transferencia,7854.51,2026-10-22,11:48:25,Rechazada
TX-000766,006-400692,Jorge Medina,Transferencia,10319.67,2026-07-11,01:08:07,Observada
TX-000767,005-109576,Rosa Herrera,PagoServicio,11971.49,2026-08-20,20:28:41,Rechazada
TX-000768,001-674842,Pedro Castillo,Retiro,6181.92,2026-08-06,16:44:43,Observada
TX-000769,007-362035,Maria Soto,PagoServicio,12428.12,2026-03-27,16:04:13,Pendiente
TX-000770,002-542750,Camila Ruiz,Retiro,7753.98,2026-11-07,16:09:32,Anulada
TX-000771,005-398505,Camila Ruiz,Deposito,6199.43,2026-11-28,11:01:44,Aprobada
TX-000772,003-243260,Lucia Vega,Transferencia,9557.02,2026-08-28,21:39:19,Observada
TX-000773,005-834498,Diego Flores,PagoServicio,2824.96,2026-01-08,12:46:41,Rechazada
TX-000774,001-660957,Ana Torres,Retiro,14585.27,2026-04-20,13:29:53,Pendiente
TX-000775,003-849937,Jorge Medina,Transferencia,3499.83,2026-02-28,12:28:25,Aprobada
TX-000776,008-327738,Pedro Castillo,PagoServicio,4680.53,2026-11-07,11:31:45,Observada
TX-000777,006-586208,Fernando Diaz,Transferencia,4960.43,2026-11-24,14:25:16,Rechazada
TX-000778,001-379449,Rosa Herrera,PagoServicio,1080.06,2026-07-02,14:05:08,Rechazada
TX-000779,004-982417,Lucia Vega,PagoServicio,12425.50,2026-02-17,08:45:50,Rechazada
TX-000780,007-908688,Jorge Medina,Retiro,11066.91,2026-01-14,00:20:18,Rechazada
TX-000781,008-871041,Rosa Herrera,Transferencia,7821.88,2026-03-22,22:52:05,Observada
TX-000782,007-814544,Lucia Vega,Deposito,2387.59,2026-10-10,19:39:41,Aprobada
TX-000783,009-646230,Luis Ramos,Deposito,7223.63,2026-04-27,01:08:23,Rechazada
TX-000784,006-154617,Miguel Castro,Retiro,14599.38,2026-04-02,15:21:39,Observada
TX-000785,006-115799,Maria Soto,Deposito,8774.61,2026-06-03,17:12:02,Rechazada
TX-000786,001-144033,Diego Flores,PagoServicio,10329.21,2026-03-02,04:37:46,Pendiente
TX-000787,002-360804,Maria Soto,PagoServicio,1380.11,2026-08-29,06:11:16,Pendiente
TX-000788,001-162678,Pedro Castillo,Retiro,10522.91,2026-11-04,09:00:00,Aprobada
TX-000789,003-611540,Carlos Perez,Deposito,14725.32,2026-11-03,05:55:44,Pendiente
TX-000790,008-868804,Carlos Perez,Transferencia,10341.86,2026-05-20,02:21:46,Rechazada
TX-000791,005-141406,Jorge Medina,PagoServicio,8389.78,2026-07-30,18:38:53,Observada
TX-000792,004-694229,Maria Soto,Deposito,4861.98,2026-07-01,21:45:18,Pendiente
TX-000793,009-268132,Luis Ramos,Retiro,6746.27,2026-11-15,05:32:04,Pendiente
TX-000794,009-484945,Jorge Medina,Transferencia,11641.01,2026-07-16,11:52:04,Observada
TX-000795,003-119629,Diego Flores,Deposito,11642.49,2026-04-03,17:39:07,Pendiente
TX-000796,002-790266,Valeria Leon,PagoServicio,2856.14,2026-09-23,08:06:39,Observada
TX-000797,009-261618,Diego Flores,Deposito,4845.77,2026-09-06,21:39:27,Pendiente
TX-000798,002-200932,Valeria Leon,Transferencia,666.22,2026-12-31,04:55:30,Rechazada
TX-000799,003-132792,Carlos Perez,Transferencia,7285.70,2026-02-08,08:27:00,Aprobada
TX-000800,007-789880,Jorge Medina,Deposito,745.79,2026-03-27,17:17:07,Anulada
TX-000801,002-113721,Elena Vargas,Retiro,9839.68,2026-12-27,13:20:59,Aprobada
TX-000802,008-939930,Camila Ruiz,Transferencia,5420.28,2026-10-16,17:42:43,Observada
TX-000803,006-932831,Fernando Diaz,Transferencia,12356.41,2026-04-14,05:34:52,Anulada
TX-000804,001-869969,Luis Ramos,Deposito,1178.25,2026-03-25,20:20:03,Anulada
TX-000805,002-206142,Fernando Diaz,Retiro,7979.60,2026-03-15,13:53:56,Rechazada
TX-000806,009-788784,Carlos Perez,Retiro,8380.77,2026-08-05,18:15:24,Observada
TX-000807,002-903506,Camila Ruiz,Deposito,10120.64,2026-09-30,20:14:40,Observada
TX-000808,002-274912,Rosa Herrera,Retiro,8253.98,2026-07-16,00:04:39,Pendiente
TX-000809,003-659835,Diego Flores,PagoServicio,14003.46,2026-12-17,11:46:10,Pendiente
TX-000810,009-440424,Miguel Castro,Deposito,6191.03,2026-09-03,22:13:56,Observada
TX-000811,006-737967,Carlos Perez,Retiro,5632.20,2026-08-02,16:35:47,Pendiente
TX-000812,006-574379,Jorge Medina,PagoServicio,12.93,2026-01-14,11:04:53,Pendiente
TX-000813,001-642752,Maria Soto,Deposito,108.47,2026-03-28,04:08:02,Rechazada
TX-000814,006-122755,Rosa Herrera,Deposito,13787.49,2026-07-18,13:23:44,Anulada
TX-000815,003-198867,Ana Torres,PagoServicio,5341.28,2026-02-23,18:03:28,Pendiente
TX-000816,006-710434,Carlos Perez,Retiro,3851.10,2026-04-27,15:01:17,Aprobada
TX-000817,007-696707,Elena Vargas,Retiro,11016.65,2026-10-09,00:15:33,Pendiente
TX-000818,008-281301,Jorge Medina,Transferencia,8932.52,2026-04-27,15:52:05,Aprobada
TX-000819,007-182289,Rosa Herrera,Transferencia,13828.85,2026-05-10,20:44:14,Pendiente
TX-000820,007-536754,Elena Vargas,Transferencia,13048.10,2026-03-30,01:09:42,Anulada
TX-000821,001-764678,Rosa Herrera,PagoServicio,821.38,2026-07-23,15:36:25,Aprobada
TX-000822,006-666157,Diego Flores,Retiro,4909.21,2026-09-28,23:40:30,Rechazada
TX-000823,003-152973,Camila Ruiz,PagoServicio,14565.89,2026-10-20,08:58:45,Anulada
TX-000824,009-194458,Carlos Perez,PagoServicio,4353.85,2026-06-03,03:21:04,Rechazada
TX-000825,003-452497,Luis Ramos,PagoServicio,8575.89,2026-01-20,03:36:45,Anulada
TX-000826,007-375311,Luis Ramos,PagoServicio,7532.33,2026-10-28,12:34:22,Rechazada
TX-000827,003-604283,Valeria Leon,Retiro,7323.04,2026-09-11,07:23:45,Anulada
TX-000828,004-688426,Diego Flores,Retiro,3642.30,2026-04-14,09:41:45,Observada
TX-000829,006-817999,Elena Vargas,Transferencia,1696.82,2026-06-10,14:51:50,Observada
TX-000830,006-465227,Carlos Perez,Deposito,5174.43,2026-09-12,12:51:45,Aprobada
TX-000831,005-277477,Pedro Castillo,PagoServicio,9351.50,2026-06-21,01:25:00,Aprobada
TX-000832,004-309385,Camila Ruiz,Deposito,2348.31,2026-10-10,21:59:19,Aprobada
TX-000833,002-875507,Ana Torres,Retiro,14234.62,2026-12-26,21:44:48,Rechazada
TX-000834,005-114400,Pedro Castillo,Transferencia,4583.72,2026-07-02,23:48:43,Aprobada
TX-000835,006-319162,Fernando Diaz,Retiro,3064.98,2026-07-23,05:11:29,Pendiente
TX-000836,009-606489,Diego Flores,Retiro,10429.12,2026-09-17,12:38:24,Aprobada
TX-000837,007-711324,Elena Vargas,Transferencia,3839.29,2026-01-24,08:15:58,Pendiente
TX-000838,004-927524,Fernando Diaz,Deposito,805.75,2026-09-12,06:47:08,Aprobada
TX-000839,002-507523,Camila Ruiz,Deposito,9948.09,2026-12-21,12:33:13,Pendiente
TX-000840,002-120005,Lucia Vega,PagoServicio,3475.22,2026-05-28,20:23:32,Anulada
TX-000841,002-430779,Jorge Medina,Transferencia,2804.40,2026-07-14,10:24:13,Observada
TX-000842,009-847078,Ana Torres,Transferencia,3718.41,2026-07-25,14:30:31,Pendiente
TX-000843,006-613731,Sofia Rojas,Retiro,285.40,2026-09-23,18:14:38,Pendiente
TX-000844,006-755602,Lucia Vega,Retiro,14939.96,2026-07-14,16:00:08,Pendiente
TX-000845,001-756190,Lucia Vega,PagoServicio,13357.13,2026-11-13,11:01:58,Aprobada
TX-000846,009-393804,Carlos Perez,Retiro,5133.37,2026-06-02,13:35:44,Rechazada
TX-000847,002-865344,Sofia Rojas,Retiro,6265.83,2026-08-11,11:48:05,Rechazada
TX-000848,007-427557,Elena Vargas,Deposito,6743.05,2026-02-21,04:12:19,Rechazada
TX-000849,003-709254,Valeria Leon,Retiro,12940.19,2026-05-01,00:04:25,Anulada
TX-000850,003-550955,Elena Vargas,Retiro,9846.91,2026-08-08,08:43:49,Rechazada
TX-000851,006-171108,Valeria Leon,Transferencia,2770.19,2026-11-23,00:55:00,Rechazada
TX-000852,001-902616,Pedro Castillo,PagoServicio,14418.33,2026-04-28,19:24:33,Observada
TX-000853,005-259338,Rosa Herrera,Retiro,1610.50,2026-03-13,17:57:43,Aprobada
TX-000854,005-735022,Diego Flores,Retiro,8949.45,2026-03-31,16:15:33,Aprobada
TX-000855,006-183336,Fernando Diaz,PagoServicio,2019.96,2026-11-25,14:34:47,Anulada
TX-000856,008-846606,Camila Ruiz,Deposito,2767.81,2026-05-31,11:23:29,Observada
TX-000857,008-244192,Maria Soto,Retiro,3401.83,2026-06-08,16:19:37,Aprobada
TX-000858,005-533108,Carlos Perez,Retiro,11369.07,2026-01-26,16:26:06,Rechazada
TX-000859,008-747033,Jorge Medina,Deposito,13002.96,2026-12-11,16:54:34,Rechazada
TX-000860,007-524533,Rosa Herrera,Transferencia,9122.87,2026-11-17,03:17:55,Observada
TX-000861,006-513296,Diego Flores,Transferencia,7814.53,2026-06-25,09:18:23,Observada
TX-000862,001-357657,Valeria Leon,PagoServicio,14757.62,2026-01-16,05:51:05,Anulada
TX-000863,007-641198,Rosa Herrera,Transferencia,2855.86,2026-06-20,16:56:20,Observada
TX-000864,005-911259,Miguel Castro,Deposito,6925.59,2026-06-14,01:37:58,Pendiente
TX-000865,001-823468,Valeria Leon,Retiro,6959.05,2026-09-08,22:06:09,Observada
TX-000866,002-857750,Valeria Leon,Transferencia,2704.77,2026-08-16,08:46:05,Anulada
TX-000867,003-512160,Sofia Rojas,Deposito,6768.78,2026-03-11,11:16:09,Observada
TX-000868,004-576769,Luis Ramos,Deposito,4867.88,2026-09-09,21:10:13,Rechazada
TX-000869,002-195620,Luis Ramos,PagoServicio,9514.75,2026-02-03,03:06:52,Anulada
TX-000870,007-862182,Rosa Herrera,Retiro,5686.39,2026-05-28,19:30:52,Aprobada
TX-000871,003-451475,Diego Flores,Retiro,2440.24,2026-02-26,03:50:18,Rechazada
TX-000872,001-539963,Lucia Vega,Deposito,10955.12,2026-06-23,07:25:41,Pendiente
TX-000873,003-223264,Elena Vargas,Retiro,14406.90,2026-01-02,08:55:44,Anulada
TX-000874,005-112800,Jorge Medina,PagoServicio,12832.61,2026-07-31,01:47:52,Aprobada
TX-000875,008-349433,Carlos Perez,PagoServicio,6811.54,2026-06-21,14:34:36,Aprobada
TX-000876,001-356600,Elena Vargas,Deposito,9300.29,2026-08-05,12:43:48,Rechazada
TX-000877,001-293818,Maria Soto,Transferencia,9802.62,2026-01-15,06:15:54,Rechazada
TX-000878,001-799396,Diego Flores,Deposito,4973.36,2026-02-04,01:26:53,Aprobada
TX-000879,002-537211,Maria Soto,Retiro,10084.64,2026-08-26,07:46:09,Anulada
TX-000880,009-286037,Jorge Medina,Deposito,13972.88,2026-02-06,03:59:59,Pendiente
TX-000881,006-486473,Elena Vargas,PagoServicio,12305.77,2026-10-22,13:11:30,Observada
TX-000882,009-168079,Lucia Vega,PagoServicio,2026.84,2026-09-27,18:19:20,Pendiente
TX-000883,006-652654,Sofia Rojas,Retiro,10440.48,2026-08-26,16:45:15,Aprobada
TX-000884,002-699121,Fernando Diaz,Transferencia,7260.11,2026-09-25,10:43:23,Anulada
TX-000885,005-547798,Diego Flores,Deposito,3902.30,2026-08-12,08:43:06,Anulada
TX-000886,006-236014,Diego Flores,PagoServicio,7800.39,2026-09-03,09:20:23,Observada
TX-000887,008-947228,Maria Soto,Retiro,10631.72,2026-03-17,04:04:02,Aprobada
TX-000888,002-125151,Jorge Medina,Transferencia,11064.65,2026-03-22,12:27:48,Anulada
TX-000889,007-534153,Ana Torres,Deposito,5251.25,2026-11-10,00:52:12,Rechazada
TX-000890,001-771736,Carlos Perez,Deposito,3823.72,2026-01-27,08:16:40,Pendiente
TX-000891,005-631302,Valeria Leon,Deposito,11507.82,2026-02-14,05:02:07,Pendiente
TX-000892,006-515287,Fernando Diaz,Transferencia,12482.32,2026-03-17,08:21:22,Pendiente
TX-000893,006-805139,Jorge Medina,PagoServicio,11960.84,2026-09-08,17:54:53,Rechazada
TX-000894,008-262934,Camila Ruiz,PagoServicio,13381.95,2026-07-28,12:54:00,Pendiente
TX-000895,008-922072,Miguel Castro,PagoServicio,13917.57,2026-01-22,18:09:55,Anulada
TX-000896,005-692385,Fernando Diaz,Deposito,8332.11,2026-01-08,06:28:06,Rechazada
TX-000897,006-938373,Elena Vargas,Deposito,1002.53,2026-02-27,23:37:21,Pendiente
TX-000898,001-455627,Sofia Rojas,Retiro,8569.01,2026-06-01,07:01:15,Rechazada
TX-000899,002-920347,Rosa Herrera,Deposito,10581.94,2026-05-03,03:20:48,Aprobada
TX-000900,005-533973,Luis Ramos,PagoServicio,13156.96,2026-05-25,07:24:35,Observada
TX-000901,005-326639,Valeria Leon,Deposito,2633.44,2026-05-26,07:56:34,Aprobada
TX-000902,004-197102,Jorge Medina,Transferencia,11987.39,2026-12-18,10:47:57,Anulada
TX-000903,003-299451,Pedro Castillo,PagoServicio,10989.29,2026-07-23,08:33:58,Pendiente
TX-000904,006-250255,Rosa Herrera,Transferencia,12333.86,2026-12-31,07:00:57,Anulada
TX-000905,003-315154,Fernando Diaz,Transferencia,6895.93,2026-10-05,03:57:19,Anulada
TX-000906,002-104309,Lucia Vega,Transferencia,10308.91,2026-08-19,19:09:42,Aprobada
TX-000907,006-589554,Elena Vargas,Transferencia,1555.51,2026-10-25,13:19:00,Pendiente
TX-000908,001-705615,Rosa Herrera,Deposito,9586.37,2026-03-23,11:54:12,Pendiente
TX-000909,004-301898,Lucia Vega,Deposito,7988.81,2026-10-28,02:53:52,Observada
TX-000910,002-385898,Maria Soto,Retiro,4111.82,2026-01-06,22:12:10,Anulada
TX-000911,009-639031,Luis Ramos,Retiro,8142.51,2026-08-02,08:27:32,Pendiente
TX-000912,005-248433,Fernando Diaz,Deposito,8615.50,2026-03-08,12:23:54,Aprobada
TX-000913,005-743052,Elena Vargas,Deposito,8113.25,2026-01-20,16:48:08,Rechazada
TX-000914,001-593602,Elena Vargas,Transferencia,1597.84,2026-01-21,21:27:04,Aprobada
TX-000915,007-510954,Maria Soto,PagoServicio,9248.57,2026-05-02,08:09:28,Pendiente
TX-000916,004-847528,Rosa Herrera,Transferencia,14605.49,2026-10-21,12:02:04,Observada
TX-000917,003-197429,Miguel Castro,PagoServicio,1467.97,2026-05-01,13:03:36,Observada
TX-000918,008-342948,Carlos Perez,Retiro,12917.83,2026-08-28,14:19:01,Pendiente
TX-000919,006-511122,Maria Soto,Deposito,11833.79,2026-12-09,16:36:01,Pendiente
TX-000920,008-611187,Ana Torres,Transferencia,7135.26,2026-05-17,11:39:57,Observada
TX-000921,008-986850,Maria Soto,Deposito,11521.44,2026-08-23,17:47:28,Anulada
TX-000922,003-632623,Luis Ramos,PagoServicio,12265.12,2026-11-06,10:19:14,Aprobada
TX-000923,006-683165,Camila Ruiz,Transferencia,11888.54,2026-07-26,21:32:54,Observada
TX-000924,007-719221,Sofia Rojas,Retiro,9316.91,2026-08-01,19:15:18,Rechazada
TX-000925,008-502460,Luis Ramos,Deposito,3131.49,2026-09-27,13:06:24,Anulada
TX-000926,007-922412,Sofia Rojas,Deposito,8172.46,2026-04-02,17:07:04,Rechazada
TX-000927,002-875282,Elena Vargas,PagoServicio,1723.70,2026-08-20,11:49:34,Observada
TX-000928,006-682051,Luis Ramos,PagoServicio,2650.85,2026-06-07,14:16:17,Aprobada
TX-000929,002-818807,Miguel Castro,PagoServicio,4917.85,2026-09-08,11:44:03,Aprobada
TX-000930,002-328182,Miguel Castro,Retiro,13310.05,2026-12-17,18:57:22,Aprobada
TX-000931,003-792984,Maria Soto,PagoServicio,7973.52,2026-06-01,10:54:06,Anulada
TX-000932,008-305171,Carlos Perez,Deposito,4503.03,2026-11-05,11:50:50,Pendiente
TX-000933,007-852658,Elena Vargas,Deposito,14854.44,2026-08-15,07:24:32,Aprobada
TX-000934,009-523831,Miguel Castro,Retiro,12789.05,2026-01-25,05:42:30,Pendiente
TX-000935,009-155708,Ana Torres,Deposito,1654.38,2026-04-20,14:22:50,Aprobada
TX-000936,004-552686,Fernando Diaz,PagoServicio,9381.96,2026-10-04,10:12:40,Observada
TX-000937,007-500099,Sofia Rojas,Retiro,9940.69,2026-07-04,10:07:20,Rechazada
TX-000938,004-682401,Sofia Rojas,Deposito,12601.04,2026-03-01,21:52:31,Pendiente
TX-000939,003-240800,Ana Torres,Transferencia,9729.35,2026-02-25,22:08:20,Observada
TX-000940,007-242371,Luis Ramos,Retiro,9637.22,2026-06-11,12:03:13,Observada
TX-000941,007-753523,Maria Soto,PagoServicio,7646.13,2026-08-03,09:28:45,Observada
TX-000942,007-472566,Carlos Perez,Retiro,6377.33,2026-01-03,21:15:09,Anulada
TX-000943,008-987938,Fernando Diaz,Retiro,10684.83,2026-04-15,13:35:45,Observada
TX-000944,009-704349,Pedro Castillo,Transferencia,14673.72,2026-08-09,15:32:16,Observada
TX-000945,006-218661,Diego Flores,PagoServicio,14426.45,2026-02-01,02:14:32,Rechazada
TX-000946,009-887042,Rosa Herrera,Deposito,6979.40,2026-01-31,09:11:57,Anulada
TX-000947,002-357143,Jorge Medina,Transferencia,10264.27,2026-07-29,09:40:56,Anulada
TX-000948,005-742818,Ana Torres,Deposito,8030.15,2026-01-05,04:30:30,Observada
TX-000949,008-637566,Elena Vargas,PagoServicio,8613.74,2026-05-09,17:56:03,Observada
TX-000950,006-936997,Lucia Vega,Deposito,2520.95,2026-09-27,22:20:46,Anulada
TX-000951,005-862285,Rosa Herrera,Deposito,930.65,2026-07-03,18:10:32,Anulada
TX-000952,003-700687,Ana Torres,Deposito,12135.35,2026-08-31,11:03:22,Aprobada
TX-000953,005-608307,Luis Ramos,Retiro,7588.89,2026-11-27,16:02:41,Pendiente
TX-000954,005-238976,Diego Flores,Deposito,4135.50,2026-04-10,19:00:03,Aprobada
TX-000955,002-733152,Maria Soto,Retiro,9890.74,2026-05-24,14:28:35,Rechazada
TX-000956,005-920539,Fernando Diaz,Retiro,7278.93,2026-11-07,10:41:13,Anulada
TX-000957,001-459502,Luis Ramos,Retiro,8937.21,2026-11-16,03:01:14,Rechazada
TX-000958,008-889327,Sofia Rojas,PagoServicio,3576.83,2026-06-20,22:49:17,Rechazada
TX-000959,004-705822,Fernando Diaz,Deposito,824.34,2026-04-13,16:20:40,Aprobada
TX-000960,001-275741,Jorge Medina,PagoServicio,7148.72,2026-07-04,23:07:23,Anulada
TX-000961,004-498249,Camila Ruiz,PagoServicio,7124.10,2026-02-26,08:53:40,Anulada
TX-000962,007-112439,Lucia Vega,PagoServicio,5736.24,2026-05-03,14:25:52,Anulada
TX-000963,001-202093,Elena Vargas,Deposito,14343.19,2026-06-17,16:32:09,Anulada
TX-000964,005-451238,Lucia Vega,Deposito,12036.72,2026-04-10,03:58:40,Anulada
TX-000965,007-583507,Rosa Herrera,Retiro,11017.36,2026-08-17,15:18:29,Rechazada
TX-000966,009-453796,Camila Ruiz,Retiro,4705.91,2026-01-05,02:35:38,Aprobada
TX-000967,002-112542,Sofia Rojas,Transferencia,7883.71,2026-09-24,05:19:08,Observada
TX-000968,006-330074,Fernando Diaz,Deposito,3785.92,2026-01-14,05:17:32,Aprobada
TX-000969,002-159645,Diego Flores,Retiro,14257.83,2026-09-05,19:21:48,Aprobada
TX-000970,002-190582,Miguel Castro,Retiro,5645.62,2026-10-24,15:40:13,Anulada
TX-000971,003-216229,Fernando Diaz,Retiro,3807.50,2026-07-01,08:20:29,Aprobada
TX-000972,008-389809,Rosa Herrera,PagoServicio,10386.40,2026-09-17,06:17:20,Pendiente
TX-000973,005-269833,Rosa Herrera,Transferencia,4166.54,2026-01-25,05:29:33,Observada
TX-000974,007-448813,Ana Torres,Deposito,14334.53,2026-04-13,18:51:18,Rechazada
TX-000975,008-172769,Jorge Medina,Retiro,9158.43,2026-03-11,07:12:05,Observada
TX-000976,002-250861,Valeria Leon,PagoServicio,3283.61,2026-09-07,20:20:46,Aprobada
TX-000977,008-850151,Lucia Vega,Transferencia,532.56,2026-01-28,08:17:25,Anulada
TX-000978,005-914992,Jorge Medina,Transferencia,13448.72,2026-02-27,19:25:20,Aprobada
TX-000979,001-796889,Sofia Rojas,Deposito,2282.60,2026-05-09,02:14:47,Observada
TX-000980,001-640418,Fernando Diaz,PagoServicio,7177.31,2026-06-06,20:44:22,Aprobada
TX-000981,009-336817,Ana Torres,PagoServicio,14312.79,2026-11-14,16:05:42,Observada
TX-000982,002-694798,Valeria Leon,Deposito,5008.26,2026-04-28,14:33:44,Observada
TX-000983,001-762985,Camila Ruiz,Transferencia,5486.68,2026-11-28,09:43:28,Pendiente
TX-000984,002-982042,Jorge Medina,Deposito,9720.41,2026-03-10,14:12:06,Anulada
TX-000985,001-502824,Camila Ruiz,Retiro,4490.07,2026-06-01,12:02:22,Aprobada
TX-000986,006-610135,Luis Ramos,PagoServicio,11032.51,2026-02-24,08:21:46,Aprobada
TX-000987,004-126596,Fernando Diaz,Retiro,7343.60,2026-01-25,11:08:01,Anulada
TX-000988,005-623956,Valeria Leon,PagoServicio,14498.95,2026-01-07,09:01:46,Aprobada
TX-000989,006-158777,Pedro Castillo,Transferencia,6088.56,2026-03-24,04:59:00,Anulada
TX-000990,008-811016,Miguel Castro,Retiro,11118.36,2026-04-01,11:35:01,Aprobada
TX-000991,001-871185,Maria Soto,PagoServicio,9810.93,2026-07-03,00:05:07,Anulada
TX-000992,001-354471,Fernando Diaz,Retiro,225.33,2026-09-03,16:49:55,Aprobada
TX-000993,005-960607,Rosa Herrera,Transferencia,6848.21,2026-03-08,06:56:25,Anulada
TX-000994,002-957525,Miguel Castro,Transferencia,1721.55,2026-08-20,01:35:28,Anulada
TX-000995,004-166175,Rosa Herrera,Retiro,6398.91,2026-11-12,03:55:27,Observada
TX-000996,006-226670,Camila Ruiz,Retiro,4830.63,2026-11-05,00:14:36,Rechazada
TX-000997,001-721894,Maria Soto,Deposito,957.70,2026-04-17,08:52:16,Rechazada
TX-000998,007-276214,Fernando Diaz,Deposito,8305.58,2026-06-20,08:37:07,Rechazada
TX-000999,001-239849,Luis Ramos,PagoServicio,11667.15,2026-01-07,01:41:06,Observada
TX-001000,002-106658,Ana Torres,Retiro,13892.79,2026-10-02,11:18:21,Anulada
TX-001001,005-536440,Fernando Diaz,PagoServicio,10388.45,2026-03-22,01:33:09,Rechazada
TX-001002,005-648496,Jorge Medina,PagoServicio,3596.41,2026-03-09,18:54:50,Anulada
TX-001003,001-725236,Maria Soto,PagoServicio,9184.63,2026-02-04,04:25:01,Pendiente
TX-001004,006-539128,Ana Torres,Retiro,2886.62,2026-07-25,21:48:46,Aprobada
TX-001005,006-898100,Valeria Leon,Retiro,6968.60,2026-09-01,07:04:11,Rechazada
TX-001006,005-155646,Carlos Perez,Transferencia,11951.23,2026-09-24,02:56:04,Observada
TX-001007,008-284888,Maria Soto,Transferencia,819.87,2026-05-22,10:31:31,Pendiente
TX-001008,004-555786,Lucia Vega,Deposito,9256.12,2026-12-12,16:08:35,Observada
TX-001009,001-209493,Fernando Diaz,Transferencia,13873.67,2026-03-10,07:23:28,Rechazada
TX-001010,001-608623,Valeria Leon,Transferencia,1072.18,2026-04-02,09:09:12,Observada
TX-001011,006-539422,Carlos Perez,Deposito,3458.65,2026-02-12,18:30:45,Pendiente
TX-001012,004-202827,Carlos Perez,PagoServicio,13049.60,2026-05-26,20:12:55,Rechazada
TX-001013,002-593869,Diego Flores,PagoServicio,824.55,2026-06-19,06:33:24,Rechazada
TX-001014,004-739037,Jorge Medina,Retiro,5816.08,2026-02-22,23:22:59,Observada
TX-001015,004-762722,Pedro Castillo,Deposito,3041.14,2026-02-19,09:41:58,Aprobada
TX-001016,001-394234,Maria Soto,Transferencia,12776.25,2026-06-28,02:15:55,Observada
TX-001017,003-897273,Pedro Castillo,Retiro,13297.27,2026-08-23,10:17:42,Rechazada
TX-001018,003-706204,Valeria Leon,Retiro,1306.25,2026-11-29,19:34:27,Anulada
TX-001019,008-326956,Diego Flores,PagoServicio,12556.47,2026-04-19,10:03:40,Aprobada
TX-001020,007-871939,Miguel Castro,Retiro,3724.99,2026-06-18,15:29:29,Anulada
TX-001021,004-720517,Maria Soto,Transferencia,6272.40,2026-01-18,04:11:57,Aprobada
TX-001022,008-869105,Rosa Herrera,Transferencia,6391.21,2026-06-03,03:19:48,Observada
TX-001023,002-574419,Jorge Medina,Retiro,1255.54,2026-10-20,11:12:07,Aprobada
TX-001024,007-328596,Maria Soto,Deposito,4443.90,2026-09-09,12:26:38,Aprobada
TX-001025,001-603088,Camila Ruiz,Deposito,2435.42,2026-06-28,08:49:34,Anulada
TX-001026,001-576935,Jorge Medina,Retiro,13114.24,2026-06-07,10:13:57,Rechazada
TX-001027,006-757258,Jorge Medina,Transferencia,12907.14,2026-01-28,10:57:31,Observada
TX-001028,006-656710,Ana Torres,Deposito,6394.27,2026-04-15,18:37:09,Anulada
TX-001029,009-703171,Rosa Herrera,Retiro,11817.50,2026-02-01,10:35:34,Anulada
TX-001030,006-871501,Elena Vargas,Transferencia,7725.90,2026-12-20,09:51:11,Pendiente
TX-001031,001-216356,Sofia Rojas,Deposito,6985.64,2026-01-16,20:58:35,Pendiente
TX-001032,006-283781,Camila Ruiz,Transferencia,8415.77,2026-10-28,10:14:46,Rechazada
TX-001033,003-451199,Carlos Perez,Transferencia,9739.09,2026-10-14,08:52:49,Anulada
TX-001034,004-889759,Fernando Diaz,Retiro,4813.75,2026-12-15,17:20:33,Pendiente
TX-001035,009-813269,Sofia Rojas,Deposito,826.36,2026-05-25,18:52:34,Pendiente
TX-001036,008-609845,Valeria Leon,Transferencia,7057.76,2026-07-26,13:42:32,Anulada
TX-001037,005-573933,Diego Flores,Deposito,12000.56,2026-09-27,05:18:26,Aprobada
TX-001038,004-580115,Luis Ramos,Transferencia,5866.33,2026-03-11,10:38:49,Pendiente
TX-001039,002-214677,Maria Soto,Deposito,1689.25,2026-02-27,11:01:53,Observada
TX-001040,003-314178,Valeria Leon,Transferencia,4404.61,2026-09-23,00:27:37,Anulada
TX-001041,003-596925,Pedro Castillo,PagoServicio,6663.46,2026-09-08,08:53:40,Aprobada
TX-001042,005-298244,Luis Ramos,Transferencia,13078.19,2026-04-01,05:27:16,Anulada
TX-001043,006-531690,Diego Flores,Deposito,9839.85,2026-11-02,13:44:04,Pendiente
TX-001044,008-722180,Camila Ruiz,PagoServicio,6875.53,2026-08-09,07:10:07,Rechazada
TX-001045,005-280079,Rosa Herrera,Deposito,3409.46,2026-05-25,10:22:50,Pendiente
TX-001046,001-255544,Pedro Castillo,Deposito,6844.34,2026-03-06,14:36:58,Anulada
TX-001047,003-846389,Valeria Leon,Deposito,2742.38,2026-03-10,02:28:03,Rechazada
TX-001048,003-349461,Luis Ramos,Transferencia,14906.66,2026-08-12,02:57:45,Rechazada
TX-001049,008-373056,Pedro Castillo,Retiro,3085.28,2026-10-02,14:58:12,Aprobada
TX-001050,006-460549,Maria Soto,Deposito,6731.95,2026-03-05,03:31:10,Anulada
TX-001051,005-227391,Elena Vargas,Transferencia,6074.39,2026-07-13,22:54:10,Rechazada
TX-001052,008-435772,Maria Soto,Transferencia,14552.55,2026-08-01,02:26:44,Anulada
TX-001053,006-778684,Fernando Diaz,Deposito,7113.92,2026-04-23,13:23:06,Anulada
TX-001054,003-938416,Diego Flores,PagoServicio,5086.88,2026-02-13,14:51:26,Observada
TX-001055,001-246195,Camila Ruiz,Transferencia,4628.15,2026-06-05,23:27:43,Anulada
TX-001056,004-567636,Pedro Castillo,Transferencia,4902.23,2026-08-25,04:22:48,Rechazada
TX-001057,009-332934,Rosa Herrera,Deposito,2943.78,2026-02-02,11:06:39,Anulada
TX-001058,008-809952,Camila Ruiz,Transferencia,14637.83,2026-06-03,04:17:40,Rechazada
TX-001059,008-433193,Diego Flores,Transferencia,13627.62,2026-05-21,05:22:06,Observada
TX-001060,003-850742,Miguel Castro,PagoServicio,5550.75,2026-05-25,19:02:17,Aprobada
TX-001061,005-461675,Pedro Castillo,Deposito,14663.08,2026-12-06,13:04:58,Anulada
TX-001062,002-326172,Fernando Diaz,PagoServicio,11125.50,2026-06-11,09:45:49,Observada
TX-001063,005-271746,Rosa Herrera,PagoServicio,10931.80,2026-06-10,20:33:57,Rechazada
TX-001064,002-250616,Carlos Perez,Deposito,7124.45,2026-12-03,21:55:36,Anulada
TX-001065,006-169327,Elena Vargas,PagoServicio,1335.84,2026-06-09,00:26:59,Pendiente
TX-001066,007-283388,Valeria Leon,PagoServicio,10656.60,2026-10-21,07:22:54,Rechazada
TX-001067,004-295041,Miguel Castro,PagoServicio,4349.05,2026-07-10,12:35:21,Aprobada
TX-001068,005-975126,Diego Flores,Deposito,7416.57,2026-10-15,07:57:28,Observada
TX-001069,004-128143,Rosa Herrera,Transferencia,2318.82,2026-04-27,13:46:53,Observada
TX-001070,002-785572,Camila Ruiz,Deposito,6263.18,2026-07-11,00:42:52,Rechazada
TX-001071,001-225152,Rosa Herrera,Deposito,7400.82,2026-01-26,21:55:13,Anulada
TX-001072,006-709291,Jorge Medina,PagoServicio,13026.51,2026-09-01,21:20:50,Observada
TX-001073,002-491330,Valeria Leon,Transferencia,12680.75,2026-03-05,05:50:46,Anulada
TX-001074,001-253235,Pedro Castillo,PagoServicio,13175.98,2026-02-22,14:55:38,Pendiente
TX-001075,003-155457,Lucia Vega,Deposito,6298.51,2026-12-21,05:25:52,Pendiente
TX-001076,001-403936,Lucia Vega,Transferencia,7712.86,2026-10-25,15:45:40,Rechazada
TX-001077,002-727847,Rosa Herrera,Retiro,8160.25,2026-12-05,19:45:33,Pendiente
TX-001078,005-384645,Camila Ruiz,Deposito,1446.54,2026-08-14,06:25:35,Pendiente
TX-001079,003-113524,Maria Soto,Deposito,5601.48,2026-07-08,07:35:11,Observada
TX-001080,006-270948,Luis Ramos,Retiro,2326.78,2026-03-27,20:55:37,Rechazada
TX-001081,009-743226,Fernando Diaz,Transferencia,6266.02,2026-12-22,18:01:45,Aprobada
TX-001082,002-958620,Maria Soto,Transferencia,7197.98,2026-05-02,00:04:30,Pendiente
TX-001083,003-956727,Jorge Medina,Deposito,2591.39,2026-04-29,07:51:47,Aprobada
TX-001084,002-333159,Maria Soto,Retiro,10323.83,2026-04-30,09:26:22,Rechazada
TX-001085,004-236543,Luis Ramos,PagoServicio,10365.36,2026-11-01,11:41:12,Aprobada
TX-001086,002-119719,Rosa Herrera,PagoServicio,11362.44,2026-01-17,12:17:11,Rechazada
TX-001087,002-134385,Rosa Herrera,Transferencia,7041.54,2026-12-19,20:06:24,Pendiente
TX-001088,001-169465,Lucia Vega,Transferencia,11320.71,2026-10-31,20:13:28,Aprobada
TX-001089,004-716146,Elena Vargas,Retiro,2779.88,2026-05-17,12:31:52,Aprobada
TX-001090,002-252627,Miguel Castro,Deposito,14232.39,2026-05-16,02:04:17,Pendiente
TX-001091,003-996677,Valeria Leon,Retiro,7578.59,2026-01-27,12:56:50,Aprobada
TX-001092,001-654527,Carlos Perez,Retiro,14464.31,2026-03-08,17:02:40,Anulada
TX-001093,001-860583,Luis Ramos,Retiro,13807.95,2026-11-27,14:39:40,Observada
TX-001094,006-832045,Diego Flores,Retiro,6600.59,2026-02-11,16:20:12,Rechazada
TX-001095,006-498055,Sofia Rojas,Retiro,7718.62,2026-06-08,06:54:07,Aprobada
TX-001096,006-229620,Jorge Medina,Transferencia,7800.72,2026-07-12,13:20:24,Pendiente
TX-001097,005-684195,Fernando Diaz,Transferencia,1242.90,2026-07-11,17:44:12,Aprobada
TX-001098,007-397388,Jorge Medina,Deposito,10308.83,2026-11-23,15:31:43,Observada
TX-001099,004-680822,Sofia Rojas,Deposito,14774.59,2026-06-16,04:53:30,Rechazada
TX-001100,002-981913,Rosa Herrera,PagoServicio,14086.84,2026-05-23,16:48:07,Rechazada
TX-001101,001-806906,Jorge Medina,Transferencia,5951.58,2026-07-22,23:33:59,Aprobada
TX-001102,002-250331,Sofia Rojas,PagoServicio,10428.61,2026-02-09,12:07:09,Rechazada
TX-001103,002-481377,Carlos Perez,Deposito,3011.95,2026-11-24,18:55:30,Observada
TX-001104,002-344181,Miguel Castro,PagoServicio,10880.76,2026-04-19,03:58:44,Anulada
TX-001105,005-893041,Rosa Herrera,PagoServicio,5347.90,2026-09-16,21:52:48,Anulada
TX-001106,007-608069,Valeria Leon,Deposito,2219.14,2026-06-26,13:30:10,Aprobada
TX-001107,002-362867,Jorge Medina,PagoServicio,3470.02,2026-02-22,06:38:27,Aprobada
TX-001108,002-873637,Ana Torres,Transferencia,7477.04,2026-01-11,09:19:03,Rechazada
TX-001109,007-733952,Camila Ruiz,Deposito,2299.52,2026-08-30,13:09:01,Anulada
TX-001110,002-897097,Luis Ramos,PagoServicio,11893.04,2026-03-20,10:08:25,Pendiente
TX-001111,008-614064,Valeria Leon,Deposito,8141.15,2026-11-11,08:54:55,Anulada
TX-001112,009-118528,Rosa Herrera,Transferencia,14860.77,2026-12-08,19:21:56,Aprobada
TX-001113,007-571980,Pedro Castillo,PagoServicio,6643.92,2026-01-14,23:22:06,Aprobada
TX-001114,003-683707,Camila Ruiz,Deposito,13271.66,2026-03-05,17:56:06,Observada
TX-001115,007-241021,Lucia Vega,PagoServicio,7316.95,2026-02-12,11:30:50,Anulada
TX-001116,008-792142,Valeria Leon,PagoServicio,7143.91,2026-11-28,19:07:58,Rechazada
TX-001117,009-158444,Sofia Rojas,Deposito,7425.42,2026-05-27,17:19:47,Anulada
TX-001118,006-903702,Lucia Vega,Deposito,930.75,2026-08-18,07:31:04,Aprobada
TX-001119,003-977589,Pedro Castillo,Deposito,12145.21,2026-08-15,18:58:00,Aprobada
TX-001120,006-499060,Luis Ramos,PagoServicio,5183.69,2026-05-19,18:53:35,Observada
TX-001121,006-159191,Camila Ruiz,Retiro,3721.73,2026-09-09,16:34:11,Pendiente
TX-001122,002-821411,Luis Ramos,Deposito,1725.92,2026-03-07,22:27:26,Aprobada
TX-001123,009-441958,Ana Torres,PagoServicio,9869.94,2026-06-14,01:44:02,Anulada
TX-001124,009-541631,Lucia Vega,Transferencia,10442.42,2026-08-17,08:27:24,Aprobada
TX-001125,006-496086,Diego Flores,PagoServicio,4843.10,2026-02-07,22:52:09,Observada
TX-001126,002-824423,Camila Ruiz,Retiro,5046.15,2026-07-15,06:08:32,Pendiente
TX-001127,003-744693,Lucia Vega,Deposito,14541.72,2026-03-20,08:31:36,Observada
TX-001128,002-981202,Miguel Castro,Retiro,4317.46,2026-01-19,11:01:27,Pendiente
TX-001129,007-943687,Carlos Perez,Transferencia,10768.43,2026-08-13,13:09:06,Aprobada
TX-001130,006-386643,Luis Ramos,PagoServicio,6412.32,2026-05-15,21:13:27,Aprobada
TX-001131,005-629152,Rosa Herrera,Deposito,6499.33,2026-07-29,16:40:34,Pendiente
TX-001132,004-534439,Sofia Rojas,Deposito,9378.21,2026-06-26,00:23:48,Anulada
TX-001133,003-119506,Camila Ruiz,Retiro,8656.88,2026-03-24,16:51:50,Observada
TX-001134,005-768914,Valeria Leon,PagoServicio,14020.19,2026-10-10,04:32:35,Aprobada
TX-001135,009-310394,Pedro Castillo,PagoServicio,2224.68,2026-02-28,10:30:24,Pendiente
TX-001136,007-530189,Pedro Castillo,Transferencia,9512.57,2026-11-25,12:59:01,Observada
TX-001137,005-963723,Lucia Vega,Retiro,3854.14,2026-08-22,11:53:27,Rechazada
TX-001138,007-350067,Luis Ramos,Retiro,2886.82,2026-04-06,09:01:59,Pendiente
TX-001139,008-608960,Valeria Leon,PagoServicio,6336.07,2026-12-18,17:19:20,Aprobada
TX-001140,004-267099,Lucia Vega,Retiro,446.84,2026-11-03,16:15:22,Pendiente
TX-001141,009-284533,Camila Ruiz,Transferencia,14457.17,2026-07-08,16:22:31,Aprobada
TX-001142,001-188006,Pedro Castillo,Deposito,13008.90,2026-12-16,17:57:58,Observada
TX-001143,006-804299,Camila Ruiz,Transferencia,5959.46,2026-11-23,03:36:03,Rechazada
TX-001144,004-217369,Diego Flores,Transferencia,7834.14,2026-11-18,22:40:06,Anulada
TX-001145,009-364039,Jorge Medina,Transferencia,3578.77,2026-02-17,11:42:09,Pendiente
TX-001146,006-972765,Diego Flores,PagoServicio,12089.57,2026-10-16,22:12:00,Rechazada
TX-001147,007-328598,Maria Soto,Transferencia,2635.56,2026-04-17,14:57:59,Observada
TX-001148,007-366659,Miguel Castro,Transferencia,7360.48,2026-05-26,12:30:12,Aprobada
TX-001149,006-672255,Sofia Rojas,PagoServicio,10244.25,2026-04-18,20:39:58,Rechazada
TX-001150,006-598306,Fernando Diaz,Deposito,12322.27,2026-01-09,04:25:33,Anulada
TX-001151,001-982348,Fernando Diaz,Transferencia,10363.33,2026-11-03,08:10:26,Rechazada
TX-001152,005-679577,Sofia Rojas,Deposito,9587.85,2026-09-30,02:13:18,Pendiente
TX-001153,002-660894,Miguel Castro,Retiro,12866.13,2026-05-31,20:48:44,Aprobada
TX-001154,007-367946,Lucia Vega,Transferencia,14045.47,2026-10-21,20:39:22,Rechazada
TX-001155,005-320606,Miguel Castro,Retiro,13739.20,2026-09-03,04:38:01,Pendiente
TX-001156,007-927659,Ana Torres,Deposito,12998.00,2026-11-16,16:45:33,Observada
TX-001157,008-872739,Sofia Rojas,Deposito,10763.62,2026-12-07,12:00:24,Aprobada
TX-001158,003-832411,Lucia Vega,Transferencia,5284.33,2026-08-22,20:07:38,Anulada
TX-001159,006-575279,Fernando Diaz,Transferencia,11432.01,2026-09-07,02:01:39,Rechazada
TX-001160,008-929443,Camila Ruiz,Retiro,56.11,2026-03-19,16:50:13,Pendiente
TX-001161,006-703779,Luis Ramos,Transferencia,2375.76,2026-07-20,12:52:44,Rechazada
TX-001162,007-931145,Pedro Castillo,PagoServicio,7180.70,2026-10-13,12:18:02,Rechazada
TX-001163,005-281905,Camila Ruiz,Deposito,11994.93,2026-03-19,03:40:48,Aprobada
TX-001164,007-485456,Maria Soto,PagoServicio,13147.09,2026-11-21,03:46:21,Anulada
TX-001165,004-121741,Ana Torres,Retiro,13603.60,2026-06-29,14:06:44,Rechazada
TX-001166,005-835325,Miguel Castro,Retiro,756.25,2026-08-29,00:12:54,Observada
TX-001167,005-256501,Luis Ramos,Deposito,2560.14,2026-08-09,07:05:13,Aprobada
TX-001168,001-853489,Valeria Leon,PagoServicio,11602.66,2026-12-27,12:14:31,Observada
TX-001169,008-224269,Carlos Perez,Retiro,2866.26,2026-12-01,17:49:57,Pendiente
TX-001170,005-882702,Jorge Medina,PagoServicio,1961.69,2026-11-29,13:38:46,Rechazada
TX-001171,004-964119,Lucia Vega,Retiro,6280.78,2026-06-08,15:43:14,Rechazada
TX-001172,001-404289,Lucia Vega,Retiro,9269.03,2026-12-19,08:54:43,Rechazada
TX-001173,006-711218,Camila Ruiz,PagoServicio,1295.22,2026-07-02,02:17:36,Rechazada
TX-001174,006-826687,Sofia Rojas,Retiro,10702.91,2026-10-03,03:15:43,Observada
TX-001175,005-176604,Luis Ramos,Transferencia,791.17,2026-12-28,14:09:04,Rechazada
TX-001176,008-471512,Diego Flores,Transferencia,90.36,2026-07-15,22:40:20,Anulada
TX-001177,007-417201,Sofia Rojas,Deposito,1992.25,2026-12-13,12:08:54,Anulada
TX-001178,001-708684,Maria Soto,Deposito,2556.30,2026-07-11,09:36:00,Pendiente
TX-001179,008-238327,Luis Ramos,Deposito,10656.73,2026-06-18,03:11:48,Rechazada
TX-001180,005-222517,Pedro Castillo,Transferencia,14677.96,2026-07-13,20:58:48,Pendiente
TX-001181,006-550977,Lucia Vega,Deposito,9197.84,2026-10-23,18:17:24,Pendiente
TX-001182,009-428215,Sofia Rojas,Retiro,4739.99,2026-07-10,19:00:46,Rechazada
TX-001183,009-994470,Elena Vargas,PagoServicio,807.80,2026-02-27,17:14:46,Aprobada
TX-001184,004-292037,Ana Torres,PagoServicio,3910.76,2026-10-02,04:03:02,Observada
TX-001185,007-221660,Elena Vargas,PagoServicio,621.47,2026-05-19,11:00:29,Anulada
TX-001186,008-579995,Jorge Medina,Transferencia,12689.12,2026-12-03,15:54:02,Rechazada
TX-001187,002-466586,Luis Ramos,Retiro,13023.91,2026-03-12,03:49:34,Rechazada
TX-001188,009-962529,Lucia Vega,Retiro,8757.38,2026-01-02,14:27:16,Anulada
TX-001189,003-536646,Elena Vargas,Transferencia,3699.90,2026-07-13,10:43:44,Aprobada
TX-001190,006-127223,Lucia Vega,Transferencia,5918.61,2026-08-18,06:21:12,Aprobada
TX-001191,006-261245,Ana Torres,Transferencia,6908.90,2026-10-02,20:18:14,Observada
TX-001192,008-758879,Lucia Vega,Transferencia,4948.11,2026-01-18,00:41:01,Anulada
TX-001193,008-440698,Fernando Diaz,Retiro,3178.39,2026-01-19,21:45:05,Pendiente
TX-001194,006-936917,Ana Torres,Transferencia,8211.87,2026-08-22,21:45:50,Observada
TX-001195,002-518233,Lucia Vega,Retiro,3608.80,2026-10-27,09:05:56,Observada
TX-001196,002-121508,Miguel Castro,Retiro,2452.48,2026-10-30,17:23:49,Observada
TX-001197,005-778604,Rosa Herrera,Retiro,1817.82,2026-07-10,15:00:28,Observada
TX-001198,005-818234,Diego Flores,Retiro,5392.07,2026-02-07,07:49:26,Pendiente
TX-001199,009-309580,Jorge Medina,PagoServicio,13282.34,2026-07-05,00:44:23,Pendiente
TX-001200,007-194604,Rosa Herrera,PagoServicio,12166.81,2026-08-27,09:39:44,Rechazada
TX-001201,007-761322,Sofia Rojas,Transferencia,616.17,2026-05-13,17:17:34,Observada
TX-001202,004-779068,Camila Ruiz,Retiro,13960.71,2026-07-24,18:35:37,Anulada
TX-001203,002-404824,Jorge Medina,PagoServicio,1196.96,2026-11-08,06:56:16,Observada
TX-001204,005-255825,Maria Soto,Deposito,12624.65,2026-07-23,03:34:16,Observada
TX-001205,005-696152,Ana Torres,Transferencia,13760.36,2026-07-19,09:22:12,Aprobada
TX-001206,009-545554,Sofia Rojas,Transferencia,6975.20,2026-10-07,17:46:32,Anulada
TX-001207,005-472724,Lucia Vega,Transferencia,11532.02,2026-01-07,07:38:06,Aprobada
TX-001208,008-288274,Rosa Herrera,Retiro,12645.22,2026-01-18,13:50:30,Aprobada
TX-001209,007-838594,Lucia Vega,Deposito,8812.25,2026-06-26,16:53:24,Observada
TX-001210,005-457915,Elena Vargas,Retiro,3173.91,2026-01-31,09:04:05,Anulada
TX-001211,005-806120,Luis Ramos,PagoServicio,8020.30,2026-01-03,06:29:55,Observada
TX-001212,002-113950,Maria Soto,PagoServicio,6907.84,2026-06-07,07:43:38,Anulada
TX-001213,008-417508,Diego Flores,Deposito,10363.03,2026-09-26,02:00:01,Observada
TX-001214,005-191892,Maria Soto,Retiro,218.00,2026-02-13,11:06:00,Aprobada
TX-001215,004-128117,Carlos Perez,PagoServicio,9732.86,2026-09-10,08:00:50,Rechazada
TX-001216,007-982995,Camila Ruiz,Retiro,1300.54,2026-10-26,22:19:15,Observada
TX-001217,003-597013,Sofia Rojas,Transferencia,1755.72,2026-12-17,11:07:14,Rechazada
TX-001218,008-608608,Jorge Medina,Transferencia,12898.35,2026-08-16,06:42:15,Rechazada
TX-001219,004-409153,Diego Flores,PagoServicio,773.32,2026-01-04,01:23:37,Aprobada
TX-001220,007-535878,Miguel Castro,PagoServicio,11058.80,2026-08-20,09:37:37,Anulada
TX-001221,005-138815,Jorge Medina,PagoServicio,7296.65,2026-08-18,12:53:07,Anulada
TX-001222,008-343170,Fernando Diaz,Transferencia,7929.35,2026-06-13,21:22:02,Anulada
TX-001223,006-680130,Luis Ramos,Deposito,13394.23,2026-06-12,00:00:10,Observada
TX-001224,002-618823,Diego Flores,Deposito,6730.40,2026-06-19,09:57:30,Aprobada
TX-001225,003-402001,Fernando Diaz,Retiro,7043.91,2026-06-20,03:29:15,Rechazada
TX-001226,009-330374,Diego Flores,Deposito,13826.82,2026-11-28,10:45:57,Observada
TX-001227,003-407645,Fernando Diaz,PagoServicio,14397.45,2026-11-20,12:52:31,Pendiente
TX-001228,008-938603,Miguel Castro,Retiro,9331.42,2026-04-20,16:41:31,Aprobada
TX-001229,008-235367,Maria Soto,Retiro,2353.15,2026-07-11,03:30:12,Aprobada
TX-001230,007-617708,Lucia Vega,Retiro,3149.40,2026-01-19,06:31:53,Aprobada
TX-001231,006-373477,Pedro Castillo,Retiro,2628.97,2026-11-30,18:45:48,Anulada
TX-001232,001-946007,Luis Ramos,Deposito,6465.00,2026-08-28,20:06:13,Rechazada
TX-001233,002-689280,Carlos Perez,PagoServicio,3874.75,2026-05-13,04:03:05,Pendiente
TX-001234,001-907503,Elena Vargas,Deposito,13445.80,2026-11-28,10:20:25,Anulada
TX-001235,002-840719,Ana Torres,PagoServicio,11986.81,2026-11-23,20:15:08,Aprobada
TX-001236,002-919621,Diego Flores,Transferencia,12355.92,2026-01-17,07:11:00,Anulada
TX-001237,002-275160,Camila Ruiz,Transferencia,13064.33,2026-12-20,19:00:10,Pendiente
TX-001238,003-863729,Lucia Vega,PagoServicio,11431.85,2026-07-13,13:20:26,Aprobada
TX-001239,003-778526,Pedro Castillo,Deposito,12289.22,2026-02-17,18:17:20,Rechazada
TX-001240,008-535945,Rosa Herrera,Transferencia,3687.29,2026-11-11,05:46:48,Observada
TX-001241,006-400687,Valeria Leon,Retiro,1287.66,2026-05-25,15:21:30,Observada
TX-001242,006-760016,Camila Ruiz,Retiro,2282.65,2026-10-20,15:11:45,Anulada
TX-001243,007-925455,Carlos Perez,Retiro,12028.51,2026-06-10,13:15:18,Observada
TX-001244,008-993796,Valeria Leon,Deposito,14156.67,2026-06-21,21:07:56,Rechazada
TX-001245,001-852485,Rosa Herrera,Transferencia,1280.83,2026-05-03,06:11:28,Observada
TX-001246,003-555157,Ana Torres,PagoServicio,11390.29,2026-09-14,09:17:16,Rechazada
TX-001247,001-762288,Fernando Diaz,Deposito,6295.39,2026-12-11,00:05:40,Anulada
TX-001248,005-856601,Fernando Diaz,Deposito,13639.37,2026-01-04,01:39:14,Pendiente
TX-001249,009-740051,Elena Vargas,Retiro,10507.42,2026-06-23,06:47:00,Rechazada
TX-001250,009-754688,Rosa Herrera,PagoServicio,10465.09,2026-12-11,17:43:46,Observada
TX-001251,004-416178,Luis Ramos,Transferencia,8066.13,2026-06-01,11:00:11,Rechazada
TX-001252,009-667059,Lucia Vega,Retiro,1401.37,2026-08-03,07:01:00,Pendiente
TX-001253,009-457259,Rosa Herrera,Retiro,361.09,2026-12-12,18:22:39,Anulada
TX-001254,005-353063,Miguel Castro,Deposito,10900.37,2026-07-16,05:30:01,Aprobada
TX-001255,001-982464,Pedro Castillo,Deposito,9408.57,2026-05-18,15:55:51,Aprobada
TX-001256,001-893310,Camila Ruiz,Transferencia,6736.57,2026-08-11,07:29:00,Aprobada
TX-001257,008-455446,Carlos Perez,Retiro,5261.55,2026-04-21,12:03:46,Anulada
TX-001258,003-849051,Sofia Rojas,Retiro,1587.35,2026-07-20,13:40:47,Anulada
TX-001259,004-962813,Rosa Herrera,Deposito,6820.10,2026-02-26,21:58:31,Observada
TX-001260,007-185927,Luis Ramos,Transferencia,6379.05,2026-02-20,12:16:40,Observada
TX-001261,004-567836,Luis Ramos,Deposito,10155.57,2026-06-06,09:56:11,Anulada
TX-001262,009-644153,Rosa Herrera,PagoServicio,13081.50,2026-08-15,22:06:21,Observada
TX-001263,007-561457,Fernando Diaz,PagoServicio,10978.44,2026-06-11,21:59:52,Rechazada
TX-001264,003-630354,Maria Soto,PagoServicio,10670.15,2026-02-20,05:57:26,Anulada
TX-001265,009-223792,Fernando Diaz,Retiro,6836.93,2026-01-13,15:55:22,Rechazada
TX-001266,009-487272,Elena Vargas,Transferencia,9027.99,2026-06-08,16:36:47,Aprobada
TX-001267,002-487538,Diego Flores,Deposito,613.83,2026-03-01,12:54:05,Aprobada
TX-001268,006-419736,Pedro Castillo,Deposito,4416.78,2026-01-11,20:46:18,Rechazada
TX-001269,003-921866,Diego Flores,PagoServicio,739.28,2026-12-14,07:02:29,Pendiente
TX-001270,005-326053,Maria Soto,PagoServicio,41.27,2026-08-01,15:25:03,Pendiente
TX-001271,002-146852,Sofia Rojas,PagoServicio,8600.16,2026-08-08,17:18:08,Observada
TX-001272,006-919304,Sofia Rojas,PagoServicio,12518.56,2026-11-20,18:29:35,Anulada
TX-001273,003-898963,Maria Soto,PagoServicio,11427.56,2026-09-17,02:56:53,Observada
TX-001274,003-863220,Pedro Castillo,Transferencia,11999.18,2026-09-16,01:36:37,Anulada
TX-001275,007-506045,Carlos Perez,PagoServicio,5091.58,2026-01-18,19:04:14,Observada
TX-001276,005-777292,Luis Ramos,Retiro,10611.06,2026-08-11,03:22:40,Pendiente
TX-001277,009-776498,Luis Ramos,Transferencia,2894.48,2026-08-29,06:44:23,Anulada
TX-001278,001-697944,Valeria Leon,Retiro,11260.87,2026-07-15,04:55:59,Aprobada
TX-001279,002-790229,Elena Vargas,Retiro,14436.03,2026-04-17,18:50:11,Rechazada
TX-001280,004-969993,Fernando Diaz,PagoServicio,1278.87,2026-07-27,04:59:21,Anulada
TX-001281,006-521315,Diego Flores,Transferencia,7377.18,2026-12-29,16:06:05,Aprobada
TX-001282,006-558245,Maria Soto,PagoServicio,370.61,2026-07-25,00:24:03,Pendiente
TX-001283,007-369670,Luis Ramos,Transferencia,14696.99,2026-07-30,09:44:55,Rechazada
TX-001284,005-251030,Maria Soto,Deposito,11526.89,2026-03-01,21:30:11,Pendiente
TX-001285,007-811572,Maria Soto,Transferencia,9220.99,2026-05-07,07:55:44,Rechazada
TX-001286,001-847949,Ana Torres,Deposito,5855.20,2026-05-05,07:00:09,Rechazada
TX-001287,007-439966,Lucia Vega,PagoServicio,14124.25,2026-12-16,07:57:42,Aprobada
TX-001288,001-312398,Carlos Perez,Retiro,7399.76,2026-10-20,04:46:58,Anulada
TX-001289,007-220671,Lucia Vega,Transferencia,4781.86,2026-08-03,19:27:43,Observada
TX-001290,002-607690,Ana Torres,PagoServicio,9506.78,2026-12-21,20:37:42,Aprobada
TX-001291,005-680990,Diego Flores,Transferencia,3702.28,2026-08-04,10:14:53,Rechazada
TX-001292,005-695848,Sofia Rojas,PagoServicio,1267.79,2026-09-04,22:04:34,Anulada
TX-001293,004-920910,Maria Soto,Deposito,8111.19,2026-03-07,07:37:43,Rechazada
TX-001294,009-544336,Elena Vargas,PagoServicio,636.46,2026-11-12,14:23:18,Observada
TX-001295,005-784781,Maria Soto,Transferencia,912.02,2026-12-24,23:53:54,Observada
TX-001296,005-726909,Lucia Vega,PagoServicio,14988.64,2026-11-24,04:05:51,Rechazada
TX-001297,009-394976,Ana Torres,Retiro,11090.35,2026-08-07,16:18:02,Aprobada
TX-001298,005-194073,Sofia Rojas,Transferencia,12459.17,2026-10-09,14:10:38,Anulada
TX-001299,005-552945,Carlos Perez,Deposito,13260.13,2026-05-14,01:35:31,Pendiente
TX-001300,008-386275,Carlos Perez,Deposito,5131.03,2026-06-28,13:38:25,Anulada
TX-001301,006-116645,Elena Vargas,Retiro,9700.18,2026-01-01,19:05:03,Anulada
TX-001302,008-104487,Elena Vargas,Transferencia,10093.87,2026-06-10,10:57:30,Anulada
TX-001303,008-899502,Sofia Rojas,Transferencia,11811.71,2026-09-10,02:01:30,Aprobada
TX-001304,009-132450,Elena Vargas,PagoServicio,10086.97,2026-05-18,02:08:57,Observada
TX-001305,006-505537,Maria Soto,Transferencia,1880.21,2026-05-24,21:07:47,Rechazada
TX-001306,008-109818,Carlos Perez,Transferencia,11378.73,2026-09-22,07:13:34,Pendiente
TX-001307,004-194336,Miguel Castro,Deposito,12128.13,2026-03-27,21:14:44,Rechazada
TX-001308,008-480632,Ana Torres,Deposito,7397.64,2026-10-01,10:12:00,Anulada
TX-001309,004-107482,Carlos Perez,PagoServicio,1673.09,2026-04-18,17:03:59,Anulada
TX-001310,009-618008,Maria Soto,Retiro,9900.98,2026-08-08,16:46:18,Anulada
TX-001311,003-168535,Diego Flores,Retiro,11192.14,2026-02-19,11:44:31,Pendiente
TX-001312,004-648489,Fernando Diaz,Deposito,2885.85,2026-09-21,07:13:10,Aprobada
TX-001313,009-744304,Lucia Vega,PagoServicio,39.30,2026-06-15,20:59:43,Aprobada
TX-001314,006-553559,Miguel Castro,PagoServicio,4117.79,2026-09-22,03:40:34,Anulada
TX-001315,008-619647,Pedro Castillo,Transferencia,13258.20,2026-03-29,04:56:27,Aprobada
TX-001316,005-540467,Valeria Leon,PagoServicio,4750.47,2026-06-02,04:23:22,Rechazada
TX-001317,006-185782,Elena Vargas,Transferencia,14854.07,2026-03-29,15:00:19,Observada
TX-001318,002-362127,Carlos Perez,Retiro,4945.08,2026-01-25,09:44:58,Aprobada
TX-001319,001-603281,Sofia Rojas,Transferencia,8892.04,2026-09-01,05:30:43,Pendiente
TX-001320,005-359159,Luis Ramos,PagoServicio,3583.00,2026-05-13,08:30:16,Aprobada
TX-001321,006-644918,Rosa Herrera,Retiro,14153.78,2026-10-29,06:30:32,Anulada
TX-001322,008-901215,Luis Ramos,PagoServicio,8688.23,2026-02-03,05:14:28,Aprobada
TX-001323,001-495727,Pedro Castillo,Transferencia,11741.87,2026-01-25,01:54:09,Observada
TX-001324,001-416115,Diego Flores,PagoServicio,996.20,2026-09-21,03:21:30,Aprobada
TX-001325,009-154738,Lucia Vega,PagoServicio,6031.23,2026-08-28,17:40:17,Observada
TX-001326,004-728700,Rosa Herrera,Transferencia,6806.63,2026-06-30,06:44:32,Observada
TX-001327,002-456113,Camila Ruiz,Transferencia,6816.61,2026-05-08,10:59:12,Anulada
TX-001328,004-213253,Luis Ramos,Transferencia,8931.67,2026-01-27,05:33:36,Anulada
TX-001329,004-701056,Maria Soto,Deposito,5337.31,2026-07-06,22:58:00,Anulada
TX-001330,008-294954,Carlos Perez,Retiro,11957.41,2026-01-24,11:49:07,Rechazada
TX-001331,005-712916,Sofia Rojas,Deposito,4674.71,2026-12-10,18:51:58,Anulada
TX-001332,003-254569,Jorge Medina,Deposito,9053.91,2026-04-24,00:54:45,Pendiente
TX-001333,001-642827,Diego Flores,Retiro,869.19,2026-07-16,22:35:16,Anulada
TX-001334,001-542563,Pedro Castillo,Retiro,14647.90,2026-09-06,18:24:12,Rechazada
TX-001335,002-458143,Carlos Perez,PagoServicio,10424.78,2026-07-01,12:30:21,Anulada
TX-001336,006-993395,Diego Flores,Deposito,9245.39,2026-06-12,14:31:22,Pendiente
TX-001337,003-209940,Jorge Medina,Transferencia,7444.00,2026-12-24,06:35:20,Aprobada
TX-001338,004-826894,Carlos Perez,PagoServicio,9362.56,2026-04-03,19:49:08,Observada
TX-001339,006-946485,Fernando Diaz,PagoServicio,3087.69,2026-03-13,13:16:59,Aprobada
TX-001340,006-110372,Luis Ramos,Deposito,459.96,2026-02-14,17:38:31,Rechazada
TX-001341,005-561801,Carlos Perez,Deposito,668.13,2026-01-12,12:41:22,Rechazada
TX-001342,004-397901,Maria Soto,Retiro,13281.88,2026-10-07,04:02:36,Rechazada
TX-001343,006-988704,Valeria Leon,Retiro,2686.34,2026-01-09,08:19:12,Rechazada
TX-001344,005-206105,Ana Torres,Retiro,5690.05,2026-11-02,19:13:52,Aprobada
TX-001345,006-320449,Lucia Vega,PagoServicio,3609.85,2026-11-11,08:58:22,Pendiente
TX-001346,003-652522,Rosa Herrera,PagoServicio,13177.03,2026-01-26,09:21:45,Aprobada
TX-001347,003-237148,Rosa Herrera,Retiro,2883.30,2026-05-27,21:02:16,Pendiente
TX-001348,006-728672,Sofia Rojas,Retiro,13815.99,2026-10-24,08:26:35,Anulada
TX-001349,004-995940,Valeria Leon,Deposito,11845.92,2026-05-08,06:12:16,Rechazada
TX-001350,001-760035,Rosa Herrera,Deposito,13094.04,2026-11-27,16:34:47,Anulada
TX-001351,008-319401,Fernando Diaz,Transferencia,11772.13,2026-11-04,04:37:42,Anulada
TX-001352,002-275566,Valeria Leon,PagoServicio,11272.11,2026-09-08,12:30:09,Anulada
TX-001353,006-622807,Valeria Leon,PagoServicio,2693.19,2026-10-04,16:51:32,Pendiente
TX-001354,009-828246,Jorge Medina,PagoServicio,7111.63,2026-08-14,17:03:09,Observada
TX-001355,001-317264,Carlos Perez,Retiro,6786.68,2026-04-02,00:37:21,Observada
TX-001356,004-420863,Sofia Rojas,PagoServicio,8574.84,2026-12-30,07:28:54,Pendiente
TX-001357,005-677295,Luis Ramos,Retiro,11276.83,2026-04-25,14:02:48,Observada
TX-001358,009-468653,Carlos Perez,Transferencia,6984.14,2026-08-30,05:18:44,Pendiente
TX-001359,007-573066,Jorge Medina,PagoServicio,6140.20,2026-11-09,10:31:30,Observada
TX-001360,006-386281,Sofia Rojas,Transferencia,2701.69,2026-04-01,19:05:04,Pendiente
TX-001361,002-476536,Elena Vargas,Transferencia,4424.82,2026-07-14,20:47:16,Anulada
TX-001362,009-774920,Luis Ramos,Deposito,13899.82,2026-02-08,05:14:21,Aprobada
TX-001363,002-477735,Ana Torres,Retiro,5013.03,2026-09-20,04:27:22,Pendiente
TX-001364,005-417420,Fernando Diaz,Deposito,2867.73,2026-08-23,14:00:19,Rechazada
TX-001365,009-373820,Ana Torres,Deposito,4234.86,2026-05-15,14:50:51,Observada
TX-001366,007-961784,Diego Flores,Transferencia,7085.34,2026-07-19,02:12:57,Rechazada
TX-001367,007-338633,Carlos Perez,Retiro,7121.83,2026-07-20,07:50:26,Anulada
TX-001368,009-894423,Jorge Medina,PagoServicio,5116.49,2026-02-03,08:25:15,Pendiente
TX-001369,004-549622,Rosa Herrera,PagoServicio,3151.68,2026-06-24,18:02:32,Anulada
TX-001370,001-492901,Maria Soto,Retiro,4590.52,2026-10-14,12:50:29,Aprobada
TX-001371,008-949767,Camila Ruiz,Deposito,5103.94,2026-06-12,18:44:10,Observada
TX-001372,007-899897,Rosa Herrera,Deposito,4897.93,2026-01-10,00:36:39,Anulada
TX-001373,001-245893,Maria Soto,Deposito,8527.18,2026-11-07,08:34:42,Anulada
TX-001374,007-499841,Carlos Perez,PagoServicio,965.00,2026-05-31,01:49:28,Rechazada
TX-001375,008-213915,Pedro Castillo,PagoServicio,9588.66,2026-04-29,07:30:05,Aprobada
TX-001376,003-209380,Camila Ruiz,Retiro,490.57,2026-09-25,14:10:27,Anulada
TX-001377,008-128142,Maria Soto,Retiro,1051.67,2026-05-30,20:47:37,Pendiente
TX-001378,004-344359,Lucia Vega,Transferencia,6825.41,2026-05-24,04:05:17,Anulada
TX-001379,001-280172,Pedro Castillo,PagoServicio,5872.67,2026-02-13,00:12:30,Rechazada
TX-001380,009-538738,Jorge Medina,Transferencia,5841.00,2026-12-17,22:02:45,Rechazada
TX-001381,003-315667,Lucia Vega,PagoServicio,12270.26,2026-09-16,04:18:59,Observada
TX-001382,003-733035,Diego Flores,Deposito,8816.50,2026-07-15,03:24:23,Observada
TX-001383,005-311500,Ana Torres,Retiro,6691.52,2026-11-17,05:40:01,Observada
TX-001384,004-651400,Pedro Castillo,PagoServicio,6908.47,2026-08-12,17:56:47,Aprobada
TX-001385,002-401897,Camila Ruiz,PagoServicio,5208.26,2026-11-24,05:58:08,Pendiente
TX-001386,007-742805,Miguel Castro,Retiro,6231.64,2026-03-11,17:47:21,Anulada
TX-001387,007-580067,Sofia Rojas,Retiro,10480.85,2026-02-07,02:26:34,Observada
TX-001388,001-351338,Elena Vargas,Retiro,4113.91,2026-09-01,22:09:35,Anulada
TX-001389,005-799040,Elena Vargas,Transferencia,10473.68,2026-10-08,13:20:36,Rechazada
TX-001390,008-531256,Rosa Herrera,Transferencia,14929.79,2026-01-30,17:20:42,Aprobada
TX-001391,009-903774,Rosa Herrera,Deposito,6157.34,2026-03-06,00:24:42,Pendiente
TX-001392,004-630647,Ana Torres,PagoServicio,410.50,2026-09-06,02:40:06,Observada
TX-001393,007-460351,Fernando Diaz,PagoServicio,12838.04,2026-06-04,01:16:21,Aprobada
TX-001394,001-362779,Luis Ramos,Retiro,4913.38,2026-10-18,18:09:58,Observada
TX-001395,008-583767,Luis Ramos,Transferencia,8230.94,2026-04-05,02:20:24,Observada
TX-001396,003-593656,Miguel Castro,Deposito,12625.02,2026-03-08,06:00:20,Aprobada
TX-001397,002-285846,Lucia Vega,Transferencia,8024.46,2026-06-01,18:58:53,Rechazada
TX-001398,002-804005,Rosa Herrera,Transferencia,10163.97,2026-03-01,14:41:27,Observada
TX-001399,006-286583,Carlos Perez,Transferencia,13391.39,2026-07-26,17:23:04,Rechazada
TX-001400,008-830587,Ana Torres,Transferencia,5865.37,2026-04-30,17:47:25,Observada
TX-001401,001-727263,Ana Torres,Transferencia,11588.42,2026-10-25,22:01:22,Rechazada
TX-001402,004-492843,Elena Vargas,Retiro,3007.79,2026-01-07,05:29:20,Observada
TX-001403,001-115267,Pedro Castillo,Retiro,10202.59,2026-01-25,12:48:03,Rechazada
TX-001404,002-935635,Miguel Castro,Retiro,10862.93,2026-01-18,02:13:34,Observada
TX-001405,009-212914,Miguel Castro,Deposito,4846.97,2026-09-01,10:04:22,Rechazada
TX-001406,004-668016,Sofia Rojas,PagoServicio,1820.85,2026-03-25,00:34:26,Aprobada
TX-001407,006-439075,Maria Soto,Transferencia,6038.07,2026-05-03,19:34:21,Aprobada
TX-001408,007-323103,Jorge Medina,Retiro,999.58,2026-11-13,13:08:30,Pendiente
TX-001409,006-146073,Luis Ramos,Retiro,6172.34,2026-10-26,02:02:20,Anulada
TX-001410,008-206759,Fernando Diaz,Retiro,3786.58,2026-02-06,19:05:00,Anulada
TX-001411,006-761519,Fernando Diaz,PagoServicio,10171.73,2026-10-27,14:01:43,Rechazada
TX-001412,006-283847,Camila Ruiz,Deposito,14670.54,2026-09-16,19:01:26,Observada
TX-001413,002-451383,Ana Torres,PagoServicio,5741.75,2026-09-06,18:44:59,Rechazada
TX-001414,009-716005,Fernando Diaz,Transferencia,3496.76,2026-08-28,08:47:09,Aprobada
TX-001415,005-347879,Fernando Diaz,PagoServicio,11361.11,2026-08-29,16:38:23,Aprobada
TX-001416,001-244237,Pedro Castillo,PagoServicio,4456.25,2026-02-28,21:40:20,Observada
TX-001417,004-773226,Ana Torres,Retiro,13851.90,2026-08-21,06:27:53,Observada
TX-001418,006-240789,Lucia Vega,Deposito,9657.60,2026-10-23,08:19:00,Aprobada
TX-001419,009-930241,Sofia Rojas,Deposito,11260.76,2026-03-30,22:31:41,Pendiente
TX-001420,006-354016,Carlos Perez,Transferencia,13600.41,2026-09-16,06:18:19,Rechazada
TX-001421,004-737600,Miguel Castro,PagoServicio,7826.86,2026-03-13,06:46:04,Observada
TX-001422,001-167755,Miguel Castro,PagoServicio,1059.07,2026-03-16,17:54:28,Aprobada
TX-001423,003-314140,Maria Soto,Transferencia,2613.40,2026-08-02,03:37:32,Rechazada
TX-001424,004-632073,Luis Ramos,PagoServicio,10877.59,2026-05-01,23:02:43,Rechazada
TX-001425,004-356822,Sofia Rojas,Retiro,9091.71,2026-04-28,17:06:12,Pendiente
TX-001426,008-766478,Carlos Perez,Deposito,12937.76,2026-07-06,20:50:09,Aprobada
TX-001427,006-517589,Sofia Rojas,Retiro,7066.00,2026-06-14,03:49:26,Anulada
TX-001428,007-897257,Maria Soto,PagoServicio,306.97,2026-05-29,03:05:08,Observada
TX-001429,002-895720,Elena Vargas,Deposito,8931.80,2026-03-01,08:11:13,Anulada
TX-001430,003-369789,Sofia Rojas,PagoServicio,4594.65,2026-04-20,23:51:19,Observada
TX-001431,009-735463,Jorge Medina,Transferencia,5005.18,2026-10-05,15:00:34,Observada
TX-001432,004-262240,Elena Vargas,Retiro,72.67,2026-12-01,15:12:28,Anulada
TX-001433,006-615326,Sofia Rojas,PagoServicio,14104.87,2026-10-16,05:44:57,Pendiente
TX-001434,007-613331,Lucia Vega,Transferencia,6137.73,2026-01-16,01:53:34,Aprobada
TX-001435,007-693083,Maria Soto,Retiro,11446.63,2026-04-10,03:10:51,Pendiente
TX-001436,009-843575,Jorge Medina,Deposito,10449.87,2026-09-10,18:53:12,Observada
TX-001437,007-871399,Carlos Perez,Retiro,7171.11,2026-12-24,20:42:33,Pendiente
TX-001438,001-831351,Camila Ruiz,Retiro,3927.35,2026-06-26,21:17:42,Rechazada
TX-001439,005-359433,Diego Flores,Retiro,194.94,2026-10-27,09:58:53,Aprobada
TX-001440,007-516983,Fernando Diaz,Transferencia,7782.87,2026-03-15,07:57:36,Observada
TX-001441,003-970055,Sofia Rojas,Deposito,10380.63,2026-07-14,10:21:59,Anulada
TX-001442,007-714549,Lucia Vega,PagoServicio,11289.41,2026-12-25,23:17:32,Aprobada
TX-001443,002-767083,Diego Flores,Deposito,12215.28,2026-04-15,11:27:38,Rechazada
TX-001444,007-832964,Lucia Vega,Transferencia,14805.51,2026-11-14,01:18:01,Observada
TX-001445,001-201576,Luis Ramos,PagoServicio,7879.18,2026-09-12,04:34:46,Pendiente
TX-001446,007-278922,Maria Soto,Deposito,2804.14,2026-02-22,04:03:56,Rechazada
TX-001447,008-290824,Valeria Leon,Transferencia,6765.41,2026-11-13,06:28:58,Rechazada
TX-001448,003-310701,Ana Torres,Retiro,12139.59,2026-03-16,12:29:46,Pendiente
TX-001449,007-562139,Camila Ruiz,Transferencia,13026.75,2026-03-06,12:24:28,Aprobada
TX-001450,005-189870,Sofia Rojas,Transferencia,4158.67,2026-05-13,21:05:13,Aprobada
TX-001451,004-601111,Jorge Medina,Transferencia,152.50,2026-04-14,08:03:08,Aprobada
TX-001452,001-201546,Carlos Perez,Transferencia,5641.23,2026-07-21,23:26:31,Pendiente
TX-001453,008-596219,Rosa Herrera,Deposito,9069.53,2026-05-11,16:52:30,Pendiente
TX-001454,006-430536,Miguel Castro,Retiro,14115.46,2026-09-16,06:58:44,Observada
TX-001455,007-740479,Ana Torres,Deposito,13097.43,2026-11-10,02:58:58,Aprobada
TX-001456,001-579114,Miguel Castro,PagoServicio,10881.05,2026-12-11,20:29:07,Rechazada
TX-001457,001-731147,Luis Ramos,Deposito,14266.42,2026-10-19,19:55:33,Rechazada
TX-001458,006-573870,Diego Flores,PagoServicio,7728.56,2026-09-14,09:46:29,Rechazada
TX-001459,001-769068,Miguel Castro,Deposito,259.29,2026-05-20,21:21:34,Aprobada
TX-001460,006-810860,Jorge Medina,Retiro,9105.38,2026-06-05,09:48:35,Anulada
TX-001461,002-465254,Sofia Rojas,PagoServicio,14803.20,2026-11-29,20:45:03,Aprobada
TX-001462,007-408137,Diego Flores,Retiro,10682.01,2026-12-04,19:40:15,Anulada
TX-001463,009-133287,Maria Soto,PagoServicio,11954.34,2026-04-28,00:46:11,Anulada
TX-001464,008-276216,Elena Vargas,PagoServicio,14326.22,2026-07-07,06:08:11,Anulada
TX-001465,004-355177,Carlos Perez,Retiro,11301.26,2026-09-14,05:16:12,Aprobada
TX-001466,002-556018,Fernando Diaz,Transferencia,2411.93,2026-12-27,18:36:12,Pendiente
TX-001467,007-903533,Lucia Vega,Retiro,10790.43,2026-09-16,14:56:32,Observada
TX-001468,002-797802,Maria Soto,PagoServicio,1365.72,2026-09-26,15:53:57,Pendiente
TX-001469,004-703950,Rosa Herrera,Transferencia,9663.36,2026-05-27,09:59:27,Observada
TX-001470,009-997728,Sofia Rojas,Retiro,3361.03,2026-02-14,22:18:31,Pendiente
TX-001471,002-216793,Luis Ramos,Deposito,11111.31,2026-12-30,23:26:11,Rechazada
TX-001472,002-700665,Pedro Castillo,Retiro,12801.42,2026-05-28,15:40:30,Anulada
TX-001473,001-425896,Ana Torres,Retiro,12708.31,2026-06-14,13:09:22,Pendiente
TX-001474,006-936258,Camila Ruiz,Retiro,7801.07,2026-08-22,15:28:58,Anulada
TX-001475,004-211763,Sofia Rojas,Transferencia,8079.01,2026-06-28,21:07:44,Pendiente
TX-001476,003-955793,Lucia Vega,Retiro,7502.49,2026-06-27,00:13:11,Rechazada
TX-001477,005-252956,Fernando Diaz,Transferencia,8987.22,2026-04-30,23:04:36,Anulada
TX-001478,002-386735,Miguel Castro,PagoServicio,9469.85,2026-03-25,18:31:00,Observada
TX-001479,005-838344,Sofia Rojas,Transferencia,14717.33,2026-05-10,09:07:56,Rechazada
TX-001480,004-989265,Fernando Diaz,Retiro,10509.11,2026-01-21,09:57:12,Rechazada
TX-001481,008-862729,Sofia Rojas,Deposito,14766.00,2026-09-14,00:39:29,Rechazada
TX-001482,001-674559,Sofia Rojas,Deposito,6342.34,2026-07-03,20:36:33,Pendiente
TX-001483,007-510059,Luis Ramos,Deposito,4242.64,2026-12-25,11:34:41,Rechazada
TX-001484,009-512900,Luis Ramos,Retiro,4858.04,2026-11-04,07:14:25,Anulada
TX-001485,001-991090,Elena Vargas,Deposito,6868.41,2026-03-05,13:44:34,Anulada
TX-001486,003-563348,Fernando Diaz,PagoServicio,4373.31,2026-02-26,05:50:49,Rechazada
TX-001487,004-943430,Fernando Diaz,Retiro,11032.43,2026-01-04,13:07:16,Pendiente
TX-001488,002-811267,Rosa Herrera,Retiro,5654.57,2026-06-15,20:57:49,Rechazada
TX-001489,001-200713,Pedro Castillo,PagoServicio,2702.70,2026-01-21,09:04:32,Aprobada
TX-001490,009-781676,Pedro Castillo,PagoServicio,14546.21,2026-09-01,11:48:27,Observada
TX-001491,004-135644,Luis Ramos,Retiro,5955.71,2026-04-28,13:16:17,Anulada
TX-001492,003-784507,Fernando Diaz,PagoServicio,11639.99,2026-11-05,20:58:05,Aprobada
TX-001493,008-957939,Camila Ruiz,PagoServicio,4135.49,2026-09-11,16:13:23,Observada
TX-001494,006-112166,Luis Ramos,Transferencia,1248.73,2026-07-09,23:50:46,Anulada
TX-001495,004-124145,Diego Flores,PagoServicio,4113.13,2026-10-17,11:15:07,Aprobada
TX-001496,003-502611,Jorge Medina,PagoServicio,4482.47,2026-02-18,15:17:17,Aprobada
TX-001497,006-166582,Fernando Diaz,Retiro,6085.90,2026-09-30,03:23:16,Aprobada
TX-001498,007-683071,Miguel Castro,PagoServicio,968.34,2026-11-22,02:44:49,Anulada
TX-001499,009-848420,Miguel Castro,Transferencia,11305.09,2026-03-22,13:42:08,Aprobada
TX-001500,003-728204,Fernando Diaz,Retiro,89.81,2026-06-23,16:30:45,Pendiente
TX-001501,002-141044,Maria Soto,Retiro,9793.08,2026-02-04,02:33:01,Anulada
TX-001502,005-992810,Rosa Herrera,Transferencia,1278.31,2026-02-18,10:26:52,Anulada
TX-001503,005-481219,Valeria Leon,Retiro,6351.54,2026-09-13,14:29:23,Aprobada
TX-001504,004-415201,Ana Torres,Deposito,9890.77,2026-06-22,18:57:27,Rechazada
TX-001505,008-828866,Pedro Castillo,Deposito,9096.52,2026-07-18,07:02:49,Rechazada
TX-001506,002-794804,Miguel Castro,Transferencia,3564.13,2026-03-15,00:58:24,Rechazada
TX-001507,005-997670,Miguel Castro,Retiro,14361.77,2026-08-22,20:23:32,Anulada
TX-001508,004-720529,Pedro Castillo,Deposito,1936.10,2026-08-30,16:22:30,Observada
TX-001509,002-676558,Lucia Vega,Deposito,5732.92,2026-12-17,22:43:15,Rechazada
TX-001510,007-578221,Luis Ramos,Deposito,10151.12,2026-09-27,17:21:08,Rechazada
TX-001511,009-313660,Luis Ramos,Deposito,14930.44,2026-09-28,14:40:26,Rechazada
TX-001512,006-691021,Camila Ruiz,Retiro,6301.10,2026-03-01,14:38:37,Pendiente
TX-001513,007-497349,Ana Torres,Retiro,1172.09,2026-02-18,09:33:14,Anulada
TX-001514,002-817204,Valeria Leon,PagoServicio,998.73,2026-09-06,14:53:12,Aprobada
TX-001515,006-449718,Rosa Herrera,Deposito,2203.48,2026-11-06,22:48:23,Rechazada
TX-001516,005-110342,Luis Ramos,PagoServicio,14692.48,2026-03-28,07:17:32,Observada
TX-001517,002-920755,Elena Vargas,Transferencia,2644.21,2026-10-10,20:30:12,Pendiente
TX-001518,008-200181,Valeria Leon,Deposito,10509.83,2026-12-03,02:05:50,Pendiente
TX-001519,009-384220,Diego Flores,Transferencia,13449.59,2026-03-08,07:28:52,Pendiente
TX-001520,007-289448,Pedro Castillo,PagoServicio,7158.16,2026-02-19,13:03:32,Pendiente
TX-001521,001-820013,Valeria Leon,Retiro,9866.87,2026-02-25,09:46:55,Observada
TX-001522,005-155432,Elena Vargas,Deposito,10615.46,2026-04-07,17:53:19,Anulada
TX-001523,007-841119,Jorge Medina,Retiro,6590.01,2026-05-18,11:31:56,Observada
TX-001524,009-400752,Lucia Vega,PagoServicio,7813.71,2026-10-07,00:35:45,Rechazada
TX-001525,005-766511,Miguel Castro,Transferencia,14212.35,2026-06-07,20:59:32,Pendiente
TX-001526,002-765506,Luis Ramos,Transferencia,10952.00,2026-02-06,08:43:42,Rechazada
TX-001527,001-188693,Fernando Diaz,Deposito,8316.86,2026-07-11,09:41:59,Aprobada
TX-001528,007-809920,Valeria Leon,Retiro,7200.04,2026-07-20,00:15:17,Anulada
TX-001529,002-525167,Ana Torres,Retiro,13664.19,2026-10-17,16:27:10,Aprobada
TX-001530,007-836720,Valeria Leon,Deposito,3670.95,2026-10-14,23:49:19,Anulada
TX-001531,001-736877,Jorge Medina,Retiro,10121.09,2026-12-09,12:11:19,Anulada
TX-001532,004-283305,Luis Ramos,Deposito,12592.74,2026-07-19,11:53:11,Pendiente
TX-001533,001-543256,Jorge Medina,PagoServicio,2565.55,2026-02-13,23:24:46,Pendiente
TX-001534,004-972128,Valeria Leon,Transferencia,4358.07,2026-07-07,15:02:54,Pendiente
TX-001535,005-323415,Ana Torres,PagoServicio,3269.77,2026-04-29,09:07:35,Anulada
TX-001536,001-585550,Elena Vargas,PagoServicio,871.88,2026-01-03,06:54:32,Anulada
TX-001537,008-444511,Lucia Vega,Deposito,1616.39,2026-05-16,19:38:32,Rechazada
TX-001538,007-471754,Ana Torres,Transferencia,6467.75,2026-03-18,17:14:51,Aprobada
TX-001539,009-639302,Elena Vargas,Retiro,6166.68,2026-12-21,14:47:37,Observada
TX-001540,001-263190,Rosa Herrera,Deposito,3399.17,2026-06-03,13:00:40,Pendiente
TX-001541,005-482201,Sofia Rojas,Retiro,8051.05,2026-04-15,15:45:04,Aprobada
TX-001542,008-788159,Miguel Castro,PagoServicio,2435.90,2026-05-18,09:04:30,Observada
TX-001543,001-476687,Elena Vargas,Retiro,1668.88,2026-04-21,15:27:29,Aprobada
TX-001544,003-513711,Sofia Rojas,Deposito,13515.96,2026-03-04,06:13:14,Rechazada
TX-001545,008-797557,Lucia Vega,Transferencia,6322.22,2026-08-02,15:31:27,Observada
TX-001546,003-440669,Rosa Herrera,PagoServicio,7532.86,2026-12-25,16:12:53,Observada
TX-001547,003-215063,Luis Ramos,Transferencia,1900.59,2026-05-14,15:26:09,Anulada
TX-001548,001-904661,Camila Ruiz,Retiro,790.08,2026-11-19,06:37:47,Pendiente
TX-001549,007-726090,Fernando Diaz,Transferencia,6520.58,2026-04-23,10:01:28,Pendiente
TX-001550,008-186627,Rosa Herrera,PagoServicio,3723.73,2026-03-01,05:21:47,Anulada
TX-001551,003-361584,Lucia Vega,Transferencia,12963.86,2026-09-30,05:22:52,Rechazada
TX-001552,007-308050,Jorge Medina,Transferencia,10520.16,2026-07-15,02:05:30,Anulada
TX-001553,003-297833,Miguel Castro,Retiro,3448.47,2026-02-21,09:05:10,Observada
TX-001554,001-387164,Carlos Perez,Retiro,6400.28,2026-08-28,09:53:32,Rechazada
TX-001555,002-153430,Sofia Rojas,PagoServicio,7879.32,2026-09-29,21:57:12,Rechazada
TX-001556,004-452508,Sofia Rojas,PagoServicio,929.63,2026-06-15,20:36:26,Aprobada
TX-001557,005-215400,Lucia Vega,Deposito,4215.53,2026-05-17,07:47:08,Observada
TX-001558,004-435377,Elena Vargas,Transferencia,2734.46,2026-01-01,04:59:42,Aprobada
TX-001559,006-322274,Lucia Vega,PagoServicio,4209.59,2026-08-24,13:11:35,Aprobada
TX-001560,007-293818,Lucia Vega,PagoServicio,5460.08,2026-04-29,04:48:36,Aprobada
TX-001561,002-801442,Ana Torres,Retiro,4974.86,2026-10-15,21:20:35,Pendiente
TX-001562,009-734088,Pedro Castillo,Retiro,9757.22,2026-03-23,13:39:08,Anulada
TX-001563,007-191468,Elena Vargas,Transferencia,1965.98,2026-10-16,09:24:59,Anulada
TX-001564,002-143032,Diego Flores,Retiro,2901.98,2026-06-23,02:52:32,Aprobada
TX-001565,002-673129,Diego Flores,Deposito,4529.13,2026-07-04,03:51:01,Rechazada
TX-001566,009-855781,Maria Soto,Transferencia,1926.20,2026-06-12,10:01:24,Anulada
TX-001567,005-896241,Miguel Castro,Deposito,13424.75,2026-06-24,04:09:26,Aprobada
TX-001568,007-170997,Jorge Medina,PagoServicio,7861.20,2026-07-15,16:24:12,Aprobada
TX-001569,003-728258,Lucia Vega,Retiro,4351.95,2026-08-08,21:07:52,Aprobada
TX-001570,004-876696,Miguel Castro,PagoServicio,7430.44,2026-07-26,18:58:43,Anulada
TX-001571,002-273558,Jorge Medina,PagoServicio,8441.85,2026-06-01,13:21:53,Observada
TX-001572,005-316976,Maria Soto,Transferencia,2408.45,2026-03-26,14:06:54,Anulada
TX-001573,001-929053,Valeria Leon,PagoServicio,7562.23,2026-10-07,20:17:04,Anulada
TX-001574,005-418148,Miguel Castro,Retiro,4452.49,2026-04-15,06:44:16,Anulada
TX-001575,002-279420,Carlos Perez,Transferencia,8008.15,2026-04-24,08:10:36,Aprobada
TX-001576,003-391248,Elena Vargas,Retiro,4063.82,2026-11-04,01:07:29,Aprobada
TX-001577,004-963408,Carlos Perez,Transferencia,30.99,2026-05-15,22:34:46,Anulada
TX-001578,006-440327,Luis Ramos,Deposito,10833.97,2026-06-08,14:01:53,Anulada
TX-001579,005-440404,Ana Torres,Transferencia,12360.74,2026-03-27,03:50:02,Pendiente
TX-001580,003-368422,Ana Torres,Transferencia,10841.81,2026-09-25,05:42:01,Observada
TX-001581,005-756649,Camila Ruiz,Retiro,12254.54,2026-03-27,16:30:17,Pendiente
TX-001582,005-313824,Diego Flores,PagoServicio,2343.07,2026-03-31,23:48:58,Observada
TX-001583,006-255539,Elena Vargas,PagoServicio,1414.43,2026-03-12,11:49:43,Observada
TX-001584,003-955216,Miguel Castro,Retiro,2841.01,2026-07-10,11:57:45,Rechazada
TX-001585,005-122069,Lucia Vega,Retiro,13279.94,2026-11-14,11:38:41,Observada
TX-001586,004-172827,Maria Soto,Transferencia,6401.66,2026-06-26,17:07:57,Observada
TX-001587,002-859490,Valeria Leon,Retiro,10904.20,2026-11-10,19:02:17,Aprobada
TX-001588,002-496230,Sofia Rojas,Transferencia,1659.43,2026-01-06,06:18:51,Aprobada
TX-001589,003-360406,Rosa Herrera,Transferencia,4022.17,2026-12-31,12:22:15,Anulada
TX-001590,001-930892,Ana Torres,Transferencia,8140.13,2026-11-14,18:41:33,Pendiente
TX-001591,002-312149,Maria Soto,PagoServicio,11397.48,2026-12-13,13:40:49,Observada
TX-001592,003-422316,Pedro Castillo,PagoServicio,2326.15,2026-01-22,16:47:50,Anulada
TX-001593,005-757966,Valeria Leon,Transferencia,327.91,2026-01-18,07:00:39,Aprobada
TX-001594,009-411152,Luis Ramos,PagoServicio,2136.11,2026-12-21,06:00:44,Rechazada
TX-001595,001-337686,Sofia Rojas,PagoServicio,2219.17,2026-09-12,12:26:26,Pendiente
TX-001596,004-817663,Sofia Rojas,Transferencia,7382.39,2026-02-12,18:32:19,Rechazada
TX-001597,002-395503,Pedro Castillo,Transferencia,9239.29,2026-02-15,23:06:39,Pendiente
TX-001598,002-145452,Diego Flores,Retiro,2679.24,2026-07-26,00:26:16,Pendiente
TX-001599,003-812437,Sofia Rojas,Retiro,13397.83,2026-09-24,20:48:07,Pendiente
TX-001600,005-465308,Elena Vargas,Transferencia,4073.69,2026-07-13,21:21:16,Pendiente
TX-001601,005-950100,Elena Vargas,Transferencia,11834.95,2026-12-01,15:45:22,Rechazada
TX-001602,003-435812,Maria Soto,PagoServicio,6705.96,2026-11-06,11:11:13,Observada
TX-001603,002-218661,Diego Flores,PagoServicio,14394.18,2026-04-19,03:35:08,Rechazada
TX-001604,002-438746,Maria Soto,Retiro,11515.36,2026-05-17,22:33:06,Pendiente
TX-001605,008-544420,Jorge Medina,PagoServicio,9030.13,2026-09-05,05:34:51,Pendiente
TX-001606,003-941105,Camila Ruiz,Retiro,5753.95,2026-08-02,08:12:46,Observada
TX-001607,009-659699,Jorge Medina,Retiro,5775.56,2026-08-14,14:58:34,Observada
TX-001608,009-705947,Rosa Herrera,Retiro,10549.37,2026-04-02,08:09:29,Pendiente
TX-001609,001-313154,Miguel Castro,Transferencia,5442.35,2026-07-04,01:18:49,Rechazada
TX-001610,002-162471,Elena Vargas,Deposito,5419.27,2026-11-26,20:19:16,Rechazada
TX-001611,005-582752,Maria Soto,PagoServicio,3645.04,2026-11-18,11:51:30,Rechazada
TX-001612,001-883281,Maria Soto,Transferencia,14431.16,2026-10-01,09:24:33,Rechazada
TX-001613,007-868691,Ana Torres,PagoServicio,5581.55,2026-09-30,09:32:17,Aprobada
TX-001614,002-599988,Miguel Castro,Retiro,462.48,2026-05-22,20:19:22,Rechazada
TX-001615,002-356949,Luis Ramos,Transferencia,8542.06,2026-11-13,00:20:19,Observada
TX-001616,003-902598,Maria Soto,PagoServicio,11155.93,2026-10-18,12:51:49,Anulada
TX-001617,005-593024,Sofia Rojas,Deposito,6665.16,2026-09-08,10:24:39,Aprobada
TX-001618,005-216671,Maria Soto,Transferencia,13218.55,2026-01-13,11:22:18,Anulada
TX-001619,003-627743,Maria Soto,Transferencia,5951.90,2026-06-14,12:25:54,Observada
TX-001620,009-845964,Miguel Castro,Deposito,13788.06,2026-07-14,21:47:24,Pendiente
TX-001621,004-544250,Elena Vargas,Retiro,4084.70,2026-02-05,16:54:37,Anulada
TX-001622,007-231211,Fernando Diaz,Retiro,6012.03,2026-01-22,17:55:41,Rechazada
TX-001623,007-292616,Miguel Castro,Transferencia,12250.22,2026-07-01,22:08:27,Observada
TX-001624,006-784405,Camila Ruiz,PagoServicio,12410.53,2026-03-06,00:16:27,Aprobada
TX-001625,006-778058,Sofia Rojas,Retiro,4056.09,2026-02-10,13:04:44,Aprobada
TX-001626,006-732490,Rosa Herrera,Deposito,430.45,2026-04-20,14:21:33,Rechazada
TX-001627,009-211636,Luis Ramos,Retiro,8960.69,2026-10-21,19:17:27,Pendiente
TX-001628,004-678490,Carlos Perez,Transferencia,3612.62,2026-02-03,00:37:27,Anulada
TX-001629,001-691123,Rosa Herrera,PagoServicio,694.75,2026-05-03,04:06:03,Aprobada
TX-001630,005-108890,Pedro Castillo,Deposito,14381.50,2026-07-14,06:21:06,Rechazada
TX-001631,006-888363,Sofia Rojas,Deposito,14608.02,2026-09-30,21:14:10,Aprobada
TX-001632,006-527070,Elena Vargas,Transferencia,7537.63,2026-10-29,00:05:04,Rechazada
TX-001633,001-715698,Rosa Herrera,PagoServicio,7159.53,2026-12-04,09:55:04,Aprobada
TX-001634,005-269054,Maria Soto,PagoServicio,1190.51,2026-09-01,02:18:08,Aprobada
TX-001635,004-326122,Rosa Herrera,Retiro,11534.70,2026-03-04,13:04:01,Anulada
TX-001636,009-864118,Diego Flores,Deposito,6717.73,2026-02-20,22:51:00,Pendiente
TX-001637,005-477819,Diego Flores,PagoServicio,609.79,2026-10-04,19:25:40,Observada
TX-001638,004-318964,Diego Flores,Transferencia,14370.65,2026-08-09,03:53:56,Observada
TX-001639,002-943816,Ana Torres,Retiro,11497.10,2026-05-01,05:08:36,Anulada
TX-001640,002-623147,Luis Ramos,PagoServicio,4712.64,2026-12-29,18:01:57,Pendiente
TX-001641,003-171472,Lucia Vega,Deposito,5306.99,2026-01-28,15:00:58,Rechazada
TX-001642,008-370473,Jorge Medina,Deposito,11449.56,2026-06-21,16:09:41,Rechazada
TX-001643,002-696360,Jorge Medina,Transferencia,5458.45,2026-04-22,07:32:21,Observada
TX-001644,007-998630,Diego Flores,Retiro,6618.01,2026-07-19,00:39:10,Anulada
TX-001645,006-491835,Luis Ramos,PagoServicio,7594.08,2026-04-13,01:43:45,Aprobada
TX-001646,001-877039,Rosa Herrera,Retiro,10499.18,2026-08-06,19:02:19,Aprobada
TX-001647,003-994498,Luis Ramos,Deposito,5643.57,2026-08-10,10:01:53,Observada
TX-001648,002-333886,Sofia Rojas,PagoServicio,10040.57,2026-05-16,12:20:15,Observada
TX-001649,008-773693,Valeria Leon,PagoServicio,1645.69,2026-03-12,00:16:10,Aprobada
TX-001650,007-905533,Sofia Rojas,Retiro,6028.79,2026-01-26,00:55:05,Pendiente
TX-001651,006-733727,Jorge Medina,Retiro,10537.34,2026-07-04,22:41:13,Aprobada
TX-001652,005-576660,Ana Torres,Retiro,14228.52,2026-02-26,12:17:12,Rechazada
TX-001653,006-695807,Ana Torres,PagoServicio,945.38,2026-11-11,00:04:45,Pendiente
TX-001654,007-596405,Carlos Perez,Transferencia,3180.28,2026-01-09,21:50:30,Observada
TX-001655,005-364315,Camila Ruiz,Retiro,1263.03,2026-01-27,21:32:28,Pendiente
TX-001656,007-185678,Lucia Vega,PagoServicio,13070.62,2026-07-23,19:17:05,Rechazada
TX-001657,005-293020,Miguel Castro,Transferencia,1395.69,2026-12-17,03:54:36,Observada
TX-001658,006-889762,Lucia Vega,Retiro,2987.09,2026-06-12,18:18:18,Observada
TX-001659,008-661519,Fernando Diaz,Retiro,14484.19,2026-06-19,15:07:18,Pendiente
TX-001660,007-962994,Ana Torres,Retiro,1176.35,2026-09-17,09:51:41,Anulada
TX-001661,003-439458,Camila Ruiz,Deposito,222.66,2026-12-15,03:59:45,Observada
TX-001662,003-623706,Miguel Castro,Deposito,1712.97,2026-09-19,17:37:32,Observada
TX-001663,005-645984,Fernando Diaz,Transferencia,14823.70,2026-11-20,07:33:47,Rechazada
TX-001664,008-769952,Diego Flores,Transferencia,556.92,2026-10-17,14:29:52,Rechazada
TX-001665,007-830276,Valeria Leon,Retiro,9018.14,2026-03-25,22:32:43,Pendiente
TX-001666,004-300444,Camila Ruiz,Transferencia,5560.14,2026-05-22,06:48:36,Aprobada
TX-001667,005-421876,Valeria Leon,Transferencia,10492.76,2026-09-10,00:17:42,Observada
TX-001668,007-530321,Pedro Castillo,Deposito,12424.51,2026-06-15,09:12:07,Anulada
TX-001669,006-218887,Elena Vargas,Retiro,6887.77,2026-05-25,21:44:39,Rechazada
TX-001670,009-723789,Maria Soto,PagoServicio,5729.63,2026-11-25,04:49:28,Observada
TX-001671,005-836197,Diego Flores,Transferencia,14930.49,2026-11-09,23:54:10,Aprobada
TX-001672,002-781180,Ana Torres,PagoServicio,1564.09,2026-10-19,05:58:54,Anulada
TX-001673,009-204545,Camila Ruiz,PagoServicio,7555.39,2026-11-09,23:15:31,Aprobada
TX-001674,005-993077,Sofia Rojas,Retiro,3350.96,2026-06-26,13:27:27,Anulada
TX-001675,007-220063,Carlos Perez,PagoServicio,14258.77,2026-05-17,03:57:22,Observada
TX-001676,007-960270,Camila Ruiz,PagoServicio,124.00,2026-05-26,11:55:59,Rechazada
TX-001677,009-397380,Lucia Vega,Deposito,4617.88,2026-12-17,13:31:21,Observada
TX-001678,004-104359,Elena Vargas,PagoServicio,499.79,2026-01-11,04:38:17,Rechazada
TX-001679,006-981610,Miguel Castro,Deposito,5033.00,2026-08-11,05:10:24,Observada
TX-001680,004-682735,Sofia Rojas,Retiro,9247.86,2026-06-02,17:59:13,Aprobada
TX-001681,007-235130,Camila Ruiz,PagoServicio,14660.56,2026-03-09,11:09:44,Observada
TX-001682,006-642404,Maria Soto,PagoServicio,3472.23,2026-10-03,17:54:40,Rechazada
TX-001683,009-224122,Camila Ruiz,PagoServicio,12647.03,2026-09-01,15:01:51,Pendiente
TX-001684,009-266779,Pedro Castillo,Retiro,1407.88,2026-01-10,22:59:03,Observada
TX-001685,001-759443,Rosa Herrera,Retiro,427.00,2026-10-02,19:05:07,Anulada
TX-001686,002-699569,Sofia Rojas,Transferencia,11137.67,2026-02-20,16:47:44,Observada
TX-001687,006-295617,Carlos Perez,Retiro,4460.87,2026-07-27,22:27:00,Rechazada
TX-001688,007-907814,Lucia Vega,Transferencia,4131.72,2026-12-30,02:36:25,Rechazada
TX-001689,001-769396,Diego Flores,Transferencia,1672.86,2026-12-27,02:07:16,Anulada
TX-001690,002-212278,Maria Soto,Deposito,3937.30,2026-03-12,03:34:19,Aprobada
TX-001691,002-618253,Miguel Castro,Deposito,13691.66,2026-03-22,18:26:37,Observada
TX-001692,002-614889,Rosa Herrera,Transferencia,6212.04,2026-07-08,22:40:11,Aprobada
TX-001693,004-820724,Sofia Rojas,PagoServicio,13346.81,2026-09-04,01:07:50,Observada
TX-001694,003-288540,Lucia Vega,Transferencia,13555.54,2026-09-14,04:32:11,Anulada
TX-001695,001-222900,Pedro Castillo,Deposito,7263.83,2026-08-27,10:56:28,Anulada
TX-001696,009-105258,Maria Soto,Deposito,13899.48,2026-03-16,21:26:53,Anulada
TX-001697,001-661988,Ana Torres,Retiro,3252.43,2026-05-22,17:01:38,Aprobada
TX-001698,004-130930,Pedro Castillo,Retiro,3304.22,2026-10-10,15:03:53,Rechazada
TX-001699,005-386960,Jorge Medina,Retiro,14298.91,2026-05-16,08:45:10,Anulada
TX-001700,005-589730,Fernando Diaz,PagoServicio,6546.57,2026-06-05,07:43:51,Rechazada
TX-001701,005-281361,Carlos Perez,Deposito,14428.45,2026-02-09,23:02:49,Anulada
TX-001702,005-273699,Rosa Herrera,Retiro,14306.89,2026-07-09,10:55:18,Observada
TX-001703,008-544320,Diego Flores,Deposito,12240.22,2026-08-30,21:57:03,Aprobada
TX-001704,007-550167,Carlos Perez,Deposito,5615.67,2026-09-03,17:10:37,Aprobada
TX-001705,008-275373,Elena Vargas,Transferencia,14371.88,2026-04-09,06:43:27,Anulada
TX-001706,007-407729,Diego Flores,Deposito,5980.62,2026-02-14,12:36:54,Rechazada
TX-001707,006-550244,Rosa Herrera,Retiro,5372.59,2026-01-29,05:03:25,Rechazada
TX-001708,006-490032,Maria Soto,Deposito,1843.33,2026-05-04,17:27:57,Aprobada
TX-001709,006-324156,Jorge Medina,Deposito,13482.17,2026-08-07,02:52:10,Aprobada
TX-001710,007-397391,Diego Flores,Retiro,7913.66,2026-02-09,23:17:08,Anulada
TX-001711,005-851058,Diego Flores,Transferencia,8613.49,2026-09-08,23:40:26,Observada
TX-001712,007-433219,Miguel Castro,Deposito,2980.27,2026-01-20,06:51:44,Observada
TX-001713,008-149064,Lucia Vega,PagoServicio,1797.69,2026-06-25,20:15:47,Rechazada
TX-001714,006-719887,Sofia Rojas,Retiro,8650.44,2026-04-21,16:44:11,Aprobada
TX-001715,001-584202,Lucia Vega,Retiro,12626.23,2026-06-06,10:28:07,Aprobada
TX-001716,009-653138,Ana Torres,Deposito,9675.19,2026-01-27,23:21:33,Observada
TX-001717,002-970161,Rosa Herrera,PagoServicio,10851.57,2026-04-17,16:08:34,Pendiente
TX-001718,006-519791,Luis Ramos,Deposito,7412.34,2026-01-19,06:45:00,Observada
TX-001719,005-830288,Jorge Medina,PagoServicio,12731.60,2026-12-20,14:12:44,Aprobada
TX-001720,006-747995,Luis Ramos,Transferencia,3367.98,2026-11-17,13:48:45,Aprobada
TX-001721,003-210242,Pedro Castillo,PagoServicio,3402.86,2026-02-04,04:22:31,Rechazada
TX-001722,006-955792,Elena Vargas,Transferencia,14012.31,2026-12-04,02:29:06,Aprobada
TX-001723,005-923073,Ana Torres,Transferencia,729.57,2026-04-29,04:11:21,Aprobada
TX-001724,005-445326,Fernando Diaz,PagoServicio,4055.98,2026-03-08,03:40:15,Rechazada
TX-001725,008-225725,Maria Soto,Deposito,12929.80,2026-10-20,10:47:35,Anulada
TX-001726,007-767841,Jorge Medina,Transferencia,7831.24,2026-04-04,09:50:27,Anulada
TX-001727,008-793390,Jorge Medina,Deposito,4835.45,2026-10-11,20:09:05,Observada
TX-001728,004-196258,Lucia Vega,Deposito,10673.61,2026-05-18,02:17:19,Anulada
TX-001729,004-791515,Camila Ruiz,Retiro,10427.53,2026-01-30,04:23:47,Observada
TX-001730,001-322796,Ana Torres,Retiro,7027.57,2026-05-30,13:01:17,Rechazada
TX-001731,008-209612,Pedro Castillo,Retiro,12211.79,2026-10-23,18:39:00,Anulada
TX-001732,009-428580,Rosa Herrera,Deposito,10630.60,2026-09-12,11:44:21,Rechazada
TX-001733,009-210793,Elena Vargas,Retiro,3289.58,2026-05-22,05:24:20,Observada
TX-001734,008-750618,Valeria Leon,Retiro,11702.52,2026-03-14,23:51:12,Aprobada
TX-001735,005-543646,Maria Soto,Deposito,14272.90,2026-08-13,04:17:16,Aprobada
TX-001736,003-583345,Elena Vargas,Transferencia,11177.94,2026-04-04,10:12:16,Aprobada
TX-001737,008-296114,Lucia Vega,Transferencia,7148.84,2026-07-26,04:12:38,Observada
TX-001738,006-378479,Luis Ramos,Transferencia,5322.86,2026-03-24,08:35:55,Rechazada
TX-001739,007-626584,Sofia Rojas,Deposito,806.82,2026-04-16,20:42:44,Pendiente
TX-001740,002-151521,Camila Ruiz,PagoServicio,10982.70,2026-06-14,02:48:32,Rechazada
TX-001741,005-298652,Sofia Rojas,Retiro,8914.80,2026-07-25,15:52:57,Anulada
TX-001742,008-643810,Sofia Rojas,Transferencia,10220.60,2026-09-09,00:22:14,Rechazada
TX-001743,002-330246,Luis Ramos,Transferencia,13426.93,2026-08-12,09:32:12,Pendiente
TX-001744,004-169045,Valeria Leon,Transferencia,4139.14,2026-12-09,18:25:51,Anulada
TX-001745,007-510945,Sofia Rojas,Transferencia,3306.13,2026-11-17,00:52:35,Pendiente
TX-001746,008-315697,Maria Soto,Retiro,5221.02,2026-04-22,20:17:06,Anulada
TX-001747,005-869531,Ana Torres,Transferencia,2784.33,2026-12-19,13:08:44,Anulada
TX-001748,008-874992,Lucia Vega,Retiro,2561.79,2026-09-22,15:30:15,Aprobada
TX-001749,003-296444,Pedro Castillo,PagoServicio,2136.09,2026-01-05,22:41:49,Observada
TX-001750,007-450281,Ana Torres,Retiro,14615.82,2026-12-09,05:54:55,Aprobada
TX-001751,003-812195,Rosa Herrera,Transferencia,8914.14,2026-07-04,00:25:01,Anulada
TX-001752,001-612027,Miguel Castro,Retiro,7093.80,2026-01-18,13:04:32,Aprobada
TX-001753,005-975937,Carlos Perez,Retiro,11327.34,2026-10-29,01:54:53,Aprobada
TX-001754,002-419398,Rosa Herrera,Deposito,6794.72,2026-10-13,08:58:20,Pendiente
TX-001755,009-369840,Camila Ruiz,PagoServicio,3810.52,2026-06-28,03:52:01,Aprobada
TX-001756,006-415761,Fernando Diaz,Deposito,13371.67,2026-10-28,19:06:29,Anulada
TX-001757,008-218238,Lucia Vega,Transferencia,2227.03,2026-06-09,08:26:59,Rechazada
TX-001758,003-474545,Jorge Medina,Transferencia,3673.07,2026-10-15,18:44:11,Observada
TX-001759,006-316329,Fernando Diaz,Transferencia,2915.69,2026-05-27,17:08:54,Aprobada
TX-001760,005-757343,Camila Ruiz,PagoServicio,14810.10,2026-12-07,05:46:37,Anulada
TX-001761,003-378196,Elena Vargas,Deposito,13321.04,2026-06-01,20:37:42,Anulada
TX-001762,007-389666,Lucia Vega,Retiro,626.09,2026-07-21,23:28:32,Pendiente
TX-001763,002-554515,Rosa Herrera,PagoServicio,8504.27,2026-11-04,18:52:25,Pendiente
TX-001764,005-215543,Ana Torres,PagoServicio,13909.22,2026-02-27,03:21:40,Observada
TX-001765,003-648600,Lucia Vega,Retiro,4561.65,2026-04-22,22:46:39,Aprobada
TX-001766,005-116349,Jorge Medina,Transferencia,3267.71,2026-11-17,13:56:37,Anulada
TX-001767,002-155777,Jorge Medina,Deposito,86.30,2026-05-17,19:15:33,Aprobada
TX-001768,001-363647,Maria Soto,Deposito,13182.04,2026-11-01,23:11:03,Anulada
TX-001769,009-262568,Luis Ramos,Deposito,2148.24,2026-10-12,16:33:01,Rechazada
TX-001770,007-713652,Elena Vargas,Transferencia,4369.12,2026-01-13,11:32:08,Observada
TX-001771,006-360810,Rosa Herrera,PagoServicio,6344.22,2026-12-18,03:24:30,Aprobada
TX-001772,005-416693,Diego Flores,Deposito,2607.80,2026-06-19,06:06:07,Pendiente
TX-001773,003-816514,Rosa Herrera,Retiro,3757.81,2026-06-11,16:18:42,Anulada
TX-001774,004-415686,Lucia Vega,Transferencia,4467.04,2026-12-27,01:22:19,Observada
TX-001775,009-292279,Sofia Rojas,PagoServicio,1449.67,2026-07-24,12:00:04,Observada
TX-001776,006-628288,Elena Vargas,Deposito,7031.00,2026-06-16,02:09:56,Observada
TX-001777,007-530187,Jorge Medina,Transferencia,13689.25,2026-01-11,06:16:19,Observada
TX-001778,002-892572,Maria Soto,Deposito,11801.61,2026-08-14,08:59:49,Anulada
TX-001779,006-233457,Diego Flores,Deposito,812.51,2026-11-25,04:58:16,Observada
TX-001780,003-522515,Camila Ruiz,Transferencia,6947.49,2026-10-24,07:38:01,Anulada
TX-001781,008-979962,Ana Torres,Transferencia,829.84,2026-11-19,07:10:31,Aprobada
TX-001782,006-723210,Luis Ramos,Deposito,8486.00,2026-09-26,04:47:32,Pendiente
TX-001783,001-227341,Fernando Diaz,Transferencia,10526.57,2026-07-20,11:55:46,Rechazada
TX-001784,009-876390,Jorge Medina,Retiro,3360.92,2026-09-20,09:48:04,Rechazada
TX-001785,005-758756,Lucia Vega,Transferencia,12086.20,2026-08-31,04:58:08,Rechazada
TX-001786,002-170403,Ana Torres,Retiro,9060.82,2026-02-17,00:07:21,Anulada
TX-001787,002-359214,Carlos Perez,Transferencia,7111.40,2026-11-20,09:34:23,Anulada
TX-001788,008-509693,Ana Torres,Transferencia,4505.86,2026-07-07,20:35:33,Rechazada
TX-001789,004-982608,Miguel Castro,Deposito,12327.08,2026-09-22,14:22:00,Observada
TX-001790,002-553355,Maria Soto,Transferencia,2780.27,2026-11-14,21:26:23,Rechazada
TX-001791,003-636362,Fernando Diaz,Retiro,7147.61,2026-04-23,15:19:59,Pendiente
TX-001792,002-717363,Jorge Medina,Deposito,10018.82,2026-06-01,22:08:52,Observada
TX-001793,002-586501,Sofia Rojas,PagoServicio,2231.02,2026-04-21,01:41:11,Observada
TX-001794,002-691616,Sofia Rojas,Transferencia,8712.27,2026-01-14,05:40:53,Anulada
TX-001795,008-144702,Elena Vargas,Deposito,14442.32,2026-07-01,17:12:37,Observada
TX-001796,005-109563,Maria Soto,Deposito,7514.57,2026-12-01,09:18:29,Anulada
TX-001797,004-465779,Elena Vargas,PagoServicio,7700.55,2026-03-09,18:25:43,Rechazada
TX-001798,006-787796,Fernando Diaz,Deposito,6897.63,2026-11-30,11:19:39,Rechazada
TX-001799,005-923091,Rosa Herrera,Deposito,13852.92,2026-01-27,11:45:51,Observada
TX-001800,007-594668,Diego Flores,Retiro,8644.82,2026-12-27,04:06:31,Anulada
TX-001801,009-371818,Maria Soto,Deposito,8836.89,2026-08-14,12:44:48,Pendiente
TX-001802,007-170852,Ana Torres,Transferencia,12781.95,2026-03-03,19:39:43,Rechazada
TX-001803,002-797576,Luis Ramos,PagoServicio,14014.17,2026-07-05,00:29:27,Pendiente
TX-001804,004-909231,Rosa Herrera,Retiro,1590.42,2026-12-09,01:14:07,Rechazada
TX-001805,007-892528,Sofia Rojas,Transferencia,938.28,2026-04-08,06:40:43,Aprobada
TX-001806,001-987936,Fernando Diaz,Transferencia,6628.51,2026-05-26,08:56:05,Anulada
TX-001807,001-282522,Pedro Castillo,Transferencia,10483.90,2026-05-27,15:45:24,Rechazada
TX-001808,009-309436,Carlos Perez,Deposito,7371.63,2026-09-21,15:19:53,Pendiente
TX-001809,004-310965,Fernando Diaz,Retiro,6516.60,2026-07-25,06:15:05,Rechazada
TX-001810,002-710384,Ana Torres,Transferencia,3061.06,2026-11-11,13:49:46,Rechazada
TX-001811,001-477027,Rosa Herrera,PagoServicio,8528.74,2026-12-02,17:38:29,Aprobada
TX-001812,006-294305,Camila Ruiz,PagoServicio,2860.15,2026-03-22,13:48:18,Anulada
TX-001813,008-625179,Pedro Castillo,Deposito,9281.00,2026-08-05,23:26:10,Rechazada
TX-001814,002-560197,Sofia Rojas,PagoServicio,13110.91,2026-08-10,00:53:06,Aprobada
TX-001815,003-920392,Valeria Leon,Deposito,1522.69,2026-07-13,16:20:06,Rechazada
TX-001816,001-730707,Valeria Leon,Deposito,347.91,2026-11-15,23:19:47,Pendiente
TX-001817,005-509391,Fernando Diaz,Deposito,1028.61,2026-12-05,10:43:12,Rechazada
TX-001818,005-178409,Valeria Leon,Retiro,12799.40,2026-12-28,21:05:23,Anulada
TX-001819,009-427406,Sofia Rojas,Transferencia,8193.66,2026-12-13,08:15:23,Aprobada
TX-001820,008-375831,Camila Ruiz,Transferencia,493.80,2026-06-13,15:47:08,Pendiente
TX-001821,004-450791,Elena Vargas,Transferencia,2097.94,2026-08-01,11:13:25,Pendiente
TX-001822,001-347062,Jorge Medina,Transferencia,12086.87,2026-08-07,23:31:14,Anulada
TX-001823,001-462645,Luis Ramos,PagoServicio,8976.23,2026-08-26,20:17:09,Aprobada
TX-001824,009-602028,Maria Soto,Deposito,10852.71,2026-02-10,09:55:15,Aprobada
TX-001825,008-632261,Carlos Perez,Deposito,6478.42,2026-04-28,20:03:50,Rechazada
TX-001826,001-158045,Ana Torres,Retiro,8017.45,2026-12-01,02:31:32,Observada
TX-001827,001-679334,Jorge Medina,Transferencia,5813.00,2026-05-27,12:01:04,Rechazada
TX-001828,007-835405,Sofia Rojas,Retiro,1742.59,2026-02-15,19:46:13,Anulada
TX-001829,006-468877,Carlos Perez,Deposito,6553.51,2026-01-23,11:52:36,Rechazada
TX-001830,004-196459,Diego Flores,Transferencia,3414.62,2026-10-18,06:58:42,Anulada
TX-001831,001-940713,Ana Torres,Retiro,12191.20,2026-01-30,18:04:21,Aprobada
TX-001832,003-559859,Maria Soto,Deposito,665.35,2026-05-16,19:08:13,Anulada
TX-001833,004-406616,Maria Soto,PagoServicio,7185.73,2026-02-17,12:37:49,Aprobada
TX-001834,002-362352,Valeria Leon,Retiro,7428.99,2026-10-13,12:44:03,Pendiente
TX-001835,004-565087,Fernando Diaz,Deposito,14121.99,2026-10-31,00:04:09,Anulada
TX-001836,005-785395,Carlos Perez,Deposito,4789.70,2026-07-30,06:23:32,Anulada
TX-001837,002-156620,Pedro Castillo,PagoServicio,10585.47,2026-08-30,12:15:54,Observada
TX-001838,005-182256,Carlos Perez,Retiro,12622.97,2026-07-22,08:01:29,Rechazada
TX-001839,005-877947,Valeria Leon,Retiro,1849.99,2026-10-09,12:39:28,Rechazada
TX-001840,001-346525,Fernando Diaz,PagoServicio,9752.12,2026-06-26,05:22:39,Aprobada
TX-001841,001-623142,Miguel Castro,Transferencia,4061.78,2026-08-17,10:47:44,Observada
TX-001842,005-967359,Luis Ramos,Transferencia,4193.60,2026-08-25,19:15:38,Observada
TX-001843,008-119764,Miguel Castro,PagoServicio,5776.10,2026-01-18,05:58:58,Rechazada
TX-001844,004-497753,Maria Soto,PagoServicio,7992.05,2026-09-14,11:23:49,Pendiente
TX-001845,001-667855,Rosa Herrera,Deposito,14058.99,2026-12-20,10:19:05,Anulada
TX-001846,006-968386,Elena Vargas,Deposito,12155.55,2026-08-18,12:08:01,Rechazada
TX-001847,001-457506,Fernando Diaz,PagoServicio,12987.48,2026-10-31,22:28:43,Aprobada
TX-001848,002-680170,Sofia Rojas,Deposito,12879.13,2026-12-31,06:34:14,Anulada
TX-001849,008-544423,Diego Flores,Deposito,2446.61,2026-05-29,01:53:24,Observada
TX-001850,004-238278,Elena Vargas,Transferencia,4217.69,2026-09-23,02:16:52,Pendiente
TX-001851,002-362073,Rosa Herrera,Deposito,5069.61,2026-06-03,05:56:59,Aprobada
TX-001852,005-479264,Lucia Vega,Deposito,11738.57,2026-11-11,16:09:57,Anulada
TX-001853,001-230344,Lucia Vega,Deposito,12541.64,2026-11-26,04:08:10,Rechazada
TX-001854,008-585201,Ana Torres,PagoServicio,142.97,2026-01-15,08:54:00,Pendiente
TX-001855,008-768722,Miguel Castro,Retiro,6135.08,2026-08-14,01:59:12,Aprobada
TX-001856,005-739975,Valeria Leon,Deposito,14299.87,2026-06-21,01:11:37,Rechazada
TX-001857,005-903184,Rosa Herrera,Deposito,3900.52,2026-07-12,05:04:19,Rechazada
TX-001858,004-760957,Maria Soto,Retiro,13069.88,2026-09-12,18:09:34,Aprobada
TX-001859,004-220005,Camila Ruiz,Transferencia,2771.99,2026-07-16,18:57:54,Observada
TX-001860,006-143993,Valeria Leon,Retiro,921.58,2026-10-05,12:05:04,Pendiente
TX-001861,005-116901,Camila Ruiz,Deposito,8111.22,2026-01-18,08:56:32,Anulada
TX-001862,004-466718,Luis Ramos,Transferencia,7609.00,2026-02-13,22:56:16,Anulada
TX-001863,002-348490,Carlos Perez,Deposito,8559.78,2026-11-19,00:07:29,Observada
TX-001864,002-773067,Sofia Rojas,Deposito,2154.76,2026-05-07,19:34:42,Anulada
TX-001865,006-451258,Sofia Rojas,Deposito,7065.57,2026-04-25,04:51:58,Anulada
TX-001866,001-268100,Pedro Castillo,Transferencia,4370.18,2026-02-28,06:41:27,Anulada
TX-001867,001-211392,Diego Flores,Retiro,12122.43,2026-07-18,08:57:54,Anulada
TX-001868,006-325306,Sofia Rojas,Transferencia,9859.32,2026-02-28,06:47:50,Observada
TX-001869,002-181066,Elena Vargas,Retiro,8485.38,2026-08-12,02:09:42,Anulada
TX-001870,007-665148,Fernando Diaz,Transferencia,12715.45,2026-07-24,23:02:46,Aprobada
TX-001871,008-791218,Valeria Leon,PagoServicio,4760.92,2026-03-17,17:45:05,Anulada
TX-001872,005-355882,Pedro Castillo,Retiro,11987.10,2026-05-21,13:45:28,Rechazada
TX-001873,008-430108,Fernando Diaz,Transferencia,10399.17,2026-06-22,19:46:13,Observada
TX-001874,006-183561,Pedro Castillo,Transferencia,13720.39,2026-09-11,17:28:34,Observada
TX-001875,004-570777,Rosa Herrera,PagoServicio,3454.15,2026-11-18,11:51:06,Rechazada
TX-001876,009-356842,Rosa Herrera,PagoServicio,10114.84,2026-09-16,14:39:45,Rechazada
TX-001877,005-934515,Lucia Vega,Deposito,4714.53,2026-02-01,15:41:26,Observada
TX-001878,007-629558,Maria Soto,PagoServicio,9493.12,2026-10-28,01:34:23,Rechazada
TX-001879,003-576126,Ana Torres,Retiro,1820.62,2026-04-13,06:50:36,Anulada
TX-001880,008-878938,Luis Ramos,Retiro,13043.19,2026-11-20,20:07:30,Observada
TX-001881,001-823566,Maria Soto,Transferencia,1994.34,2026-12-03,15:54:25,Anulada
TX-001882,007-542875,Pedro Castillo,Retiro,6040.74,2026-08-05,07:03:51,Rechazada
TX-001883,005-224811,Pedro Castillo,Deposito,8876.26,2026-08-28,11:24:15,Aprobada
TX-001884,001-177335,Fernando Diaz,Deposito,14249.29,2026-12-20,16:05:56,Observada
TX-001885,008-876677,Miguel Castro,PagoServicio,4346.47,2026-07-05,06:57:02,Rechazada
TX-001886,003-858862,Rosa Herrera,Transferencia,2292.32,2026-01-04,00:32:59,Anulada
TX-001887,006-806642,Camila Ruiz,PagoServicio,5696.82,2026-06-20,07:55:39,Rechazada
TX-001888,009-857630,Diego Flores,Deposito,14172.07,2026-02-07,15:09:37,Rechazada
TX-001889,005-617255,Pedro Castillo,Transferencia,8466.33,2026-12-15,11:27:26,Anulada
TX-001890,009-985066,Elena Vargas,PagoServicio,4286.01,2026-05-30,03:46:15,Pendiente
TX-001891,003-250152,Ana Torres,Retiro,6463.76,2026-04-19,01:32:09,Anulada
TX-001892,006-204298,Pedro Castillo,Deposito,2492.23,2026-04-22,18:53:33,Pendiente
TX-001893,008-560237,Carlos Perez,Retiro,4334.30,2026-12-23,09:31:09,Pendiente
TX-001894,002-342928,Camila Ruiz,Deposito,2123.64,2026-03-22,07:55:03,Anulada
TX-001895,009-891533,Maria Soto,Transferencia,8979.89,2026-01-16,10:27:02,Anulada
TX-001896,009-937803,Carlos Perez,Transferencia,7330.60,2026-11-16,09:18:24,Aprobada
TX-001897,006-313008,Lucia Vega,PagoServicio,10984.02,2026-07-22,07:04:58,Rechazada
TX-001898,008-409268,Elena Vargas,Transferencia,10746.60,2026-12-23,23:24:45,Aprobada
TX-001899,008-553263,Jorge Medina,Deposito,1312.09,2026-02-23,03:14:11,Pendiente
TX-001900,002-470903,Rosa Herrera,Transferencia,11166.72,2026-03-28,09:18:27,Aprobada
TX-001901,006-264340,Valeria Leon,Deposito,4148.86,2026-09-02,21:50:28,Anulada
TX-001902,002-841143,Fernando Diaz,Deposito,13385.16,2026-01-15,21:30:42,Observada
TX-001903,002-839354,Rosa Herrera,Deposito,2864.08,2026-08-05,18:31:26,Aprobada
TX-001904,001-357859,Maria Soto,PagoServicio,13083.00,2026-03-27,12:30:06,Rechazada
TX-001905,005-592951,Maria Soto,PagoServicio,12209.89,2026-10-12,21:16:52,Observada
TX-001906,005-238193,Carlos Perez,Transferencia,14262.98,2026-11-29,21:16:49,Rechazada
TX-001907,001-555416,Luis Ramos,PagoServicio,8370.48,2026-03-22,23:47:55,Rechazada
TX-001908,001-538471,Fernando Diaz,Deposito,9204.54,2026-09-03,01:35:31,Anulada
TX-001909,004-768692,Pedro Castillo,PagoServicio,7961.61,2026-03-11,22:19:16,Pendiente
TX-001910,004-406305,Camila Ruiz,PagoServicio,7358.43,2026-09-02,16:16:54,Observada
TX-001911,006-669810,Jorge Medina,Deposito,1457.03,2026-02-13,15:20:24,Pendiente
TX-001912,007-568894,Pedro Castillo,Retiro,9939.65,2026-02-14,23:30:46,Rechazada
TX-001913,008-434397,Camila Ruiz,Transferencia,5220.20,2026-06-04,14:27:40,Rechazada
TX-001914,008-980930,Rosa Herrera,PagoServicio,9019.87,2026-09-24,21:22:21,Rechazada
TX-001915,001-405062,Lucia Vega,Retiro,13348.26,2026-11-01,00:29:05,Observada
TX-001916,001-689569,Rosa Herrera,Deposito,3931.46,2026-05-04,08:25:03,Observada
TX-001917,007-948330,Jorge Medina,PagoServicio,5986.21,2026-12-21,07:53:34,Aprobada
TX-001918,005-609089,Fernando Diaz,Retiro,5104.22,2026-11-14,21:12:07,Aprobada
TX-001919,005-569380,Sofia Rojas,Retiro,8591.86,2026-03-06,16:13:12,Anulada
TX-001920,004-917419,Camila Ruiz,Transferencia,14218.69,2026-08-27,04:24:26,Anulada
TX-001921,006-235492,Diego Flores,Transferencia,14254.68,2026-01-09,04:49:52,Observada
TX-001922,002-918343,Fernando Diaz,Deposito,13684.31,2026-10-25,19:29:09,Anulada
TX-001923,002-786745,Ana Torres,Retiro,5437.85,2026-03-19,01:35:35,Rechazada
TX-001924,009-514739,Miguel Castro,Retiro,4359.91,2026-03-04,16:23:45,Pendiente
TX-001925,006-533476,Carlos Perez,Retiro,14100.81,2026-01-15,00:14:35,Aprobada
TX-001926,009-207500,Valeria Leon,PagoServicio,11872.24,2026-01-17,10:07:34,Rechazada
TX-001927,005-416110,Ana Torres,Retiro,9477.02,2026-09-25,05:16:39,Rechazada
TX-001928,001-385693,Fernando Diaz,Transferencia,12196.81,2026-05-27,17:52:48,Observada
TX-001929,003-958045,Fernando Diaz,Deposito,12931.14,2026-01-30,17:17:02,Aprobada
TX-001930,009-857190,Fernando Diaz,PagoServicio,312.11,2026-10-16,10:01:05,Anulada
TX-001931,003-200198,Fernando Diaz,PagoServicio,2922.32,2026-08-24,05:27:16,Pendiente
TX-001932,006-545804,Valeria Leon,Transferencia,4539.29,2026-06-28,05:18:38,Rechazada
TX-001933,002-377107,Camila Ruiz,PagoServicio,5654.95,2026-06-16,19:33:08,Aprobada
TX-001934,004-526068,Valeria Leon,Deposito,7255.41,2026-12-19,12:03:28,Anulada
TX-001935,009-356496,Sofia Rojas,Transferencia,14897.38,2026-10-10,13:19:37,Observada
TX-001936,006-899749,Valeria Leon,Transferencia,6789.53,2026-08-13,10:13:37,Aprobada
TX-001937,007-908667,Carlos Perez,PagoServicio,5553.63,2026-08-07,16:58:08,Aprobada
TX-001938,005-448583,Maria Soto,Transferencia,1439.88,2026-03-07,17:34:39,Rechazada
TX-001939,008-722234,Carlos Perez,Transferencia,2128.55,2026-08-28,10:05:20,Observada
TX-001940,009-858154,Miguel Castro,Retiro,893.41,2026-07-11,14:59:12,Pendiente
TX-001941,007-426584,Fernando Diaz,Deposito,12516.51,2026-01-15,04:17:42,Pendiente
TX-001942,007-105842,Lucia Vega,Retiro,11328.02,2026-11-05,15:06:05,Observada
TX-001943,009-624094,Pedro Castillo,Retiro,4834.35,2026-10-03,07:07:48,Observada
TX-001944,009-681757,Miguel Castro,Transferencia,13819.24,2026-06-15,07:49:49,Aprobada
TX-001945,007-233465,Rosa Herrera,Transferencia,2439.78,2026-10-18,13:15:06,Aprobada
TX-001946,003-306954,Jorge Medina,Transferencia,595.54,2026-06-14,17:39:53,Observada
TX-001947,003-756581,Rosa Herrera,PagoServicio,2106.58,2026-12-06,12:16:29,Anulada
TX-001948,007-518807,Ana Torres,Deposito,1772.57,2026-04-25,06:21:47,Pendiente
TX-001949,009-438046,Diego Flores,Deposito,8461.52,2026-03-06,10:43:32,Rechazada
TX-001950,005-648668,Camila Ruiz,Retiro,12044.18,2026-10-05,11:23:16,Pendiente
TX-001951,009-733882,Lucia Vega,PagoServicio,6948.57,2026-12-30,14:02:23,Pendiente
TX-001952,003-272216,Valeria Leon,PagoServicio,157.22,2026-06-11,16:13:28,Rechazada
TX-001953,003-593348,Luis Ramos,Transferencia,4684.49,2026-03-14,21:15:08,Rechazada
TX-001954,002-663852,Jorge Medina,Deposito,1429.77,2026-08-31,17:10:06,Observada
TX-001955,003-170015,Pedro Castillo,Retiro,5180.91,2026-01-06,11:41:46,Rechazada
TX-001956,005-397992,Miguel Castro,PagoServicio,8771.18,2026-04-29,17:47:58,Pendiente
TX-001957,007-367124,Valeria Leon,Retiro,1171.37,2026-03-01,04:40:27,Aprobada
TX-001958,004-393586,Maria Soto,Deposito,8459.26,2026-02-19,04:58:03,Anulada
TX-001959,007-446198,Diego Flores,Deposito,14500.22,2026-10-14,07:48:45,Anulada
TX-001960,008-319473,Maria Soto,Transferencia,11752.64,2026-03-26,01:23:57,Aprobada
TX-001961,003-250295,Maria Soto,PagoServicio,13120.47,2026-05-06,13:43:38,Aprobada
TX-001962,001-243628,Valeria Leon,PagoServicio,6386.83,2026-07-03,04:27:39,Pendiente
TX-001963,005-624681,Rosa Herrera,Transferencia,3619.19,2026-06-02,17:19:28,Observada
TX-001964,007-840551,Jorge Medina,Deposito,4683.31,2026-07-22,17:15:33,Pendiente
TX-001965,009-181998,Elena Vargas,Retiro,14330.85,2026-09-04,03:09:48,Pendiente
TX-001966,003-980673,Sofia Rojas,PagoServicio,7356.50,2026-11-03,09:41:14,Pendiente
TX-001967,002-685005,Elena Vargas,PagoServicio,9784.86,2026-03-11,03:11:45,Aprobada
TX-001968,006-996922,Jorge Medina,Deposito,10930.09,2026-03-25,00:34:25,Anulada
TX-001969,009-300261,Sofia Rojas,Deposito,2693.29,2026-10-18,08:24:09,Aprobada
TX-001970,004-563555,Pedro Castillo,Retiro,94.16,2026-05-01,13:03:03,Pendiente
TX-001971,002-486785,Elena Vargas,Deposito,7546.87,2026-01-06,01:07:03,Anulada
TX-001972,005-135156,Camila Ruiz,Deposito,9628.69,2026-06-04,16:22:09,Aprobada
TX-001973,005-387492,Camila Ruiz,Transferencia,14567.40,2026-11-16,17:57:06,Aprobada
TX-001974,008-737058,Camila Ruiz,PagoServicio,7359.60,2026-07-03,20:51:32,Anulada
TX-001975,002-140048,Pedro Castillo,Transferencia,9197.68,2026-10-05,00:32:07,Rechazada
TX-001976,003-992278,Maria Soto,Transferencia,6299.39,2026-11-25,11:27:23,Aprobada
TX-001977,001-564915,Camila Ruiz,Transferencia,4720.41,2026-11-30,04:07:01,Anulada
TX-001978,005-993990,Carlos Perez,Transferencia,4996.65,2026-09-18,23:24:33,Pendiente
TX-001979,003-715354,Fernando Diaz,Deposito,7749.94,2026-09-16,01:32:43,Observada
TX-001980,007-978409,Camila Ruiz,Transferencia,983.67,2026-11-17,10:00:01,Anulada
TX-001981,003-864366,Lucia Vega,Transferencia,2597.05,2026-01-18,06:50:55,Pendiente
TX-001982,004-822171,Valeria Leon,PagoServicio,2602.79,2026-10-18,00:56:43,Aprobada
TX-001983,005-387061,Valeria Leon,Deposito,1774.54,2026-07-01,01:47:10,Anulada
TX-001984,002-693692,Elena Vargas,PagoServicio,1331.55,2026-12-23,12:29:00,Aprobada
TX-001985,003-864989,Luis Ramos,Retiro,4769.34,2026-09-01,08:34:03,Aprobada
TX-001986,003-927050,Ana Torres,Retiro,9572.80,2026-06-28,18:45:52,Aprobada
TX-001987,004-422733,Miguel Castro,Retiro,11213.65,2026-10-14,15:41:17,Rechazada
TX-001988,005-155926,Sofia Rojas,Deposito,2678.28,2026-02-24,12:51:57,Anulada
TX-001989,006-534092,Carlos Perez,Retiro,4099.26,2026-03-19,08:54:29,Rechazada
TX-001990,005-371952,Fernando Diaz,PagoServicio,3975.53,2026-07-10,06:03:55,Pendiente
TX-001991,006-465805,Rosa Herrera,PagoServicio,12444.21,2026-09-24,19:40:32,Rechazada
TX-001992,001-975271,Diego Flores,PagoServicio,2344.01,2026-08-09,20:46:24,Rechazada
TX-001993,007-463773,Camila Ruiz,Deposito,3119.63,2026-09-29,17:14:46,Anulada
TX-001994,009-970168,Fernando Diaz,Deposito,1370.45,2026-10-28,08:41:39,Rechazada
TX-001995,005-328856,Jorge Medina,Deposito,481.41,2026-02-14,18:39:25,Anulada
TX-001996,003-598293,Maria Soto,PagoServicio,8806.44,2026-05-25,13:55:36,Anulada
TX-001997,007-790282,Diego Flores,Transferencia,4842.36,2026-02-10,15:03:48,Pendiente
TX-001998,001-266461,Sofia Rojas,PagoServicio,5027.34,2026-09-09,14:41:29,Aprobada
TX-001999,003-475394,Lucia Vega,Retiro,7007.95,2026-03-14,07:08:37,Aprobada
TX-002000,008-948530,Diego Flores,PagoServicio,8907.69,2026-09-27,17:11:40,Observada
TX-002001,007-596576,Miguel Castro,Retiro,3796.10,2026-05-25,22:36:49,Anulada
TX-002002,006-605998,Camila Ruiz,PagoServicio,4509.60,2026-12-27,18:48:36,Rechazada
TX-002003,009-213094,Sofia Rojas,PagoServicio,11613.35,2026-08-13,06:34:41,Observada
TX-002004,001-271993,Valeria Leon,Retiro,13836.08,2026-12-11,07:39:59,Anulada
TX-002005,009-308102,Diego Flores,Retiro,1957.06,2026-05-10,09:09:22,Aprobada
TX-002006,002-424296,Rosa Herrera,Retiro,12024.33,2026-06-28,03:31:11,Observada
TX-002007,003-582961,Ana Torres,Retiro,3014.09,2026-03-08,19:47:38,Pendiente
TX-002008,005-184279,Maria Soto,Retiro,12867.86,2026-06-19,12:55:49,Aprobada
TX-002009,004-261625,Camila Ruiz,Deposito,84.12,2026-03-03,21:03:41,Pendiente
TX-002010,002-593670,Valeria Leon,PagoServicio,10484.71,2026-12-21,12:13:14,Observada
TX-002011,007-971730,Jorge Medina,Retiro,11448.21,2026-02-07,05:09:08,Observada
TX-002012,003-433821,Rosa Herrera,Retiro,6004.25,2026-05-08,00:54:11,Pendiente
TX-002013,007-725935,Sofia Rojas,Transferencia,5209.54,2026-09-18,03:42:11,Anulada
TX-002014,001-332463,Elena Vargas,Retiro,11519.98,2026-05-24,08:33:53,Pendiente
TX-002015,006-625814,Miguel Castro,Transferencia,9162.39,2026-10-19,22:12:25,Observada
TX-002016,002-776936,Carlos Perez,Retiro,7504.25,2026-01-18,04:25:13,Rechazada
TX-002017,005-556550,Luis Ramos,Deposito,5767.16,2026-03-11,20:33:45,Observada
TX-002018,003-398806,Lucia Vega,PagoServicio,10132.34,2026-07-06,16:00:06,Aprobada
TX-002019,005-542223,Maria Soto,Retiro,5979.26,2026-07-20,22:02:17,Aprobada
TX-002020,008-945392,Luis Ramos,Deposito,10294.12,2026-02-09,09:09:50,Observada
TX-002021,001-268698,Pedro Castillo,Retiro,8624.49,2026-05-30,03:02:55,Observada
TX-002022,001-609754,Camila Ruiz,PagoServicio,6342.63,2026-01-22,04:04:55,Pendiente
TX-002023,007-371213,Fernando Diaz,Transferencia,9058.50,2026-11-08,15:04:53,Observada
TX-002024,009-490935,Rosa Herrera,PagoServicio,10683.23,2026-11-24,20:13:11,Anulada
TX-002025,006-217096,Rosa Herrera,Retiro,14711.21,2026-07-26,11:54:41,Observada
TX-002026,002-257692,Ana Torres,Deposito,14223.54,2026-10-02,18:58:52,Anulada
TX-002027,005-307212,Valeria Leon,PagoServicio,6528.97,2026-06-30,11:54:24,Pendiente
TX-002028,001-227455,Miguel Castro,PagoServicio,6909.16,2026-01-20,10:43:08,Anulada
TX-002029,006-364583,Sofia Rojas,Deposito,10128.19,2026-10-25,19:24:30,Aprobada
TX-002030,009-380216,Maria Soto,Deposito,5359.71,2026-01-07,19:17:19,Observada
TX-002031,006-412143,Camila Ruiz,Transferencia,8940.73,2026-05-19,17:45:35,Aprobada
TX-002032,009-874562,Sofia Rojas,Retiro,2636.75,2026-07-27,18:25:24,Aprobada
TX-002033,003-862091,Maria Soto,PagoServicio,6472.20,2026-04-17,16:21:16,Pendiente
TX-002034,008-822460,Diego Flores,Retiro,13782.44,2026-12-17,21:58:49,Anulada
TX-002035,008-142615,Luis Ramos,Deposito,5598.20,2026-02-26,23:48:47,Anulada
TX-002036,002-500464,Valeria Leon,Transferencia,5073.21,2026-09-05,06:51:24,Pendiente
TX-002037,007-520205,Ana Torres,Retiro,14255.88,2026-04-10,18:05:24,Aprobada
TX-002038,007-222080,Rosa Herrera,Retiro,8567.72,2026-04-28,18:02:31,Anulada
TX-002039,009-665347,Miguel Castro,Retiro,10416.91,2026-01-19,23:08:23,Pendiente
TX-002040,008-325663,Rosa Herrera,PagoServicio,4129.05,2026-09-25,12:40:16,Rechazada
TX-002041,005-625927,Camila Ruiz,Transferencia,9073.29,2026-12-20,07:27:04,Rechazada
TX-002042,005-385925,Ana Torres,PagoServicio,3114.97,2026-10-31,17:14:22,Observada
TX-002043,003-388115,Lucia Vega,PagoServicio,8990.20,2026-09-04,13:17:34,Pendiente
TX-002044,002-332074,Carlos Perez,Transferencia,10638.04,2026-03-27,20:24:26,Aprobada
TX-002045,005-863535,Fernando Diaz,PagoServicio,8822.83,2026-09-04,12:30:36,Anulada
TX-002046,006-667759,Sofia Rojas,PagoServicio,13948.79,2026-01-05,21:08:06,Pendiente
TX-002047,006-435169,Pedro Castillo,PagoServicio,2285.16,2026-11-28,19:10:29,Observada
TX-002048,004-658094,Fernando Diaz,Retiro,10098.06,2026-04-10,07:13:39,Observada
TX-002049,001-792792,Miguel Castro,Transferencia,9474.45,2026-08-06,23:56:06,Pendiente
TX-002050,002-317633,Fernando Diaz,Deposito,4567.45,2026-10-19,14:29:57,Pendiente
TX-002051,008-807265,Jorge Medina,Transferencia,2346.95,2026-08-16,04:00:25,Rechazada
TX-002052,006-692332,Sofia Rojas,PagoServicio,14937.43,2026-01-10,02:10:53,Pendiente
TX-002053,009-880195,Jorge Medina,Retiro,5635.51,2026-07-28,18:43:38,Rechazada
TX-002054,007-736613,Miguel Castro,Transferencia,1463.73,2026-03-26,18:45:13,Rechazada
TX-002055,002-698469,Lucia Vega,Retiro,12974.75,2026-10-25,19:47:22,Observada
TX-002056,009-528360,Pedro Castillo,Retiro,6278.52,2026-08-21,17:24:04,Pendiente
TX-002057,006-907927,Pedro Castillo,Transferencia,9966.88,2026-09-24,17:50:56,Pendiente
TX-002058,009-661645,Valeria Leon,PagoServicio,3384.24,2026-06-06,21:14:08,Observada
TX-002059,008-400189,Miguel Castro,PagoServicio,2362.95,2026-12-06,04:08:11,Rechazada
TX-002060,007-402417,Ana Torres,Deposito,11446.39,2026-09-12,20:08:23,Rechazada
TX-002061,002-501975,Diego Flores,PagoServicio,14613.97,2026-06-09,08:12:55,Rechazada
TX-002062,001-748938,Carlos Perez,Retiro,9149.49,2026-07-15,11:40:00,Aprobada
TX-002063,007-123942,Pedro Castillo,Retiro,2505.22,2026-08-31,22:02:13,Observada
TX-002064,002-488283,Ana Torres,PagoServicio,8285.34,2026-12-02,07:49:40,Rechazada
TX-002065,003-580005,Pedro Castillo,Retiro,2636.41,2026-12-30,22:47:10,Rechazada
TX-002066,006-239093,Lucia Vega,Transferencia,13417.74,2026-03-22,09:26:51,Anulada
TX-002067,008-581498,Carlos Perez,PagoServicio,14845.80,2026-11-06,10:16:53,Rechazada
TX-002068,008-624513,Camila Ruiz,Transferencia,12057.27,2026-11-22,09:33:54,Pendiente
TX-002069,003-356757,Jorge Medina,Transferencia,113.18,2026-01-13,13:16:05,Observada
TX-002070,009-593050,Miguel Castro,PagoServicio,1064.78,2026-06-11,23:33:24,Pendiente
TX-002071,009-226858,Fernando Diaz,Transferencia,6583.43,2026-11-18,11:13:29,Aprobada
TX-002072,005-951089,Sofia Rojas,Transferencia,5456.97,2026-10-06,07:25:32,Anulada
TX-002073,008-549407,Rosa Herrera,Transferencia,1563.31,2026-11-25,23:16:05,Pendiente
TX-002074,002-857065,Maria Soto,Deposito,6199.27,2026-05-12,23:29:17,Rechazada
TX-002075,004-934197,Jorge Medina,Retiro,3974.97,2026-05-09,04:03:44,Aprobada
TX-002076,008-843527,Jorge Medina,Retiro,11357.14,2026-05-13,23:47:57,Pendiente
TX-002077,008-446723,Rosa Herrera,PagoServicio,10496.43,2026-08-09,16:17:54,Pendiente
TX-002078,001-898304,Maria Soto,Retiro,7831.47,2026-01-11,01:46:58,Rechazada
TX-002079,006-690913,Pedro Castillo,Deposito,4606.87,2026-10-06,00:04:53,Rechazada
TX-002080,005-598372,Fernando Diaz,PagoServicio,10102.45,2026-03-01,23:29:49,Rechazada
TX-002081,003-736956,Lucia Vega,PagoServicio,3867.01,2026-03-30,12:21:00,Aprobada
TX-002082,004-711561,Lucia Vega,Retiro,8767.68,2026-04-11,17:58:50,Pendiente
TX-002083,009-881668,Miguel Castro,PagoServicio,7159.85,2026-12-16,12:38:43,Rechazada
TX-002084,006-775127,Maria Soto,Deposito,7854.83,2026-05-27,19:01:01,Observada
TX-002085,003-650750,Jorge Medina,Retiro,7265.14,2026-05-28,12:40:01,Aprobada
TX-002086,002-458997,Carlos Perez,Deposito,3104.37,2026-02-28,06:55:35,Pendiente
TX-002087,002-781570,Carlos Perez,Deposito,7486.87,2026-08-10,03:16:01,Aprobada
TX-002088,009-339464,Fernando Diaz,Retiro,5459.77,2026-01-13,18:05:45,Observada
TX-002089,002-445521,Valeria Leon,Transferencia,4079.39,2026-07-27,16:16:02,Anulada
TX-002090,002-936677,Ana Torres,PagoServicio,8504.87,2026-04-07,07:15:57,Rechazada
TX-002091,005-935998,Fernando Diaz,Retiro,10348.59,2026-09-10,17:57:46,Rechazada
TX-002092,004-823137,Fernando Diaz,PagoServicio,2669.69,2026-08-25,13:34:29,Pendiente
TX-002093,009-390955,Luis Ramos,Retiro,11002.73,2026-12-23,07:24:38,Aprobada
TX-002094,003-647941,Lucia Vega,Transferencia,3123.90,2026-04-05,17:41:28,Anulada
TX-002095,008-586823,Luis Ramos,Transferencia,4789.69,2026-09-04,04:25:45,Aprobada
TX-002096,004-601532,Luis Ramos,PagoServicio,1259.96,2026-03-18,15:51:58,Aprobada
TX-002097,009-718005,Carlos Perez,PagoServicio,4506.41,2026-01-04,17:30:05,Anulada
TX-002098,007-216941,Fernando Diaz,PagoServicio,11663.16,2026-03-17,15:39:21,Anulada
TX-002099,008-100519,Lucia Vega,PagoServicio,9024.30,2026-07-11,07:24:45,Rechazada
TX-002100,006-631935,Jorge Medina,Deposito,14272.02,2026-04-27,08:49:18,Pendiente
TX-002101,009-361118,Pedro Castillo,Deposito,10170.86,2026-07-15,08:52:49,Pendiente
TX-002102,008-216884,Rosa Herrera,Retiro,7318.83,2026-05-04,23:13:47,Anulada
TX-002103,008-619871,Maria Soto,Retiro,992.74,2026-06-17,18:40:15,Pendiente
TX-002104,002-564727,Pedro Castillo,Retiro,2912.00,2026-02-12,05:15:59,Rechazada
TX-002105,004-422122,Valeria Leon,Deposito,4807.04,2026-07-25,23:40:54,Observada
TX-002106,002-818008,Lucia Vega,Retiro,8569.42,2026-03-02,00:57:16,Pendiente
TX-002107,003-301225,Rosa Herrera,PagoServicio,11789.31,2026-11-28,00:32:44,Rechazada
TX-002108,003-441501,Valeria Leon,PagoServicio,9805.82,2026-11-03,07:40:12,Observada
TX-002109,005-339834,Elena Vargas,Deposito,7085.01,2026-11-29,12:42:44,Pendiente
TX-002110,006-252029,Lucia Vega,Deposito,10903.38,2026-11-19,00:59:44,Pendiente
TX-002111,008-422979,Sofia Rojas,PagoServicio,11442.80,2026-01-03,04:52:18,Observada
TX-002112,001-528645,Pedro Castillo,Retiro,14625.04,2026-10-25,21:24:40,Pendiente
TX-002113,001-958294,Fernando Diaz,Retiro,3137.05,2026-10-06,07:52:25,Pendiente
TX-002114,005-972993,Pedro Castillo,Transferencia,4834.47,2026-11-04,03:54:30,Observada
TX-002115,006-685176,Valeria Leon,Retiro,11964.14,2026-08-28,20:02:15,Anulada
TX-002116,008-998004,Lucia Vega,Transferencia,1125.66,2026-03-04,07:12:13,Pendiente
TX-002117,008-856300,Diego Flores,PagoServicio,14281.16,2026-01-18,20:45:02,Observada
TX-002118,008-361982,Lucia Vega,PagoServicio,899.16,2026-01-22,19:01:32,Pendiente
TX-002119,005-664024,Pedro Castillo,PagoServicio,13854.86,2026-02-13,02:52:55,Observada
TX-002120,003-886249,Luis Ramos,Deposito,14657.91,2026-10-12,10:55:10,Observada
TX-002121,003-257726,Diego Flores,Deposito,8615.58,2026-08-07,04:41:40,Aprobada
TX-002122,008-357138,Pedro Castillo,Deposito,8354.55,2026-11-14,09:52:52,Pendiente
TX-002123,001-247290,Rosa Herrera,Transferencia,13062.17,2026-09-29,13:29:40,Pendiente
TX-002124,006-910237,Jorge Medina,Retiro,2770.26,2026-07-01,21:07:06,Rechazada
TX-002125,008-479798,Pedro Castillo,Retiro,10168.26,2026-10-01,10:19:03,Pendiente
TX-002126,005-732938,Fernando Diaz,Transferencia,2112.65,2026-09-07,10:06:46,Observada
TX-002127,007-515559,Rosa Herrera,PagoServicio,11973.47,2026-11-19,23:46:03,Anulada
TX-002128,001-637145,Pedro Castillo,Transferencia,8490.06,2026-01-13,11:02:40,Anulada
TX-002129,006-928519,Valeria Leon,PagoServicio,4246.87,2026-05-10,14:47:57,Aprobada
TX-002130,002-692767,Luis Ramos,Transferencia,7981.12,2026-11-07,03:24:26,Anulada
TX-002131,002-701804,Elena Vargas,PagoServicio,9154.37,2026-03-16,03:12:00,Aprobada
TX-002132,007-957479,Lucia Vega,PagoServicio,6774.82,2026-12-08,23:13:59,Rechazada
TX-002133,006-176573,Maria Soto,Deposito,6816.17,2026-10-31,08:30:00,Observada
TX-002134,001-520967,Diego Flores,Deposito,105.25,2026-11-18,15:35:40,Observada
TX-002135,001-108952,Carlos Perez,Deposito,6412.97,2026-04-11,12:41:03,Rechazada
TX-002136,006-658224,Jorge Medina,Retiro,11551.22,2026-08-12,02:09:14,Pendiente
TX-002137,003-298020,Rosa Herrera,Retiro,3100.10,2026-03-12,12:30:39,Aprobada
TX-002138,001-659333,Diego Flores,Transferencia,11694.15,2026-07-29,17:52:31,Pendiente
TX-002139,002-443367,Miguel Castro,Deposito,13927.70,2026-09-13,14:33:41,Rechazada
TX-002140,004-417644,Maria Soto,PagoServicio,14865.14,2026-04-01,11:31:12,Rechazada
TX-002141,006-128622,Maria Soto,PagoServicio,1855.42,2026-05-26,16:18:55,Aprobada
TX-002142,008-880080,Miguel Castro,Retiro,5712.44,2026-06-23,12:35:35,Observada
TX-002143,007-308286,Carlos Perez,PagoServicio,8857.36,2026-02-18,09:48:57,Aprobada
TX-002144,003-631316,Elena Vargas,Transferencia,2451.62,2026-03-23,09:58:03,Aprobada
TX-002145,008-876619,Diego Flores,Deposito,11247.74,2026-05-04,01:31:54,Observada
TX-002146,004-320544,Luis Ramos,Deposito,7174.90,2026-07-17,13:45:22,Aprobada
TX-002147,008-116929,Ana Torres,PagoServicio,12053.14,2026-06-05,11:08:39,Aprobada
TX-002148,006-477898,Lucia Vega,Transferencia,6517.89,2026-11-26,06:08:41,Pendiente
TX-002149,004-835276,Luis Ramos,PagoServicio,13140.37,2026-01-07,03:43:58,Pendiente
TX-002150,006-147573,Maria Soto,Retiro,2668.60,2026-01-04,14:26:22,Rechazada
TX-002151,009-263324,Maria Soto,PagoServicio,11436.69,2026-01-24,18:15:09,Anulada
TX-002152,004-875788,Camila Ruiz,Deposito,5581.84,2026-06-11,02:55:40,Rechazada
TX-002153,007-280795,Maria Soto,Retiro,11132.08,2026-11-11,16:43:36,Rechazada
TX-002154,006-214705,Rosa Herrera,Retiro,459.40,2026-03-21,06:08:04,Pendiente
TX-002155,007-755687,Pedro Castillo,Deposito,9332.48,2026-01-12,01:26:09,Aprobada
TX-002156,006-129881,Elena Vargas,PagoServicio,523.00,2026-12-05,15:53:30,Rechazada
TX-002157,007-148758,Valeria Leon,PagoServicio,11439.91,2026-10-08,14:23:59,Anulada
TX-002158,003-265855,Luis Ramos,Transferencia,5236.51,2026-03-28,11:42:41,Aprobada
TX-002159,007-169547,Luis Ramos,PagoServicio,6971.86,2026-06-11,04:47:47,Anulada
TX-002160,008-240934,Miguel Castro,Transferencia,4678.35,2026-07-02,07:56:08,Pendiente
TX-002161,003-438560,Camila Ruiz,Deposito,14354.01,2026-09-17,14:14:14,Aprobada
TX-002162,008-616740,Fernando Diaz,Retiro,1896.24,2026-07-19,21:40:08,Rechazada
TX-002163,003-336508,Camila Ruiz,Transferencia,11150.35,2026-10-06,13:25:22,Observada
TX-002164,005-744889,Luis Ramos,Retiro,3401.09,2026-03-13,16:50:45,Pendiente
TX-002165,006-844971,Jorge Medina,Deposito,11400.81,2026-02-21,03:35:56,Pendiente
TX-002166,007-492975,Camila Ruiz,Retiro,8694.73,2026-12-29,23:19:51,Aprobada
TX-002167,007-762574,Ana Torres,Retiro,14693.16,2026-01-06,13:29:17,Rechazada
TX-002168,001-975958,Rosa Herrera,Retiro,2436.66,2026-05-06,06:13:10,Aprobada
TX-002169,008-607348,Miguel Castro,Deposito,2824.35,2026-12-04,16:34:05,Anulada
TX-002170,007-574065,Carlos Perez,PagoServicio,9323.48,2026-07-31,23:57:54,Observada
TX-002171,002-881147,Lucia Vega,Deposito,5065.45,2026-12-13,14:57:11,Rechazada
TX-002172,005-457546,Rosa Herrera,PagoServicio,11582.40,2026-06-27,05:10:24,Aprobada
TX-002173,006-900345,Valeria Leon,Deposito,956.14,2026-05-22,21:58:55,Observada
TX-002174,001-669711,Maria Soto,Transferencia,3414.60,2026-06-27,15:35:19,Aprobada
TX-002175,002-677204,Fernando Diaz,Deposito,1903.23,2026-05-16,00:05:34,Pendiente
TX-002176,008-557351,Valeria Leon,Transferencia,14494.73,2026-07-16,00:21:57,Rechazada
TX-002177,007-959860,Elena Vargas,Retiro,2134.21,2026-09-22,07:24:46,Rechazada
TX-002178,001-308328,Fernando Diaz,Deposito,7888.36,2026-10-30,21:32:46,Rechazada
TX-002179,009-650549,Ana Torres,Deposito,8096.46,2026-09-27,09:42:13,Anulada
TX-002180,003-492662,Maria Soto,Transferencia,10209.15,2026-09-04,13:45:55,Anulada
TX-002181,004-984199,Elena Vargas,Retiro,8116.92,2026-08-25,18:29:41,Observada
TX-002182,004-391945,Ana Torres,PagoServicio,4454.48,2026-12-16,21:31:27,Anulada
TX-002183,007-599694,Jorge Medina,Deposito,2050.44,2026-12-31,08:07:46,Pendiente
TX-002184,001-178507,Lucia Vega,Deposito,3139.23,2026-10-12,20:20:50,Anulada
TX-002185,002-162099,Rosa Herrera,PagoServicio,2113.15,2026-07-06,18:36:44,Rechazada
TX-002186,004-510243,Rosa Herrera,Retiro,9694.81,2026-06-01,20:22:51,Anulada
TX-002187,004-360647,Miguel Castro,Deposito,1067.27,2026-04-18,06:32:13,Rechazada
TX-002188,007-229469,Fernando Diaz,Retiro,3095.41,2026-02-25,07:20:34,Pendiente
TX-002189,006-111292,Camila Ruiz,Transferencia,7814.10,2026-07-23,14:16:47,Aprobada
TX-002190,008-343459,Camila Ruiz,PagoServicio,4489.35,2026-02-18,11:49:17,Anulada
TX-002191,008-261141,Luis Ramos,Deposito,13129.78,2026-01-16,21:52:59,Observada
TX-002192,005-218318,Camila Ruiz,PagoServicio,6394.40,2026-03-07,10:07:25,Observada
TX-002193,005-335545,Valeria Leon,Transferencia,1337.71,2026-10-12,04:29:27,Anulada
TX-002194,006-353013,Miguel Castro,PagoServicio,12552.27,2026-06-17,22:58:50,Observada
TX-002195,001-769054,Luis Ramos,Deposito,12636.45,2026-10-12,10:51:36,Pendiente
TX-002196,005-771366,Valeria Leon,Deposito,6300.48,2026-11-21,18:50:45,Pendiente
TX-002197,006-187129,Ana Torres,Transferencia,10699.30,2026-07-08,13:38:32,Rechazada
TX-002198,008-332142,Diego Flores,PagoServicio,9987.77,2026-02-10,09:01:41,Observada
TX-002199,009-736108,Miguel Castro,PagoServicio,9103.35,2026-12-05,00:39:18,Observada
TX-002200,001-730888,Luis Ramos,Transferencia,8638.63,2026-02-15,14:55:51,Rechazada
TX-002201,006-708302,Camila Ruiz,PagoServicio,12231.10,2026-10-06,22:56:19,Aprobada
TX-002202,006-778521,Rosa Herrera,PagoServicio,12784.97,2026-08-11,15:57:43,Anulada
TX-002203,001-518059,Miguel Castro,PagoServicio,10039.33,2026-01-10,22:59:14,Rechazada
TX-002204,003-125317,Camila Ruiz,Deposito,1491.07,2026-12-24,13:15:48,Observada
TX-002205,001-864472,Jorge Medina,Deposito,5385.25,2026-09-23,06:07:49,Pendiente
TX-002206,006-360781,Lucia Vega,PagoServicio,11757.81,2026-05-07,00:40:29,Observada
TX-002207,005-905947,Rosa Herrera,Retiro,3148.62,2026-10-27,08:27:34,Anulada
TX-002208,006-876685,Sofia Rojas,Deposito,11716.71,2026-03-08,19:41:48,Observada
TX-002209,002-449976,Pedro Castillo,Retiro,4754.85,2026-04-29,18:35:25,Aprobada
TX-002210,002-770513,Sofia Rojas,Deposito,9330.78,2026-09-06,08:20:20,Rechazada
TX-002211,007-311968,Lucia Vega,PagoServicio,5265.40,2026-11-09,23:30:32,Observada
TX-002212,006-891434,Maria Soto,Retiro,4848.17,2026-02-13,07:04:28,Rechazada
TX-002213,005-630704,Fernando Diaz,Deposito,11353.99,2026-07-29,00:53:39,Rechazada
TX-002214,007-748513,Fernando Diaz,Transferencia,2987.31,2026-02-05,03:54:52,Anulada
TX-002215,007-993605,Lucia Vega,Retiro,10741.16,2026-07-26,22:18:52,Pendiente
TX-002216,007-239494,Elena Vargas,PagoServicio,1563.35,2026-10-13,22:38:56,Pendiente
TX-002217,002-439566,Carlos Perez,PagoServicio,12393.75,2026-04-06,11:59:15,Anulada
TX-002218,003-799946,Lucia Vega,Transferencia,7422.45,2026-11-20,14:26:02,Rechazada
TX-002219,004-336802,Jorge Medina,Retiro,2189.20,2026-04-26,06:18:45,Rechazada
TX-002220,001-999186,Diego Flores,PagoServicio,12570.58,2026-06-10,23:39:39,Anulada
TX-002221,009-695681,Carlos Perez,PagoServicio,2799.01,2026-07-21,09:26:08,Anulada
TX-002222,007-757724,Diego Flores,PagoServicio,11204.42,2026-10-02,11:20:58,Pendiente
TX-002223,005-552266,Pedro Castillo,Deposito,13501.79,2026-12-30,20:44:51,Rechazada
TX-002224,006-666618,Pedro Castillo,Transferencia,14371.79,2026-02-22,05:33:49,Pendiente
TX-002225,004-934202,Valeria Leon,Retiro,1458.35,2026-12-23,07:31:41,Anulada
TX-002226,008-661365,Pedro Castillo,Transferencia,12110.73,2026-08-23,14:32:30,Rechazada
TX-002227,006-852420,Fernando Diaz,Retiro,6984.64,2026-08-12,00:28:59,Aprobada
TX-002228,008-748865,Jorge Medina,PagoServicio,8870.03,2026-01-26,02:39:14,Rechazada
TX-002229,001-687159,Jorge Medina,Transferencia,13438.67,2026-07-05,02:28:49,Rechazada
TX-002230,002-815136,Pedro Castillo,Transferencia,14321.47,2026-04-18,05:20:55,Anulada
TX-002231,005-863112,Ana Torres,PagoServicio,6468.14,2026-10-24,20:23:59,Rechazada
TX-002232,007-325657,Camila Ruiz,PagoServicio,4654.28,2026-09-28,18:25:50,Pendiente
TX-002233,006-343861,Diego Flores,PagoServicio,2172.05,2026-07-29,13:33:14,Anulada
TX-002234,006-107104,Diego Flores,Transferencia,10684.58,2026-05-20,04:03:34,Anulada
TX-002235,002-912248,Luis Ramos,Transferencia,7951.28,2026-10-11,15:38:17,Rechazada
TX-002236,004-360885,Diego Flores,Retiro,12537.73,2026-01-12,10:50:38,Observada
TX-002237,002-447907,Luis Ramos,Transferencia,14192.75,2026-08-11,22:05:40,Observada
TX-002238,007-499812,Fernando Diaz,PagoServicio,2086.26,2026-05-14,07:44:40,Rechazada
TX-002239,002-426312,Pedro Castillo,Retiro,10611.87,2026-12-08,09:28:31,Pendiente
TX-002240,008-195142,Maria Soto,Deposito,6027.40,2026-03-30,00:26:23,Pendiente
TX-002241,002-456222,Jorge Medina,Transferencia,7862.77,2026-01-08,22:08:55,Anulada
TX-002242,001-684191,Ana Torres,Deposito,1441.40,2026-01-01,16:06:52,Anulada
TX-002243,001-104887,Pedro Castillo,PagoServicio,4600.90,2026-11-07,16:53:46,Anulada
TX-002244,006-172759,Maria Soto,Retiro,9550.86,2026-07-13,11:34:23,Rechazada
TX-002245,009-328981,Pedro Castillo,Transferencia,13082.74,2026-12-21,10:11:05,Rechazada
TX-002246,006-701866,Maria Soto,PagoServicio,10598.45,2026-12-08,15:08:12,Rechazada
TX-002247,009-256080,Miguel Castro,PagoServicio,464.82,2026-01-16,01:24:08,Anulada
TX-002248,002-946415,Elena Vargas,Deposito,14026.14,2026-02-11,20:32:06,Pendiente
TX-002249,003-718771,Valeria Leon,Retiro,13504.46,2026-07-13,06:26:38,Rechazada
TX-002250,003-742978,Elena Vargas,Deposito,14067.90,2026-12-27,15:14:22,Anulada
TX-002251,007-922149,Jorge Medina,Transferencia,10033.89,2026-01-26,10:09:53,Pendiente
TX-002252,004-483457,Maria Soto,Retiro,14406.20,2026-07-10,14:17:26,Rechazada
TX-002253,007-143610,Pedro Castillo,Transferencia,13749.99,2026-12-24,17:30:14,Observada
TX-002254,002-988955,Valeria Leon,Transferencia,9956.05,2026-05-05,11:46:15,Anulada
TX-002255,009-647013,Sofia Rojas,Retiro,4245.60,2026-02-22,14:43:29,Observada
TX-002256,004-407189,Camila Ruiz,PagoServicio,6069.53,2026-05-27,10:31:07,Aprobada
TX-002257,008-124991,Jorge Medina,Transferencia,4829.50,2026-07-08,00:10:51,Anulada
TX-002258,007-420756,Jorge Medina,Deposito,11564.93,2026-09-29,10:14:08,Aprobada
TX-002259,009-971636,Ana Torres,Retiro,14202.23,2026-04-30,06:33:51,Anulada
TX-002260,009-281779,Camila Ruiz,Deposito,11091.46,2026-07-27,11:57:49,Aprobada
TX-002261,001-417661,Sofia Rojas,Retiro,5282.97,2026-07-28,20:19:14,Aprobada
TX-002262,007-874415,Valeria Leon,Retiro,7636.10,2026-09-22,12:37:23,Aprobada
TX-002263,004-203442,Jorge Medina,Retiro,13386.42,2026-10-04,16:08:52,Pendiente
TX-002264,002-848719,Carlos Perez,PagoServicio,3108.99,2026-09-06,17:09:27,Anulada
TX-002265,001-147431,Elena Vargas,PagoServicio,3098.39,2026-09-25,17:34:33,Aprobada
TX-002266,005-104968,Elena Vargas,Retiro,9897.32,2026-12-22,10:42:05,Pendiente
TX-002267,003-508856,Miguel Castro,Retiro,5583.04,2026-11-22,08:44:37,Observada
TX-002268,001-263503,Maria Soto,Retiro,9330.24,2026-04-11,06:27:40,Observada
TX-002269,005-314828,Elena Vargas,Deposito,6143.96,2026-01-04,23:19:34,Observada
TX-002270,007-495451,Lucia Vega,Retiro,12252.70,2026-07-09,14:30:27,Pendiente
TX-002271,001-756971,Fernando Diaz,PagoServicio,636.57,2026-10-25,22:08:17,Observada
TX-002272,003-795167,Fernando Diaz,Retiro,1067.16,2026-02-14,10:06:08,Aprobada
TX-002273,003-929622,Jorge Medina,Transferencia,2758.54,2026-05-08,03:23:21,Rechazada
TX-002274,005-813981,Fernando Diaz,PagoServicio,4279.25,2026-04-22,05:48:16,Pendiente
TX-002275,005-213762,Rosa Herrera,Transferencia,5929.64,2026-12-10,22:23:12,Rechazada
TX-002276,002-681697,Miguel Castro,PagoServicio,3019.81,2026-07-21,06:12:44,Aprobada
TX-002277,008-602078,Luis Ramos,Transferencia,3437.39,2026-11-20,13:00:20,Observada
TX-002278,003-187669,Rosa Herrera,Transferencia,3633.86,2026-08-27,23:12:20,Pendiente
TX-002279,008-874212,Maria Soto,PagoServicio,8959.05,2026-01-16,22:37:53,Anulada
TX-002280,004-905882,Carlos Perez,Deposito,665.93,2026-01-06,12:27:26,Rechazada
TX-002281,006-362985,Elena Vargas,Retiro,5258.26,2026-03-19,22:11:13,Aprobada
TX-002282,007-498494,Maria Soto,Deposito,7588.86,2026-03-29,11:20:52,Rechazada
TX-002283,004-452204,Camila Ruiz,PagoServicio,389.39,2026-06-21,02:02:30,Aprobada
TX-002284,004-730886,Valeria Leon,Deposito,8357.23,2026-02-25,16:14:39,Anulada
TX-002285,006-159468,Luis Ramos,Transferencia,6154.76,2026-07-27,11:47:32,Aprobada
TX-002286,003-859252,Elena Vargas,Deposito,5561.88,2026-02-25,17:23:27,Aprobada
TX-002287,004-106188,Sofia Rojas,Transferencia,8445.05,2026-11-13,00:17:24,Observada
TX-002288,002-998632,Carlos Perez,Transferencia,8458.94,2026-01-29,17:01:18,Aprobada
TX-002289,008-699252,Camila Ruiz,PagoServicio,4244.20,2026-08-28,05:59:37,Observada
TX-002290,008-884407,Carlos Perez,PagoServicio,9193.00,2026-05-15,00:59:46,Observada
TX-002291,008-260576,Jorge Medina,Deposito,3365.36,2026-04-22,09:45:42,Rechazada
TX-002292,007-369705,Elena Vargas,Retiro,5527.49,2026-01-09,03:08:53,Observada
TX-002293,005-250977,Ana Torres,PagoServicio,6161.47,2026-12-08,16:22:37,Anulada
TX-002294,004-521769,Maria Soto,Deposito,3129.43,2026-06-07,14:15:32,Observada
TX-002295,007-582954,Fernando Diaz,PagoServicio,6663.95,2026-05-31,20:32:59,Observada
TX-002296,006-454210,Pedro Castillo,PagoServicio,2005.39,2026-07-25,19:22:07,Rechazada
TX-002297,004-327498,Fernando Diaz,Retiro,8530.12,2026-12-06,06:35:57,Anulada
TX-002298,006-585884,Valeria Leon,PagoServicio,5628.50,2026-04-30,04:30:21,Rechazada
TX-002299,007-248196,Jorge Medina,Transferencia,8147.00,2026-06-25,15:55:34,Pendiente
TX-002300,007-153357,Carlos Perez,Retiro,5071.87,2026-12-12,14:41:56,Rechazada
TX-002301,007-642638,Sofia Rojas,Retiro,14148.56,2026-01-10,06:09:43,Rechazada
TX-002302,007-694954,Camila Ruiz,Retiro,4107.07,2026-10-17,16:57:36,Anulada
TX-002303,003-772386,Sofia Rojas,Retiro,2268.74,2026-05-03,21:54:25,Observada
TX-002304,004-874337,Maria Soto,PagoServicio,4750.06,2026-12-29,08:22:43,Anulada
TX-002305,009-871036,Camila Ruiz,Transferencia,10146.08,2026-11-02,15:01:11,Aprobada
TX-002306,002-122508,Ana Torres,Transferencia,4979.31,2026-02-04,22:21:59,Pendiente
TX-002307,006-312868,Fernando Diaz,Retiro,14369.77,2026-04-30,10:41:02,Aprobada
TX-002308,006-753505,Elena Vargas,Deposito,8755.89,2026-11-18,15:53:29,Observada
TX-002309,008-455069,Fernando Diaz,Retiro,4353.22,2026-02-09,10:02:37,Anulada
TX-002310,003-259401,Maria Soto,PagoServicio,1785.42,2026-12-20,11:58:20,Anulada
TX-002311,007-265969,Valeria Leon,PagoServicio,10500.94,2026-04-20,05:17:47,Rechazada
TX-002312,002-796117,Maria Soto,PagoServicio,1465.06,2026-01-16,07:01:58,Rechazada
TX-002313,007-595780,Sofia Rojas,PagoServicio,2565.16,2026-01-08,17:59:09,Anulada
TX-002314,006-562355,Diego Flores,Retiro,6715.53,2026-01-08,17:04:39,Observada
TX-002315,006-456281,Luis Ramos,Deposito,1042.66,2026-02-22,09:45:49,Anulada
TX-002316,005-810277,Sofia Rojas,Retiro,1673.47,2026-12-30,03:06:02,Rechazada
TX-002317,006-406550,Fernando Diaz,Transferencia,5327.13,2026-11-07,10:10:50,Observada
TX-002318,001-752069,Elena Vargas,PagoServicio,14875.61,2026-05-22,20:03:34,Pendiente
TX-002319,004-638362,Lucia Vega,Transferencia,7349.24,2026-12-18,18:49:23,Rechazada
TX-002320,001-780950,Carlos Perez,Deposito,3954.07,2026-06-18,03:23:00,Pendiente
TX-002321,001-386089,Fernando Diaz,PagoServicio,9894.56,2026-05-10,07:01:43,Anulada
TX-002322,001-236996,Miguel Castro,Transferencia,11022.27,2026-01-08,11:04:13,Pendiente
TX-002323,007-309340,Elena Vargas,PagoServicio,5706.45,2026-01-14,23:23:14,Pendiente
TX-002324,007-451938,Pedro Castillo,PagoServicio,6113.85,2026-05-13,20:52:13,Rechazada
TX-002325,006-854048,Lucia Vega,Retiro,7337.57,2026-04-14,13:34:05,Aprobada
TX-002326,008-804441,Luis Ramos,Deposito,12923.57,2026-12-14,21:38:22,Aprobada
TX-002327,001-950138,Maria Soto,Transferencia,3651.99,2026-03-10,18:45:32,Pendiente
TX-002328,002-261487,Diego Flores,Retiro,11685.36,2026-12-02,10:10:40,Aprobada
TX-002329,001-858232,Ana Torres,Deposito,13053.69,2026-08-28,19:09:02,Aprobada
TX-002330,003-711062,Camila Ruiz,PagoServicio,9468.73,2026-05-09,12:13:02,Aprobada
TX-002331,002-158894,Fernando Diaz,Retiro,3000.82,2026-10-17,17:49:16,Aprobada
TX-002332,003-196158,Fernando Diaz,Transferencia,67.58,2026-11-04,10:10:44,Rechazada
TX-002333,004-152427,Fernando Diaz,Transferencia,5809.65,2026-08-31,21:37:57,Anulada
TX-002334,004-599168,Miguel Castro,Retiro,10626.48,2026-07-12,08:32:02,Anulada
TX-002335,003-592002,Lucia Vega,Transferencia,6643.32,2026-07-17,03:01:46,Aprobada
TX-002336,002-284393,Carlos Perez,Deposito,2166.95,2026-07-30,11:47:29,Anulada
TX-002337,004-833968,Luis Ramos,Transferencia,2831.10,2026-11-26,13:40:38,Pendiente
TX-002338,004-270313,Sofia Rojas,Deposito,9027.29,2026-07-16,18:21:42,Pendiente
TX-002339,004-547242,Lucia Vega,Deposito,11034.29,2026-07-26,01:05:32,Aprobada
TX-002340,005-395120,Rosa Herrera,Retiro,979.15,2026-01-25,09:10:47,Observada
TX-002341,006-868516,Ana Torres,PagoServicio,1208.47,2026-10-24,21:02:22,Observada
TX-002342,001-880422,Camila Ruiz,Transferencia,4782.79,2026-10-27,13:50:22,Pendiente
TX-002343,002-696850,Lucia Vega,Deposito,6767.30,2026-10-16,05:44:12,Observada
TX-002344,006-623968,Lucia Vega,PagoServicio,4708.99,2026-10-17,07:37:03,Rechazada
TX-002345,004-715754,Maria Soto,Transferencia,10366.06,2026-06-09,02:58:57,Observada
TX-002346,008-440124,Elena Vargas,PagoServicio,6959.72,2026-12-16,04:07:19,Observada
TX-002347,008-260101,Maria Soto,PagoServicio,6299.76,2026-01-10,12:10:06,Rechazada
TX-002348,006-499987,Miguel Castro,Retiro,5997.28,2026-01-06,10:01:29,Observada
TX-002349,003-258375,Diego Flores,Retiro,3262.74,2026-01-07,08:45:35,Observada
TX-002350,008-257181,Lucia Vega,Deposito,2974.37,2026-07-13,03:22:51,Observada
TX-002351,003-418266,Miguel Castro,Deposito,3423.81,2026-07-08,22:49:57,Anulada
TX-002352,008-553882,Sofia Rojas,Retiro,7315.26,2026-09-16,13:36:18,Aprobada
TX-002353,006-211161,Luis Ramos,Deposito,10593.30,2026-08-25,01:16:16,Pendiente
TX-002354,003-346575,Valeria Leon,PagoServicio,12056.29,2026-06-11,16:37:13,Observada
TX-002355,001-422969,Camila Ruiz,Retiro,5085.32,2026-05-01,15:06:46,Anulada
TX-002356,007-741337,Luis Ramos,Retiro,7949.25,2026-05-13,11:15:24,Pendiente
TX-002357,003-487519,Diego Flores,PagoServicio,956.24,2026-06-23,15:04:15,Pendiente
TX-002358,007-358064,Carlos Perez,Deposito,10327.34,2026-12-20,11:10:36,Pendiente
TX-002359,008-925026,Lucia Vega,Deposito,8662.52,2026-05-09,13:42:34,Rechazada
TX-002360,003-437466,Rosa Herrera,Retiro,10624.49,2026-08-25,15:53:58,Rechazada
TX-002361,004-612321,Diego Flores,PagoServicio,13359.45,2026-05-02,17:39:33,Anulada
TX-002362,002-502803,Rosa Herrera,Retiro,9357.87,2026-02-01,13:50:32,Anulada
TX-002363,008-585164,Diego Flores,Deposito,1013.21,2026-06-01,07:06:57,Rechazada
TX-002364,005-846489,Maria Soto,Deposito,12718.11,2026-01-23,22:07:04,Observada
TX-002365,004-334181,Camila Ruiz,Transferencia,4914.94,2026-11-17,08:02:09,Anulada
TX-002366,008-689171,Maria Soto,Deposito,14350.45,2026-07-08,05:42:36,Pendiente
TX-002367,009-309776,Miguel Castro,Retiro,14366.31,2026-08-21,01:54:58,Anulada
TX-002368,002-409979,Fernando Diaz,Transferencia,11035.07,2026-03-17,17:00:04,Anulada
TX-002369,009-396176,Carlos Perez,PagoServicio,6350.64,2026-11-14,21:46:46,Aprobada
TX-002370,005-373665,Carlos Perez,Retiro,4448.59,2026-01-12,04:38:00,Observada
TX-002371,002-486538,Jorge Medina,Retiro,6705.81,2026-05-29,08:40:45,Anulada
TX-002372,003-722691,Jorge Medina,Deposito,1625.10,2026-04-17,05:41:23,Observada
TX-002373,005-307388,Fernando Diaz,PagoServicio,4278.59,2026-08-16,18:23:34,Rechazada
TX-002374,006-117779,Luis Ramos,Transferencia,13017.39,2026-08-03,14:22:24,Observada
TX-002375,006-248638,Pedro Castillo,PagoServicio,8256.41,2026-09-02,05:40:58,Observada
TX-002376,006-514751,Maria Soto,Deposito,9200.10,2026-10-23,08:40:02,Aprobada
TX-002377,005-439753,Diego Flores,Transferencia,13250.06,2026-01-22,16:38:43,Rechazada
TX-002378,008-166980,Elena Vargas,Transferencia,2107.27,2026-02-09,17:04:08,Anulada
TX-002379,003-848529,Carlos Perez,Transferencia,11322.35,2026-05-19,16:14:11,Pendiente
TX-002380,002-532686,Pedro Castillo,Transferencia,7391.91,2026-07-31,16:48:22,Aprobada
TX-002381,009-536577,Camila Ruiz,PagoServicio,10421.85,2026-08-01,20:38:20,Aprobada
TX-002382,004-570284,Maria Soto,Transferencia,11443.83,2026-12-04,08:32:42,Pendiente
TX-002383,004-350887,Ana Torres,Transferencia,796.72,2026-11-24,08:20:01,Rechazada
TX-002384,008-144454,Ana Torres,Retiro,11380.33,2026-03-01,06:37:17,Rechazada
TX-002385,009-434977,Pedro Castillo,PagoServicio,11341.89,2026-09-18,07:18:14,Observada
TX-002386,001-635032,Rosa Herrera,Deposito,7388.49,2026-09-18,01:30:59,Observada
TX-002387,009-171262,Ana Torres,Retiro,8849.13,2026-03-23,02:29:53,Rechazada
TX-002388,008-107499,Pedro Castillo,Transferencia,8727.93,2026-05-23,23:06:38,Anulada
TX-002389,003-516474,Carlos Perez,Retiro,8048.09,2026-12-22,10:17:18,Anulada
TX-002390,005-378550,Valeria Leon,Deposito,7668.09,2026-03-04,02:02:02,Rechazada
TX-002391,005-450733,Carlos Perez,Deposito,13469.94,2026-06-02,11:35:58,Aprobada
TX-002392,005-573589,Ana Torres,PagoServicio,9054.48,2026-09-10,23:34:06,Anulada
TX-002393,007-314528,Maria Soto,Transferencia,634.48,2026-11-09,11:44:57,Aprobada
TX-002394,004-309864,Rosa Herrera,Deposito,12495.62,2026-09-19,20:03:30,Rechazada
TX-002395,005-478471,Jorge Medina,Transferencia,9720.97,2026-03-31,05:59:05,Anulada
TX-002396,005-327337,Valeria Leon,Transferencia,4655.42,2026-03-26,01:12:49,Rechazada
TX-002397,006-316376,Jorge Medina,PagoServicio,10802.34,2026-06-27,19:47:28,Observada
TX-002398,003-615566,Jorge Medina,Deposito,11927.10,2026-09-17,01:07:01,Rechazada
TX-002399,002-746311,Luis Ramos,Transferencia,12791.69,2026-08-29,12:04:39,Aprobada
TX-002400,001-387552,Elena Vargas,Transferencia,4558.66,2026-05-29,03:06:02,Anulada
TX-002401,003-201955,Ana Torres,Deposito,3237.48,2026-03-16,02:14:57,Observada
TX-002402,006-179796,Lucia Vega,PagoServicio,9807.85,2026-04-26,12:37:14,Aprobada
TX-002403,002-416722,Maria Soto,Deposito,6859.35,2026-12-29,01:09:32,Rechazada
TX-002404,002-767638,Fernando Diaz,Transferencia,13205.56,2026-12-28,23:16:19,Observada
TX-002405,003-115040,Luis Ramos,Transferencia,10874.89,2026-06-26,19:11:13,Anulada
TX-002406,009-386402,Lucia Vega,Transferencia,10546.12,2026-07-06,07:21:39,Aprobada
TX-002407,003-325942,Luis Ramos,PagoServicio,10173.51,2026-01-12,14:40:14,Aprobada
TX-002408,008-553496,Miguel Castro,PagoServicio,6192.24,2026-01-06,03:40:35,Anulada
TX-002409,001-788505,Luis Ramos,Deposito,10651.43,2026-10-07,04:21:42,Observada
TX-002410,004-940896,Lucia Vega,Transferencia,10071.93,2026-12-05,15:33:01,Rechazada
TX-002411,004-823176,Jorge Medina,Transferencia,14937.60,2026-01-18,03:15:25,Anulada
TX-002412,007-686095,Fernando Diaz,PagoServicio,11881.54,2026-10-05,21:35:22,Aprobada
TX-002413,005-481718,Luis Ramos,Deposito,6849.30,2026-07-03,11:47:16,Anulada
TX-002414,003-491399,Camila Ruiz,Deposito,10895.72,2026-07-30,00:18:50,Rechazada
TX-002415,006-870907,Camila Ruiz,Deposito,6110.95,2026-08-14,07:57:57,Observada
TX-002416,006-590192,Pedro Castillo,Deposito,2223.02,2026-09-19,05:37:35,Observada
TX-002417,009-527636,Pedro Castillo,PagoServicio,1305.82,2026-04-09,07:59:52,Rechazada
TX-002418,006-476091,Camila Ruiz,PagoServicio,6767.02,2026-07-29,09:49:05,Rechazada
TX-002419,001-460137,Valeria Leon,Retiro,8985.90,2026-07-29,19:07:54,Rechazada
TX-002420,003-955908,Rosa Herrera,Retiro,12372.04,2026-06-03,22:15:05,Aprobada
TX-002421,007-217314,Valeria Leon,Transferencia,7798.34,2026-08-12,11:43:07,Aprobada
TX-002422,005-677187,Camila Ruiz,Retiro,11098.27,2026-09-23,15:26:30,Pendiente
TX-002423,008-222600,Pedro Castillo,Deposito,8231.28,2026-06-03,09:17:55,Anulada
TX-002424,007-329713,Diego Flores,Deposito,11249.90,2026-09-25,02:46:09,Aprobada
TX-002425,004-771580,Camila Ruiz,PagoServicio,2343.96,2026-09-27,12:00:57,Rechazada
TX-002426,001-932143,Valeria Leon,Transferencia,7433.09,2026-12-22,16:16:55,Aprobada
TX-002427,005-353580,Rosa Herrera,PagoServicio,4549.84,2026-03-23,06:17:44,Anulada
TX-002428,002-954059,Carlos Perez,Transferencia,253.14,2026-04-25,20:54:26,Aprobada
TX-002429,004-294735,Miguel Castro,Transferencia,1014.66,2026-06-25,18:31:54,Aprobada
TX-002430,007-474880,Camila Ruiz,PagoServicio,168.42,2026-08-21,01:40:15,Pendiente
TX-002431,006-506582,Pedro Castillo,Retiro,4563.76,2026-08-29,11:54:02,Anulada
TX-002432,008-766076,Diego Flores,Transferencia,10189.97,2026-01-13,05:46:09,Observada
TX-002433,006-468571,Ana Torres,Deposito,10512.47,2026-12-01,10:43:53,Observada
TX-002434,009-907180,Luis Ramos,PagoServicio,10331.98,2026-08-29,20:58:43,Pendiente
TX-002435,008-128655,Sofia Rojas,Transferencia,14441.90,2026-10-22,18:51:13,Aprobada
TX-002436,008-364405,Valeria Leon,Transferencia,1253.64,2026-10-09,06:45:58,Aprobada
TX-002437,008-498302,Fernando Diaz,Deposito,3628.27,2026-07-02,06:00:07,Aprobada
TX-002438,006-424863,Valeria Leon,PagoServicio,3256.16,2026-06-09,11:08:07,Aprobada
TX-002439,001-817041,Maria Soto,Transferencia,14033.72,2026-06-22,14:23:15,Aprobada
TX-002440,009-290036,Jorge Medina,Deposito,10459.99,2026-05-31,18:04:55,Anulada
TX-002441,001-365503,Diego Flores,Transferencia,10476.27,2026-07-10,17:22:28,Rechazada
TX-002442,008-407641,Miguel Castro,Retiro,606.85,2026-08-22,10:50:51,Pendiente
TX-002443,007-215002,Camila Ruiz,Retiro,14528.79,2026-01-30,20:01:13,Rechazada
TX-002444,008-609867,Carlos Perez,Transferencia,5815.68,2026-10-17,03:31:47,Rechazada
TX-002445,007-146005,Lucia Vega,Retiro,3359.11,2026-12-03,03:39:21,Anulada
TX-002446,008-339843,Fernando Diaz,PagoServicio,12128.19,2026-12-21,01:14:32,Aprobada
TX-002447,002-272420,Maria Soto,Retiro,11107.94,2026-08-24,00:55:42,Anulada
TX-002448,001-559378,Jorge Medina,Deposito,11917.12,2026-06-16,23:38:35,Aprobada
TX-002449,009-827514,Pedro Castillo,Transferencia,6285.18,2026-01-14,00:35:10,Pendiente
TX-002450,007-684352,Fernando Diaz,PagoServicio,1013.41,2026-02-03,21:09:47,Pendiente
TX-002451,006-597680,Sofia Rojas,Retiro,13600.18,2026-12-07,00:33:31,Rechazada
TX-002452,002-125280,Maria Soto,Transferencia,8560.61,2026-09-16,02:54:09,Rechazada
TX-002453,008-791915,Valeria Leon,Deposito,8364.95,2026-07-05,14:09:43,Aprobada
TX-002454,003-710397,Sofia Rojas,Transferencia,8399.40,2026-04-01,04:42:39,Rechazada
TX-002455,003-414932,Maria Soto,PagoServicio,177.79,2026-01-24,07:11:04,Anulada
TX-002456,001-218229,Valeria Leon,Deposito,8787.74,2026-01-04,10:33:28,Pendiente
TX-002457,003-435050,Elena Vargas,Retiro,12910.18,2026-11-08,03:57:39,Rechazada
TX-002458,004-796292,Jorge Medina,PagoServicio,7186.23,2026-02-08,11:11:06,Rechazada
TX-002459,007-679896,Camila Ruiz,Transferencia,2200.22,2026-02-19,07:18:42,Anulada
TX-002460,003-897460,Luis Ramos,PagoServicio,7705.63,2026-01-29,04:35:19,Anulada
TX-002461,003-359069,Camila Ruiz,PagoServicio,12598.17,2026-05-21,11:29:53,Rechazada
TX-002462,005-526132,Ana Torres,PagoServicio,653.20,2026-05-05,11:09:38,Observada
TX-002463,001-301961,Camila Ruiz,Deposito,5867.74,2026-08-24,12:23:52,Rechazada
TX-002464,003-602651,Diego Flores,PagoServicio,9694.15,2026-10-21,09:07:10,Rechazada
TX-002465,004-728074,Valeria Leon,Deposito,7462.03,2026-01-30,03:34:01,Observada
TX-002466,001-537588,Luis Ramos,Transferencia,10570.07,2026-10-29,18:36:44,Rechazada
TX-002467,001-487470,Lucia Vega,PagoServicio,4219.69,2026-09-10,11:59:39,Pendiente
TX-002468,005-976949,Valeria Leon,Deposito,13790.71,2026-11-29,04:42:33,Observada
TX-002469,009-611482,Sofia Rojas,Retiro,7045.23,2026-02-05,08:04:00,Observada
TX-002470,006-658617,Valeria Leon,Transferencia,3781.38,2026-04-15,03:54:48,Pendiente
TX-002471,005-723309,Valeria Leon,Retiro,4702.64,2026-12-18,18:46:07,Pendiente
TX-002472,004-693509,Carlos Perez,Deposito,14585.39,2026-03-16,12:08:21,Pendiente
TX-002473,009-808942,Sofia Rojas,Deposito,3966.01,2026-06-14,14:33:02,Rechazada
TX-002474,003-941214,Rosa Herrera,Deposito,2857.59,2026-09-24,09:47:37,Pendiente
TX-002475,009-679761,Pedro Castillo,Retiro,11972.48,2026-08-14,22:17:38,Anulada
TX-002476,003-222904,Fernando Diaz,Deposito,9582.54,2026-03-21,21:34:41,Anulada
TX-002477,006-291971,Elena Vargas,PagoServicio,5631.23,2026-06-02,02:15:30,Observada
TX-002478,005-695789,Jorge Medina,Deposito,2203.64,2026-08-24,08:10:40,Aprobada
TX-002479,005-230473,Sofia Rojas,PagoServicio,58.97,2026-03-15,08:56:14,Pendiente
TX-002480,008-576851,Elena Vargas,Deposito,7671.66,2026-06-13,07:16:50,Rechazada
TX-002481,005-153470,Sofia Rojas,PagoServicio,8933.12,2026-07-05,00:04:22,Observada
TX-002482,007-428353,Luis Ramos,Retiro,2724.76,2026-05-21,07:53:08,Aprobada
TX-002483,001-988327,Luis Ramos,Deposito,1620.85,2026-07-27,20:38:11,Pendiente
TX-002484,003-921947,Luis Ramos,PagoServicio,3081.34,2026-12-13,03:37:32,Anulada
TX-002485,001-110334,Luis Ramos,Deposito,14652.78,2026-10-07,10:53:48,Pendiente
TX-002486,005-550680,Carlos Perez,Retiro,3314.36,2026-08-23,10:31:51,Anulada
TX-002487,005-679459,Pedro Castillo,Retiro,2284.03,2026-08-04,00:57:12,Anulada
TX-002488,006-899383,Carlos Perez,Retiro,12087.60,2026-11-17,10:40:11,Observada
TX-002489,004-668025,Diego Flores,Transferencia,14317.56,2026-02-05,09:50:17,Anulada
TX-002490,005-948875,Jorge Medina,Transferencia,1444.30,2026-11-25,07:32:01,Observada
TX-002491,004-353781,Jorge Medina,Retiro,13379.36,2026-12-23,08:53:23,Rechazada
TX-002492,005-212603,Ana Torres,Retiro,10070.71,2026-06-19,00:17:43,Anulada
TX-002493,007-567838,Carlos Perez,Retiro,1514.50,2026-02-01,20:16:07,Observada
TX-002494,008-564023,Maria Soto,PagoServicio,12760.29,2026-10-19,12:58:36,Observada
TX-002495,001-667557,Rosa Herrera,Deposito,3084.88,2026-09-19,11:42:53,Observada
TX-002496,007-927942,Elena Vargas,Deposito,4837.98,2026-07-13,19:19:00,Anulada
TX-002497,007-978936,Jorge Medina,Retiro,5600.69,2026-10-01,04:41:19,Aprobada
TX-002498,007-276560,Rosa Herrera,PagoServicio,3114.89,2026-05-03,00:39:57,Pendiente
TX-002499,007-387458,Carlos Perez,Deposito,13477.80,2026-05-28,08:40:29,Anulada
TX-002500,008-125455,Camila Ruiz,Retiro,9685.70,2026-01-26,03:00:02,Observada
TX-002501,001-507759,Diego Flores,Deposito,5399.21,2026-01-08,23:01:08,Observada
TX-002502,007-859356,Jorge Medina,PagoServicio,1351.02,2026-04-10,00:04:48,Pendiente
TX-002503,004-382194,Pedro Castillo,Deposito,7183.18,2026-03-07,10:55:19,Rechazada
TX-002504,009-728207,Valeria Leon,Retiro,12690.08,2026-05-29,03:18:59,Pendiente
TX-002505,001-897662,Carlos Perez,Transferencia,10609.50,2026-03-03,15:41:29,Aprobada
TX-002506,009-152497,Lucia Vega,Transferencia,7883.56,2026-04-10,02:07:36,Observada
TX-002507,003-407393,Maria Soto,PagoServicio,4184.92,2026-12-22,17:23:34,Rechazada
TX-002508,004-529354,Lucia Vega,Retiro,7812.41,2026-04-01,00:40:41,Aprobada
TX-002509,001-700424,Camila Ruiz,Retiro,4330.76,2026-07-02,15:01:56,Observada
TX-002510,003-347721,Ana Torres,Retiro,9043.49,2026-01-30,22:08:04,Aprobada
TX-002511,002-382113,Miguel Castro,Retiro,8013.96,2026-10-30,13:21:32,Observada
TX-002512,009-897819,Pedro Castillo,Retiro,2299.25,2026-12-29,00:16:07,Rechazada
TX-002513,004-925133,Ana Torres,Deposito,12832.56,2026-10-25,14:53:46,Pendiente
TX-002514,009-952812,Ana Torres,Transferencia,5913.15,2026-03-06,20:33:52,Aprobada
TX-002515,008-263482,Miguel Castro,Retiro,3636.46,2026-08-25,12:00:12,Pendiente
TX-002516,005-584867,Carlos Perez,PagoServicio,2635.42,2026-02-12,16:07:12,Rechazada
TX-002517,003-771231,Diego Flores,Transferencia,1015.44,2026-05-27,13:51:24,Rechazada
TX-002518,001-401153,Jorge Medina,PagoServicio,10166.11,2026-06-03,09:49:28,Anulada
TX-002519,009-861512,Sofia Rojas,PagoServicio,14431.95,2026-07-21,19:32:46,Pendiente
TX-002520,007-888142,Lucia Vega,PagoServicio,2511.76,2026-11-30,04:27:27,Observada
TX-002521,003-943934,Ana Torres,Retiro,1110.52,2026-05-23,17:21:36,Pendiente
TX-002522,002-733754,Elena Vargas,PagoServicio,5744.76,2026-04-27,07:42:35,Pendiente
TX-002523,001-429824,Jorge Medina,Retiro,11257.17,2026-03-25,17:15:43,Observada
TX-002524,003-571796,Miguel Castro,Retiro,9739.58,2026-04-28,06:35:03,Observada
TX-002525,004-249228,Ana Torres,Retiro,13555.92,2026-04-09,05:23:05,Observada
TX-002526,007-589002,Fernando Diaz,PagoServicio,5579.79,2026-03-21,11:52:17,Observada
TX-002527,003-535997,Ana Torres,Retiro,14216.40,2026-12-15,09:00:29,Aprobada
TX-002528,005-492204,Ana Torres,Deposito,6981.69,2026-05-31,02:58:15,Observada
TX-002529,002-727296,Lucia Vega,Deposito,12318.20,2026-08-03,05:20:50,Observada
TX-002530,001-988326,Jorge Medina,Transferencia,5293.71,2026-03-17,03:21:28,Pendiente
TX-002531,009-274006,Ana Torres,Transferencia,2197.63,2026-10-04,03:58:45,Anulada
TX-002532,005-162796,Ana Torres,Retiro,9463.81,2026-05-25,04:27:14,Aprobada
TX-002533,008-523008,Pedro Castillo,PagoServicio,5210.42,2026-05-07,19:37:00,Pendiente
TX-002534,006-153389,Rosa Herrera,Transferencia,13254.16,2026-10-22,13:39:44,Observada
TX-002535,007-900734,Valeria Leon,Transferencia,9998.14,2026-08-01,19:38:04,Anulada
TX-002536,009-170557,Maria Soto,PagoServicio,4958.98,2026-10-05,09:29:23,Observada
TX-002537,005-250944,Maria Soto,Retiro,1406.91,2026-05-30,02:06:35,Pendiente
TX-002538,007-330935,Ana Torres,Transferencia,4550.63,2026-02-21,15:06:34,Rechazada
TX-002539,007-696948,Carlos Perez,PagoServicio,11994.08,2026-12-09,23:42:33,Rechazada
TX-002540,007-673629,Diego Flores,Deposito,14856.49,2026-03-23,19:04:59,Aprobada
TX-002541,002-271328,Miguel Castro,Transferencia,3989.96,2026-07-07,10:45:35,Aprobada
TX-002542,004-591055,Elena Vargas,Retiro,13873.08,2026-07-11,15:35:16,Aprobada
TX-002543,002-801934,Jorge Medina,Deposito,9255.81,2026-05-25,12:22:33,Observada
TX-002544,005-705073,Valeria Leon,Deposito,9476.55,2026-05-07,19:30:31,Anulada
TX-002545,003-800188,Camila Ruiz,Deposito,12094.77,2026-10-30,06:14:43,Rechazada
TX-002546,004-954517,Ana Torres,PagoServicio,7256.11,2026-05-08,10:36:48,Anulada
TX-002547,005-623107,Fernando Diaz,PagoServicio,778.79,2026-08-18,18:58:37,Pendiente
TX-002548,005-211669,Miguel Castro,Retiro,8329.66,2026-11-24,23:12:01,Rechazada
TX-002549,004-586903,Elena Vargas,Retiro,13891.51,2026-09-28,20:04:07,Anulada
TX-002550,009-480625,Sofia Rojas,PagoServicio,6295.18,2026-05-09,15:07:48,Pendiente
TX-002551,002-354273,Maria Soto,PagoServicio,14227.89,2026-09-15,10:30:40,Aprobada
TX-002552,006-159667,Sofia Rojas,PagoServicio,12227.76,2026-03-01,19:48:44,Observada
TX-002553,008-132081,Pedro Castillo,Deposito,1782.21,2026-04-02,12:43:06,Observada
TX-002554,008-515597,Diego Flores,Retiro,6085.71,2026-11-26,21:26:54,Rechazada
TX-002555,005-355051,Diego Flores,Retiro,5048.31,2026-08-21,05:35:51,Pendiente
TX-002556,007-994643,Luis Ramos,Transferencia,1240.60,2026-11-06,05:04:07,Aprobada
TX-002557,003-666619,Sofia Rojas,PagoServicio,13449.75,2026-12-29,20:59:57,Rechazada
TX-002558,001-102188,Jorge Medina,Retiro,499.94,2026-04-24,04:15:34,Pendiente
TX-002559,006-798412,Diego Flores,Transferencia,616.04,2026-12-13,18:14:32,Pendiente
TX-002560,006-204827,Ana Torres,Transferencia,14822.89,2026-08-27,14:16:53,Aprobada
TX-002561,004-927895,Maria Soto,PagoServicio,12364.62,2026-07-10,10:29:14,Aprobada
TX-002562,005-722193,Lucia Vega,Transferencia,12478.72,2026-04-21,11:13:05,Rechazada
TX-002563,002-584795,Diego Flores,Deposito,2369.34,2026-10-29,09:32:41,Anulada
TX-002564,002-620529,Diego Flores,Retiro,10338.59,2026-01-13,10:34:33,Observada
TX-002565,006-797312,Maria Soto,PagoServicio,12155.96,2026-05-20,07:48:36,Anulada
TX-002566,005-407917,Camila Ruiz,PagoServicio,6275.36,2026-12-28,08:51:41,Rechazada
TX-002567,005-798619,Pedro Castillo,Retiro,3617.81,2026-02-27,18:10:45,Rechazada
TX-002568,001-183312,Ana Torres,Transferencia,2223.72,2026-06-24,08:14:22,Rechazada
TX-002569,003-857878,Luis Ramos,Deposito,11557.80,2026-09-25,02:04:08,Pendiente
TX-002570,004-853549,Jorge Medina,PagoServicio,6154.11,2026-12-28,03:02:49,Anulada
TX-002571,005-843556,Carlos Perez,PagoServicio,9846.16,2026-05-22,10:40:37,Rechazada
TX-002572,007-300790,Pedro Castillo,Transferencia,743.19,2026-11-23,15:49:09,Pendiente
TX-002573,007-295624,Miguel Castro,PagoServicio,6957.92,2026-06-04,08:52:18,Pendiente
TX-002574,008-239359,Miguel Castro,Deposito,11181.77,2026-10-02,17:18:06,Observada
TX-002575,006-888019,Diego Flores,Retiro,121.51,2026-11-01,04:00:55,Rechazada
TX-002576,005-535998,Luis Ramos,PagoServicio,13134.06,2026-05-10,22:17:25,Rechazada
TX-002577,001-247158,Carlos Perez,PagoServicio,14356.37,2026-12-19,08:42:47,Rechazada
TX-002578,003-538168,Ana Torres,Transferencia,9476.75,2026-10-04,06:24:15,Pendiente
TX-002579,006-453558,Ana Torres,Transferencia,7247.15,2026-11-17,03:15:24,Anulada
TX-002580,004-321314,Maria Soto,Deposito,10208.53,2026-11-30,03:02:02,Anulada
TX-002581,005-656656,Sofia Rojas,Retiro,6529.72,2026-10-11,23:56:25,Aprobada
TX-002582,008-854038,Diego Flores,Deposito,8086.50,2026-10-21,12:19:13,Observada
TX-002583,001-398304,Pedro Castillo,Transferencia,6115.97,2026-09-01,12:27:42,Aprobada
TX-002584,008-969849,Elena Vargas,PagoServicio,13936.44,2026-12-22,00:04:40,Anulada
TX-002585,004-430489,Miguel Castro,Retiro,6744.58,2026-04-27,14:50:08,Aprobada
TX-002586,004-800901,Elena Vargas,Deposito,5928.24,2026-01-02,15:56:21,Anulada
TX-002587,004-142513,Carlos Perez,PagoServicio,3592.31,2026-01-01,20:58:31,Observada
TX-002588,001-179802,Rosa Herrera,Deposito,8033.51,2026-12-16,07:53:26,Anulada
TX-002589,007-117137,Valeria Leon,Deposito,11535.82,2026-09-15,14:32:11,Aprobada
TX-002590,008-708358,Carlos Perez,Deposito,11697.33,2026-11-29,03:21:27,Rechazada
TX-002591,007-687993,Fernando Diaz,Deposito,2666.78,2026-09-12,19:19:07,Rechazada
TX-002592,001-818362,Sofia Rojas,Transferencia,4938.33,2026-04-06,09:07:24,Observada
TX-002593,001-204291,Maria Soto,Deposito,2543.65,2026-04-24,12:35:18,Pendiente
TX-002594,007-269724,Elena Vargas,PagoServicio,3069.36,2026-03-05,15:43:36,Pendiente
TX-002595,002-902257,Elena Vargas,Deposito,4649.29,2026-07-30,14:47:04,Anulada
TX-002596,002-179928,Maria Soto,Transferencia,12796.92,2026-01-02,07:01:16,Rechazada
TX-002597,002-916489,Rosa Herrera,Deposito,14477.50,2026-02-14,00:41:31,Observada
TX-002598,006-227338,Valeria Leon,PagoServicio,7666.59,2026-07-06,21:29:57,Anulada
TX-002599,005-923653,Luis Ramos,Deposito,11837.11,2026-05-18,04:26:13,Rechazada
TX-002600,007-945783,Carlos Perez,Deposito,10882.48,2026-12-20,18:23:20,Anulada
TX-002601,002-166514,Maria Soto,Retiro,5138.10,2026-07-22,18:12:02,Anulada
TX-002602,004-601943,Elena Vargas,Deposito,456.54,2026-11-28,11:15:16,Observada
TX-002603,007-208600,Rosa Herrera,PagoServicio,3193.28,2026-03-15,20:16:03,Anulada
TX-002604,008-911035,Diego Flores,Transferencia,14642.30,2026-10-17,04:39:10,Rechazada
TX-002605,008-684536,Rosa Herrera,PagoServicio,5815.26,2026-09-07,12:47:21,Pendiente
TX-002606,004-144003,Ana Torres,PagoServicio,2829.33,2026-08-10,17:32:23,Pendiente
TX-002607,001-796862,Elena Vargas,Deposito,9734.27,2026-06-11,09:03:16,Aprobada
TX-002608,006-585995,Luis Ramos,Retiro,12646.91,2026-08-19,22:31:32,Anulada
TX-002609,009-903340,Luis Ramos,Retiro,7106.71,2026-08-03,23:47:12,Anulada
TX-002610,006-225570,Diego Flores,Transferencia,11794.33,2026-09-05,19:20:21,Pendiente
TX-002611,004-427216,Valeria Leon,PagoServicio,4408.84,2026-11-30,11:15:45,Aprobada
TX-002612,001-414787,Camila Ruiz,Retiro,10441.64,2026-11-13,18:48:47,Observada
TX-002613,003-394301,Pedro Castillo,PagoServicio,14719.84,2026-07-26,04:55:39,Pendiente
TX-002614,002-622491,Lucia Vega,Deposito,6108.99,2026-01-11,03:42:53,Pendiente
TX-002615,006-293751,Fernando Diaz,Transferencia,13043.88,2026-12-28,17:22:24,Anulada
TX-002616,002-480142,Luis Ramos,Transferencia,14619.84,2026-10-26,06:16:02,Pendiente
TX-002617,006-229737,Maria Soto,Retiro,8737.60,2026-01-31,14:49:53,Rechazada
TX-002618,001-389946,Lucia Vega,Transferencia,12175.54,2026-08-02,04:27:32,Anulada
TX-002619,009-411643,Elena Vargas,Deposito,1515.53,2026-06-06,18:17:19,Aprobada
TX-002620,005-540581,Luis Ramos,Deposito,4043.03,2026-01-21,05:10:24,Rechazada
TX-002621,002-198896,Diego Flores,Transferencia,1611.36,2026-07-05,05:44:55,Aprobada
TX-002622,008-948822,Pedro Castillo,PagoServicio,8134.05,2026-04-13,15:17:20,Rechazada
TX-002623,009-932681,Carlos Perez,Transferencia,5017.60,2026-03-13,21:31:45,Anulada
TX-002624,002-761482,Rosa Herrera,Transferencia,7060.03,2026-10-11,00:25:47,Rechazada
TX-002625,003-873704,Miguel Castro,Retiro,14844.81,2026-01-03,01:16:25,Anulada
TX-002626,005-704704,Rosa Herrera,Retiro,7394.87,2026-04-03,09:29:52,Aprobada
TX-002627,007-321257,Diego Flores,PagoServicio,2895.15,2026-07-24,23:16:36,Pendiente
TX-002628,006-242827,Sofia Rojas,PagoServicio,13662.09,2026-04-22,17:12:40,Pendiente
TX-002629,004-746326,Miguel Castro,Transferencia,10606.50,2026-04-10,00:45:56,Anulada
TX-002630,008-101523,Luis Ramos,PagoServicio,8865.15,2026-10-18,00:32:47,Pendiente
TX-002631,003-704625,Maria Soto,Transferencia,14507.94,2026-04-07,14:47:56,Rechazada
TX-002632,001-342069,Carlos Perez,Transferencia,10971.47,2026-09-23,15:58:38,Observada
TX-002633,003-328731,Lucia Vega,Transferencia,8622.88,2026-09-11,03:42:37,Rechazada
TX-002634,002-970287,Fernando Diaz,Transferencia,6206.20,2026-05-13,13:40:39,Rechazada
TX-002635,008-251397,Maria Soto,Transferencia,13033.33,2026-05-07,06:15:35,Observada
TX-002636,007-791557,Valeria Leon,Deposito,6656.74,2026-03-20,06:34:20,Rechazada
TX-002637,004-508117,Pedro Castillo,Retiro,13050.57,2026-11-30,06:11:53,Rechazada
TX-002638,008-612662,Lucia Vega,PagoServicio,743.51,2026-01-02,04:29:49,Observada
TX-002639,008-266309,Ana Torres,Transferencia,11227.38,2026-07-23,14:39:44,Pendiente
TX-002640,004-533485,Luis Ramos,Deposito,2119.06,2026-04-19,11:31:35,Rechazada
TX-002641,007-906411,Ana Torres,PagoServicio,11787.57,2026-07-25,16:09:30,Aprobada
TX-002642,008-464739,Lucia Vega,Retiro,6745.65,2026-09-25,08:38:27,Pendiente
TX-002643,008-509568,Lucia Vega,Retiro,7210.45,2026-06-20,03:39:39,Rechazada
TX-002644,001-918946,Carlos Perez,PagoServicio,5774.88,2026-08-03,06:39:02,Anulada
TX-002645,003-215159,Lucia Vega,Deposito,7835.20,2026-09-25,22:24:26,Aprobada
TX-002646,005-790271,Valeria Leon,Deposito,11198.58,2026-01-08,21:12:20,Aprobada
TX-002647,002-352943,Elena Vargas,Deposito,3788.96,2026-04-05,20:59:12,Anulada
TX-002648,009-291834,Camila Ruiz,PagoServicio,14662.00,2026-01-02,07:25:06,Rechazada
TX-002649,001-443279,Rosa Herrera,PagoServicio,8523.59,2026-01-01,13:36:46,Observada
TX-002650,004-296473,Luis Ramos,Deposito,10816.00,2026-06-14,23:52:36,Pendiente
TX-002651,005-714667,Carlos Perez,PagoServicio,10050.85,2026-08-22,15:03:37,Anulada
TX-002652,006-200757,Sofia Rojas,PagoServicio,9373.04,2026-12-12,17:47:50,Rechazada
TX-002653,006-148028,Miguel Castro,Deposito,5359.64,2026-10-22,17:42:28,Rechazada
TX-002654,009-449625,Jorge Medina,Retiro,6468.04,2026-08-07,10:16:36,Aprobada
TX-002655,002-208205,Diego Flores,Retiro,3477.25,2026-12-03,12:50:45,Aprobada
TX-002656,004-589771,Sofia Rojas,Transferencia,1548.20,2026-08-02,01:01:29,Observada
TX-002657,003-331454,Fernando Diaz,Retiro,3284.87,2026-02-07,14:45:54,Aprobada
TX-002658,005-112266,Elena Vargas,PagoServicio,1812.96,2026-04-19,21:37:08,Anulada
TX-002659,008-319240,Luis Ramos,Deposito,13854.27,2026-08-26,14:08:50,Aprobada
TX-002660,002-944539,Lucia Vega,Retiro,672.12,2026-09-25,13:54:52,Pendiente
TX-002661,009-275151,Camila Ruiz,Transferencia,13894.16,2026-07-10,02:55:53,Rechazada
TX-002662,007-446810,Luis Ramos,Transferencia,7560.47,2026-03-31,01:30:11,Anulada
TX-002663,005-100097,Sofia Rojas,Deposito,14020.48,2026-10-20,13:31:12,Observada
TX-002664,009-829744,Maria Soto,Transferencia,11086.12,2026-09-01,13:59:16,Anulada
TX-002665,001-799713,Lucia Vega,Retiro,2589.30,2026-03-02,22:55:07,Rechazada
TX-002666,001-868019,Maria Soto,Retiro,12410.89,2026-03-18,18:10:54,Rechazada
TX-002667,005-583241,Ana Torres,PagoServicio,3392.12,2026-02-22,05:46:15,Aprobada
TX-002668,002-860997,Elena Vargas,Retiro,5505.97,2026-10-21,19:55:27,Pendiente
TX-002669,007-261406,Fernando Diaz,Transferencia,12505.96,2026-03-03,18:37:45,Observada
TX-002670,007-107993,Maria Soto,Deposito,536.59,2026-03-10,00:00:38,Observada
TX-002671,002-188947,Rosa Herrera,Retiro,3184.66,2026-03-01,16:57:28,Observada
TX-002672,002-555730,Carlos Perez,Retiro,3999.44,2026-07-22,01:11:31,Anulada
TX-002673,009-720424,Elena Vargas,Deposito,13296.96,2026-03-03,03:02:52,Anulada
TX-002674,009-792601,Diego Flores,Retiro,14304.74,2026-06-15,00:13:39,Rechazada
TX-002675,008-392736,Pedro Castillo,Deposito,9098.16,2026-12-26,16:55:54,Aprobada
TX-002676,004-525529,Lucia Vega,PagoServicio,11590.65,2026-06-30,12:53:14,Aprobada
TX-002677,002-935297,Fernando Diaz,Retiro,13513.46,2026-03-31,05:18:42,Anulada
TX-002678,002-687270,Jorge Medina,PagoServicio,13640.90,2026-08-14,12:09:54,Rechazada
TX-002679,001-643114,Maria Soto,Retiro,11986.15,2026-04-04,09:27:47,Aprobada
TX-002680,009-999996,Diego Flores,Transferencia,3630.01,2026-08-03,11:35:51,Aprobada
TX-002681,006-650581,Valeria Leon,Transferencia,3902.28,2026-05-09,23:10:16,Anulada
TX-002682,003-968336,Maria Soto,Transferencia,6421.53,2026-11-27,04:51:28,Rechazada
TX-002683,003-941870,Rosa Herrera,Retiro,10484.65,2026-02-04,17:06:38,Anulada
TX-002684,003-755192,Jorge Medina,Transferencia,6337.61,2026-09-04,03:57:06,Anulada
TX-002685,002-873577,Rosa Herrera,Deposito,6918.88,2026-09-22,14:32:21,Pendiente
TX-002686,006-131415,Ana Torres,Transferencia,11702.91,2026-10-29,02:21:33,Aprobada
TX-002687,001-187696,Pedro Castillo,Retiro,11365.80,2026-11-10,18:50:46,Anulada
TX-002688,002-186646,Fernando Diaz,Retiro,7216.89,2026-11-09,18:37:22,Aprobada
TX-002689,008-921716,Elena Vargas,Deposito,868.14,2026-09-02,23:54:40,Anulada
TX-002690,001-854162,Maria Soto,Deposito,4699.53,2026-09-19,01:09:29,Aprobada
TX-002691,009-776968,Lucia Vega,Deposito,3919.45,2026-02-03,00:38:03,Anulada
TX-002692,003-729510,Camila Ruiz,PagoServicio,4314.89,2026-07-22,19:27:47,Aprobada
TX-002693,003-284260,Miguel Castro,Deposito,7526.22,2026-11-03,03:34:49,Aprobada
TX-002694,006-497877,Jorge Medina,Transferencia,7612.08,2026-07-01,11:40:14,Aprobada
TX-002695,001-728318,Ana Torres,Transferencia,9933.94,2026-12-11,00:11:13,Rechazada
TX-002696,007-462127,Camila Ruiz,Deposito,1339.44,2026-10-09,03:13:47,Anulada
TX-002697,005-655782,Maria Soto,PagoServicio,5672.04,2026-02-17,17:54:20,Rechazada
TX-002698,007-256524,Rosa Herrera,Deposito,7680.12,2026-05-05,21:54:21,Pendiente
TX-002699,001-483999,Lucia Vega,Retiro,11779.25,2026-05-26,18:17:14,Aprobada
TX-002700,009-848985,Ana Torres,PagoServicio,805.02,2026-03-22,17:55:20,Rechazada
TX-002701,007-731350,Miguel Castro,PagoServicio,9275.19,2026-11-02,10:55:39,Aprobada
TX-002702,009-293741,Maria Soto,Transferencia,920.07,2026-11-08,11:07:23,Aprobada
TX-002703,002-510702,Lucia Vega,Transferencia,13354.17,2026-12-22,10:36:28,Anulada
TX-002704,001-374315,Camila Ruiz,Deposito,14432.66,2026-09-08,00:26:25,Rechazada
TX-002705,009-596649,Jorge Medina,Retiro,7739.79,2026-05-27,20:02:05,Rechazada
TX-002706,009-779207,Luis Ramos,PagoServicio,4024.31,2026-03-02,03:24:30,Aprobada
TX-002707,003-830484,Sofia Rojas,Deposito,10892.58,2026-07-22,14:48:54,Anulada
TX-002708,005-527442,Lucia Vega,Retiro,320.43,2026-12-08,13:01:54,Observada
TX-002709,003-486144,Fernando Diaz,PagoServicio,3215.98,2026-05-01,05:32:29,Pendiente
TX-002710,002-584405,Miguel Castro,Transferencia,12332.33,2026-04-24,06:08:41,Observada
TX-002711,003-471904,Rosa Herrera,Deposito,11367.29,2026-12-03,10:15:13,Aprobada
TX-002712,003-522868,Rosa Herrera,Retiro,10819.65,2026-05-24,07:46:23,Pendiente
TX-002713,009-816369,Maria Soto,Deposito,2883.16,2026-12-03,02:44:48,Aprobada
TX-002714,002-592654,Sofia Rojas,Deposito,6173.76,2026-04-19,15:48:35,Pendiente
TX-002715,009-703675,Miguel Castro,Transferencia,11582.83,2026-10-11,19:21:50,Aprobada
TX-002716,006-353171,Valeria Leon,Retiro,12457.93,2026-04-17,23:13:24,Pendiente
TX-002717,003-588303,Diego Flores,Transferencia,10108.43,2026-05-13,00:22:04,Aprobada
TX-002718,005-820190,Camila Ruiz,Transferencia,14896.96,2026-04-24,03:49:24,Rechazada
TX-002719,004-326632,Carlos Perez,Deposito,2922.99,2026-07-24,08:39:22,Pendiente
TX-002720,006-843312,Luis Ramos,PagoServicio,10929.48,2026-11-10,07:02:07,Rechazada
TX-002721,002-194432,Luis Ramos,PagoServicio,7897.91,2026-10-08,02:33:11,Aprobada
TX-002722,009-150678,Diego Flores,Retiro,3624.03,2026-02-05,12:05:02,Rechazada
TX-002723,008-327312,Maria Soto,PagoServicio,9663.98,2026-03-29,15:50:26,Aprobada
TX-002724,007-996336,Ana Torres,Transferencia,14343.60,2026-12-23,13:35:43,Anulada
TX-002725,009-620792,Rosa Herrera,Deposito,14871.42,2026-02-07,00:19:58,Observada
TX-002726,009-526977,Rosa Herrera,Transferencia,169.97,2026-03-13,18:43:45,Rechazada
TX-002727,001-950067,Ana Torres,Transferencia,5025.48,2026-06-11,04:17:30,Aprobada
TX-002728,009-234120,Miguel Castro,Transferencia,3673.34,2026-05-27,12:36:29,Pendiente
TX-002729,008-767768,Fernando Diaz,PagoServicio,3965.67,2026-04-21,03:48:07,Anulada
TX-002730,002-859984,Elena Vargas,PagoServicio,13750.92,2026-12-09,15:27:26,Anulada
TX-002731,004-510791,Pedro Castillo,Deposito,2017.56,2026-01-23,12:05:13,Aprobada
TX-002732,005-733016,Luis Ramos,Transferencia,13063.92,2026-09-06,06:36:01,Anulada
TX-002733,005-214143,Valeria Leon,Deposito,3395.40,2026-06-04,04:19:41,Anulada
TX-002734,008-459609,Miguel Castro,Transferencia,8802.49,2026-10-21,19:17:18,Observada
TX-002735,004-278887,Miguel Castro,Retiro,14124.59,2026-08-24,13:37:35,Anulada
TX-002736,009-255065,Luis Ramos,Retiro,6774.87,2026-05-11,04:12:32,Pendiente
TX-002737,007-180472,Luis Ramos,Deposito,14007.33,2026-09-28,01:45:25,Pendiente
TX-002738,003-644924,Valeria Leon,PagoServicio,14110.61,2026-01-17,15:25:22,Pendiente
TX-002739,001-915811,Rosa Herrera,Deposito,3572.35,2026-12-30,08:21:09,Observada
TX-002740,007-556519,Rosa Herrera,Transferencia,7794.90,2026-02-07,06:38:53,Aprobada
TX-002741,003-547234,Rosa Herrera,Transferencia,14083.29,2026-03-16,22:19:04,Aprobada
TX-002742,009-313051,Pedro Castillo,PagoServicio,5973.48,2026-08-24,21:38:01,Aprobada
TX-002743,001-505048,Maria Soto,PagoServicio,1099.46,2026-10-17,09:24:24,Rechazada
TX-002744,002-284033,Rosa Herrera,Retiro,3817.86,2026-05-13,06:00:04,Pendiente
TX-002745,001-957103,Sofia Rojas,Retiro,6549.24,2026-02-12,05:50:39,Observada
TX-002746,008-545092,Rosa Herrera,Retiro,9321.47,2026-07-23,16:37:15,Pendiente
TX-002747,005-886078,Ana Torres,Transferencia,3639.08,2026-12-15,02:41:07,Anulada
TX-002748,001-932371,Valeria Leon,PagoServicio,11705.85,2026-05-14,01:20:59,Pendiente
TX-002749,004-600052,Miguel Castro,Retiro,6117.78,2026-03-24,07:37:02,Rechazada
TX-002750,006-744358,Fernando Diaz,Transferencia,810.47,2026-09-17,01:07:50,Pendiente
TX-002751,008-824679,Fernando Diaz,Transferencia,9089.17,2026-01-19,10:39:02,Anulada
TX-002752,006-691881,Diego Flores,Transferencia,12051.27,2026-04-21,23:31:02,Anulada
TX-002753,003-116539,Fernando Diaz,PagoServicio,14878.49,2026-08-15,09:00:48,Rechazada
TX-002754,007-892952,Diego Flores,PagoServicio,11501.76,2026-08-11,10:05:35,Observada
TX-002755,005-970613,Valeria Leon,PagoServicio,1353.92,2026-07-22,19:22:21,Pendiente
TX-002756,003-661265,Rosa Herrera,Deposito,8693.40,2026-09-05,07:11:30,Anulada
TX-002757,004-254069,Pedro Castillo,Transferencia,4423.17,2026-10-27,22:21:11,Anulada
TX-002758,005-697144,Diego Flores,Retiro,14299.79,2026-12-12,20:25:53,Rechazada
TX-002759,002-293938,Miguel Castro,Retiro,4423.53,2026-02-24,20:56:20,Observada
TX-002760,007-691307,Valeria Leon,Transferencia,6123.21,2026-09-29,17:28:04,Aprobada
TX-002761,009-595952,Maria Soto,PagoServicio,9607.19,2026-06-27,13:14:25,Observada
TX-002762,001-773118,Jorge Medina,Retiro,11241.66,2026-05-01,04:45:55,Anulada
TX-002763,004-645252,Diego Flores,Retiro,4893.41,2026-09-15,07:21:04,Anulada
TX-002764,006-781773,Carlos Perez,Retiro,9862.32,2026-08-06,22:19:39,Aprobada
TX-002765,005-968235,Ana Torres,Deposito,14400.71,2026-12-11,14:04:27,Aprobada
TX-002766,003-828910,Diego Flores,PagoServicio,5126.68,2026-08-02,07:24:05,Rechazada
TX-002767,007-719196,Rosa Herrera,Deposito,8172.06,2026-02-26,22:31:31,Observada
TX-002768,005-198039,Rosa Herrera,PagoServicio,8597.97,2026-05-14,20:59:57,Observada
TX-002769,002-969494,Carlos Perez,Transferencia,8431.29,2026-11-11,02:01:23,Observada
TX-002770,002-804655,Miguel Castro,Retiro,11499.70,2026-11-10,11:57:06,Anulada
TX-002771,006-699268,Pedro Castillo,Transferencia,3786.44,2026-03-16,13:57:03,Pendiente
TX-002772,007-667770,Maria Soto,Retiro,8818.29,2026-10-28,06:13:56,Pendiente
TX-002773,009-385109,Camila Ruiz,Transferencia,12821.01,2026-11-20,07:44:29,Rechazada
TX-002774,008-888878,Carlos Perez,Transferencia,107.63,2026-11-27,23:09:07,Anulada
TX-002775,007-729557,Sofia Rojas,PagoServicio,948.45,2026-01-22,10:02:37,Aprobada
TX-002776,007-628376,Carlos Perez,Transferencia,1227.40,2026-03-17,01:59:35,Anulada
TX-002777,006-963565,Miguel Castro,Transferencia,728.26,2026-01-26,17:14:16,Observada
TX-002778,009-158705,Diego Flores,Deposito,1210.77,2026-09-02,14:44:22,Anulada
TX-002779,002-999507,Fernando Diaz,Deposito,824.31,2026-06-08,08:53:16,Rechazada
TX-002780,009-305415,Miguel Castro,PagoServicio,9634.68,2026-09-01,11:51:19,Rechazada
TX-002781,001-865435,Pedro Castillo,Retiro,9566.17,2026-04-15,21:42:53,Aprobada
TX-002782,008-562054,Jorge Medina,Deposito,5867.16,2026-01-23,14:17:43,Observada
TX-002783,003-861288,Sofia Rojas,PagoServicio,10074.19,2026-08-20,14:01:50,Rechazada
TX-002784,006-120407,Valeria Leon,Transferencia,11190.49,2026-07-11,02:38:58,Observada
TX-002785,007-150011,Maria Soto,Transferencia,11539.01,2026-04-13,08:25:32,Aprobada
TX-002786,007-649434,Camila Ruiz,Deposito,1016.70,2026-03-17,20:02:04,Rechazada
TX-002787,004-575913,Carlos Perez,Transferencia,14059.25,2026-12-28,17:09:09,Pendiente
TX-002788,006-849646,Elena Vargas,Retiro,3047.25,2026-12-22,16:03:19,Observada
TX-002789,002-589887,Valeria Leon,Transferencia,6969.18,2026-03-21,13:57:54,Rechazada
TX-002790,002-182412,Diego Flores,Retiro,16.96,2026-02-13,17:41:41,Rechazada
TX-002791,007-349532,Miguel Castro,Deposito,1994.02,2026-07-12,12:42:25,Anulada
TX-002792,006-494244,Luis Ramos,Retiro,3281.62,2026-01-29,20:51:43,Anulada
TX-002793,005-422015,Lucia Vega,Transferencia,10892.54,2026-03-07,12:20:17,Anulada
TX-002794,006-150106,Maria Soto,PagoServicio,4417.31,2026-01-17,16:48:02,Aprobada
TX-002795,007-388769,Lucia Vega,Transferencia,3555.25,2026-03-21,13:42:58,Pendiente
TX-002796,002-517710,Jorge Medina,Transferencia,13915.98,2026-12-18,11:36:36,Observada
TX-002797,008-799689,Valeria Leon,Retiro,13728.41,2026-01-30,04:42:54,Aprobada
TX-002798,003-770105,Luis Ramos,PagoServicio,13415.05,2026-08-17,17:48:48,Anulada
TX-002799,003-207309,Camila Ruiz,Retiro,3923.86,2026-12-28,09:41:09,Observada
TX-002800,003-700330,Valeria Leon,Deposito,11020.87,2026-07-10,19:18:08,Anulada
TX-002801,008-345224,Rosa Herrera,PagoServicio,13000.09,2026-03-31,22:56:12,Anulada
TX-002802,004-220570,Miguel Castro,Retiro,8157.24,2026-05-04,16:05:28,Observada
TX-002803,001-454912,Carlos Perez,PagoServicio,14396.91,2026-01-09,21:37:03,Observada
TX-002804,009-854117,Camila Ruiz,PagoServicio,6047.69,2026-12-27,01:14:55,Aprobada
TX-002805,008-601556,Fernando Diaz,Transferencia,6045.86,2026-12-31,08:36:19,Observada
TX-002806,004-524762,Valeria Leon,Retiro,12902.91,2026-01-07,00:06:52,Pendiente
TX-002807,001-494387,Valeria Leon,Retiro,1274.44,2026-11-23,11:42:42,Rechazada
TX-002808,003-334784,Camila Ruiz,Deposito,4925.08,2026-03-03,20:00:41,Aprobada
TX-002809,007-811717,Miguel Castro,Deposito,232.33,2026-05-11,02:54:06,Anulada
TX-002810,008-209996,Camila Ruiz,Deposito,6079.97,2026-02-28,09:16:30,Aprobada
TX-002811,009-782939,Rosa Herrera,Retiro,1100.57,2026-08-10,14:32:51,Rechazada
TX-002812,006-695451,Sofia Rojas,PagoServicio,11326.90,2026-01-16,07:33:32,Anulada
TX-002813,009-910099,Camila Ruiz,Deposito,3535.94,2026-08-31,02:51:14,Anulada
TX-002814,009-402833,Rosa Herrera,Transferencia,14296.77,2026-02-19,06:33:07,Aprobada
TX-002815,006-937167,Ana Torres,Retiro,9938.08,2026-07-30,14:26:15,Observada
TX-002816,005-632006,Lucia Vega,Retiro,4479.08,2026-08-24,04:34:44,Pendiente
TX-002817,009-680429,Camila Ruiz,Transferencia,9712.59,2026-04-21,03:01:33,Pendiente
TX-002818,008-756477,Valeria Leon,PagoServicio,14436.83,2026-10-19,17:27:09,Aprobada
TX-002819,008-196118,Pedro Castillo,Retiro,3536.86,2026-07-31,06:09:27,Observada
TX-002820,008-509464,Jorge Medina,Retiro,8093.66,2026-09-13,01:08:12,Rechazada
TX-002821,001-745485,Jorge Medina,Deposito,5712.92,2026-01-31,06:56:12,Anulada
TX-002822,002-854354,Camila Ruiz,PagoServicio,7428.52,2026-07-26,16:26:18,Observada
TX-002823,007-668303,Maria Soto,PagoServicio,7592.02,2026-10-07,01:16:32,Rechazada
TX-002824,003-435666,Valeria Leon,Retiro,7413.67,2026-10-19,04:18:41,Aprobada
TX-002825,009-433713,Camila Ruiz,Transferencia,5984.92,2026-03-14,07:51:22,Rechazada
TX-002826,006-154391,Fernando Diaz,Deposito,13246.48,2026-09-15,16:55:18,Pendiente
TX-002827,007-499443,Fernando Diaz,Deposito,10287.33,2026-08-10,01:16:04,Aprobada
TX-002828,001-805703,Luis Ramos,Retiro,4201.16,2026-07-30,09:39:47,Rechazada
TX-002829,006-993891,Pedro Castillo,Deposito,3775.57,2026-12-29,19:39:45,Anulada
TX-002830,007-583064,Diego Flores,PagoServicio,2949.65,2026-05-18,02:23:03,Anulada
TX-002831,005-294708,Camila Ruiz,Retiro,9512.90,2026-02-21,16:33:44,Anulada
TX-002832,005-927887,Sofia Rojas,Retiro,12995.72,2026-03-17,13:30:12,Anulada
TX-002833,002-456710,Sofia Rojas,Retiro,3918.32,2026-09-23,19:42:57,Pendiente
TX-002834,003-658933,Rosa Herrera,Deposito,10839.09,2026-12-29,00:22:16,Observada
TX-002835,003-460029,Sofia Rojas,Retiro,14529.73,2026-03-08,17:49:30,Observada
TX-002836,004-828338,Carlos Perez,Deposito,7950.82,2026-10-31,13:48:34,Pendiente
TX-002837,002-334412,Miguel Castro,Transferencia,8403.40,2026-06-01,22:25:41,Pendiente
TX-002838,006-126905,Camila Ruiz,PagoServicio,7788.84,2026-05-31,00:22:55,Anulada
TX-002839,006-116391,Diego Flores,Deposito,11342.26,2026-10-28,04:54:44,Pendiente
TX-002840,005-335097,Ana Torres,Retiro,4606.22,2026-08-31,00:27:40,Aprobada
TX-002841,009-964371,Diego Flores,Transferencia,13895.52,2026-02-13,23:04:17,Observada
TX-002842,008-272820,Ana Torres,Retiro,7827.92,2026-10-01,16:09:02,Pendiente
TX-002843,004-382207,Rosa Herrera,Transferencia,1299.29,2026-05-22,10:48:38,Rechazada
TX-002844,007-422521,Luis Ramos,Deposito,4411.81,2026-02-11,18:11:00,Pendiente
TX-002845,006-312123,Luis Ramos,Retiro,10936.70,2026-05-23,04:23:37,Anulada
TX-002846,004-957251,Sofia Rojas,PagoServicio,10920.35,2026-07-23,16:55:31,Aprobada
TX-002847,004-937606,Sofia Rojas,PagoServicio,12774.87,2026-01-18,18:48:50,Aprobada
TX-002848,005-987729,Maria Soto,Transferencia,4259.35,2026-10-26,22:40:38,Aprobada
TX-002849,001-914044,Pedro Castillo,Retiro,6854.93,2026-08-28,02:54:53,Anulada
TX-002850,002-829891,Diego Flores,PagoServicio,8426.67,2026-08-23,23:40:39,Rechazada
TX-002851,008-107053,Lucia Vega,Deposito,1955.34,2026-11-25,01:11:42,Anulada
TX-002852,009-684900,Miguel Castro,Deposito,6038.88,2026-12-12,17:07:40,Rechazada
TX-002853,006-684483,Rosa Herrera,PagoServicio,6247.09,2026-05-07,00:08:28,Anulada
TX-002854,009-535696,Rosa Herrera,PagoServicio,8088.33,2026-04-19,13:29:01,Pendiente
TX-002855,003-244933,Jorge Medina,Deposito,7658.02,2026-10-15,16:46:26,Pendiente
TX-002856,009-762880,Pedro Castillo,PagoServicio,14468.39,2026-11-06,08:52:22,Pendiente
TX-002857,005-286410,Valeria Leon,Retiro,4575.08,2026-08-27,14:27:36,Aprobada
TX-002858,002-951881,Fernando Diaz,PagoServicio,14780.94,2026-01-10,20:42:19,Rechazada
TX-002859,001-141316,Ana Torres,Retiro,12026.31,2026-05-25,15:59:06,Rechazada
TX-002860,004-176281,Carlos Perez,Retiro,9643.33,2026-11-17,17:10:35,Aprobada
TX-002861,006-432793,Luis Ramos,Retiro,93.49,2026-05-13,00:22:30,Observada
TX-002862,001-647133,Carlos Perez,PagoServicio,8337.64,2026-03-12,17:45:07,Aprobada
TX-002863,005-417993,Lucia Vega,PagoServicio,5793.53,2026-08-29,18:28:01,Observada
TX-002864,003-623852,Miguel Castro,Retiro,6351.85,2026-12-16,02:03:50,Observada
TX-002865,005-774387,Sofia Rojas,Retiro,11206.03,2026-02-20,09:13:56,Pendiente
TX-002866,009-874633,Fernando Diaz,Retiro,13789.42,2026-04-22,19:32:46,Rechazada
TX-002867,002-651370,Carlos Perez,Retiro,10616.41,2026-11-10,16:34:52,Aprobada
TX-002868,003-299673,Miguel Castro,Transferencia,1903.17,2026-08-24,13:43:41,Rechazada
TX-002869,001-757364,Lucia Vega,Transferencia,894.18,2026-10-14,17:25:18,Aprobada
TX-002870,002-644830,Carlos Perez,PagoServicio,3943.23,2026-03-04,04:42:49,Rechazada
TX-002871,009-585685,Pedro Castillo,Transferencia,7992.37,2026-10-25,20:21:08,Observada
TX-002872,007-643876,Fernando Diaz,Transferencia,9980.71,2026-03-10,17:12:40,Rechazada
TX-002873,006-603399,Jorge Medina,Deposito,3912.51,2026-05-22,01:09:06,Anulada
TX-002874,005-607336,Maria Soto,PagoServicio,2329.78,2026-08-10,20:08:42,Aprobada
TX-002875,006-249365,Diego Flores,Transferencia,7668.81,2026-10-29,04:21:07,Observada
TX-002876,007-789625,Valeria Leon,Retiro,10946.05,2026-06-02,10:19:25,Aprobada
TX-002877,009-290476,Fernando Diaz,PagoServicio,14405.66,2026-09-08,15:45:11,Observada
TX-002878,003-166397,Jorge Medina,Retiro,2982.83,2026-11-02,17:20:39,Rechazada
TX-002879,003-978560,Elena Vargas,Transferencia,4894.08,2026-03-09,00:13:31,Rechazada
TX-002880,004-876989,Sofia Rojas,Retiro,14330.58,2026-10-12,14:14:19,Observada
TX-002881,006-789173,Miguel Castro,Transferencia,9608.96,2026-04-02,18:12:54,Anulada
TX-002882,009-250861,Carlos Perez,Retiro,4883.29,2026-05-22,05:51:28,Rechazada
TX-002883,009-313056,Pedro Castillo,Deposito,4009.01,2026-02-17,10:34:53,Observada
TX-002884,008-872921,Fernando Diaz,PagoServicio,3290.80,2026-11-10,21:21:35,Observada
TX-002885,005-359140,Ana Torres,Deposito,3922.96,2026-04-09,14:29:04,Anulada
TX-002886,008-740903,Fernando Diaz,Transferencia,2715.10,2026-06-23,12:43:36,Anulada
TX-002887,008-102818,Maria Soto,Retiro,6607.72,2026-03-04,22:47:03,Aprobada
TX-002888,006-358462,Camila Ruiz,PagoServicio,11398.59,2026-12-20,15:59:55,Observada
TX-002889,002-324643,Jorge Medina,Deposito,2082.75,2026-08-05,19:50:50,Anulada
TX-002890,004-237015,Maria Soto,Transferencia,12186.69,2026-10-20,08:07:44,Aprobada
TX-002891,003-931765,Pedro Castillo,PagoServicio,10940.75,2026-10-09,23:49:45,Aprobada
TX-002892,009-297594,Maria Soto,Transferencia,13251.74,2026-04-14,00:52:58,Anulada
TX-002893,008-736045,Rosa Herrera,PagoServicio,7784.17,2026-07-16,11:28:23,Anulada
TX-002894,008-466281,Camila Ruiz,Retiro,10402.86,2026-10-08,09:56:32,Pendiente
TX-002895,009-474723,Maria Soto,Retiro,9565.03,2026-06-03,03:34:08,Aprobada
TX-002896,001-311807,Ana Torres,Deposito,14670.07,2026-04-02,18:21:27,Observada
TX-002897,002-954246,Diego Flores,Deposito,1651.12,2026-01-26,18:58:17,Pendiente
TX-002898,003-320254,Miguel Castro,Transferencia,352.38,2026-02-27,22:47:17,Anulada
TX-002899,003-917071,Elena Vargas,Deposito,9963.49,2026-02-05,21:55:48,Pendiente
TX-002900,004-601186,Lucia Vega,Retiro,859.76,2026-11-16,17:14:18,Rechazada
TX-002901,001-704555,Sofia Rojas,PagoServicio,1248.89,2026-09-24,17:11:35,Anulada
TX-002902,008-197443,Diego Flores,Transferencia,2186.31,2026-01-19,19:16:26,Rechazada
TX-002903,003-221173,Carlos Perez,Retiro,1780.01,2026-09-24,17:18:32,Observada
TX-002904,007-589216,Rosa Herrera,Retiro,812.02,2026-08-24,06:48:46,Aprobada
TX-002905,002-218184,Sofia Rojas,PagoServicio,1576.54,2026-12-21,16:26:08,Rechazada
TX-002906,001-226832,Diego Flores,Transferencia,6702.90,2026-10-08,18:50:32,Pendiente
TX-002907,009-896867,Jorge Medina,Retiro,2977.29,2026-08-30,22:32:19,Rechazada
TX-002908,001-407874,Diego Flores,Retiro,6477.41,2026-05-11,23:59:12,Rechazada
TX-002909,009-114060,Camila Ruiz,Retiro,6835.60,2026-12-07,13:02:39,Pendiente
TX-002910,009-208663,Maria Soto,Deposito,2650.30,2026-02-04,23:47:49,Pendiente
TX-002911,001-928204,Valeria Leon,PagoServicio,9383.97,2026-02-24,14:35:29,Pendiente
TX-002912,001-704430,Camila Ruiz,Deposito,14729.94,2026-02-28,07:17:42,Anulada
TX-002913,005-493820,Maria Soto,Transferencia,12601.47,2026-08-18,16:15:31,Rechazada
TX-002914,006-466975,Fernando Diaz,PagoServicio,12596.29,2026-01-26,15:19:42,Aprobada
TX-002915,004-850437,Camila Ruiz,Deposito,1931.77,2026-09-27,17:46:25,Anulada
TX-002916,008-963495,Ana Torres,Transferencia,3440.66,2026-06-26,05:06:37,Aprobada
TX-002917,003-388842,Carlos Perez,PagoServicio,14028.18,2026-08-02,11:31:42,Pendiente
TX-002918,009-484502,Sofia Rojas,Deposito,11440.96,2026-02-20,14:47:50,Rechazada
TX-002919,001-371955,Luis Ramos,Retiro,394.43,2026-07-07,03:11:25,Aprobada
TX-002920,007-229093,Pedro Castillo,Retiro,7194.86,2026-08-05,12:32:28,Observada
TX-002921,005-163238,Maria Soto,Transferencia,6652.29,2026-10-08,05:18:36,Aprobada
TX-002922,007-546901,Miguel Castro,Transferencia,6190.99,2026-02-20,11:34:20,Rechazada
TX-002923,005-656843,Camila Ruiz,Transferencia,5142.43,2026-04-12,09:16:22,Rechazada
TX-002924,001-332612,Fernando Diaz,Deposito,495.42,2026-01-23,18:38:13,Aprobada
TX-002925,001-746066,Pedro Castillo,PagoServicio,14349.27,2026-08-08,04:51:10,Observada
TX-002926,006-543745,Elena Vargas,Deposito,9347.37,2026-05-25,00:55:36,Observada
TX-002927,006-490038,Lucia Vega,PagoServicio,12654.14,2026-04-06,13:47:43,Pendiente
TX-002928,008-982459,Luis Ramos,Retiro,12553.19,2026-04-08,12:25:02,Observada
TX-002929,007-102864,Luis Ramos,Transferencia,8328.57,2026-10-26,17:03:42,Aprobada
TX-002930,009-228594,Ana Torres,Retiro,409.41,2026-12-20,23:29:47,Observada
TX-002931,009-341016,Luis Ramos,PagoServicio,5985.59,2026-10-24,11:48:57,Aprobada
TX-002932,008-269737,Sofia Rojas,Transferencia,8170.15,2026-07-20,17:24:32,Aprobada
TX-002933,006-569511,Luis Ramos,Retiro,8895.28,2026-12-04,06:22:42,Aprobada
TX-002934,006-838516,Ana Torres,PagoServicio,1275.68,2026-07-17,10:17:14,Aprobada
TX-002935,007-574966,Luis Ramos,Retiro,817.71,2026-10-04,18:06:41,Rechazada
TX-002936,006-183579,Ana Torres,Deposito,5423.21,2026-07-26,02:25:40,Pendiente
TX-002937,008-414820,Carlos Perez,PagoServicio,2632.96,2026-10-01,10:21:32,Rechazada
TX-002938,001-118276,Diego Flores,PagoServicio,2734.07,2026-07-26,11:43:32,Anulada
TX-002939,006-568524,Sofia Rojas,PagoServicio,8946.44,2026-07-12,16:40:41,Aprobada
TX-002940,004-226349,Valeria Leon,Transferencia,5013.10,2026-09-18,14:38:47,Rechazada
TX-002941,007-264190,Miguel Castro,PagoServicio,13830.32,2026-11-22,13:48:30,Observada
TX-002942,007-558027,Miguel Castro,Retiro,1193.21,2026-08-16,05:58:01,Aprobada
TX-002943,009-352232,Miguel Castro,Retiro,10495.16,2026-07-04,11:21:09,Aprobada
TX-002944,001-160377,Lucia Vega,PagoServicio,6227.91,2026-02-08,21:37:32,Pendiente
TX-002945,006-757286,Diego Flores,Transferencia,11328.89,2026-11-05,18:54:02,Aprobada
TX-002946,001-568641,Diego Flores,PagoServicio,10001.38,2026-02-18,06:46:41,Pendiente
TX-002947,001-120602,Fernando Diaz,Deposito,8787.61,2026-07-31,05:18:36,Anulada
TX-002948,002-960406,Fernando Diaz,Deposito,8616.79,2026-05-03,08:27:02,Rechazada
TX-002949,002-432048,Rosa Herrera,Retiro,644.03,2026-08-26,02:49:00,Anulada
TX-002950,009-139738,Rosa Herrera,Deposito,9702.30,2026-08-21,05:08:33,Observada
TX-002951,007-921376,Diego Flores,PagoServicio,9586.84,2026-09-09,16:02:55,Aprobada
TX-002952,004-585750,Diego Flores,PagoServicio,10280.48,2026-11-12,23:54:37,Observada
TX-002953,007-732277,Valeria Leon,Deposito,1539.81,2026-12-19,15:52:46,Observada
TX-002954,002-255650,Carlos Perez,PagoServicio,4306.96,2026-01-20,01:41:02,Observada
TX-002955,008-698755,Lucia Vega,Retiro,3507.15,2026-03-09,15:37:08,Pendiente
TX-002956,007-291905,Carlos Perez,Deposito,8747.13,2026-12-21,04:10:23,Aprobada
TX-002957,008-946214,Ana Torres,Transferencia,10675.19,2026-12-20,19:47:44,Pendiente
TX-002958,003-551712,Miguel Castro,Retiro,404.34,2026-07-01,11:15:28,Aprobada
TX-002959,009-583122,Miguel Castro,Retiro,1594.31,2026-06-09,12:23:31,Aprobada
TX-002960,003-792852,Camila Ruiz,Transferencia,9466.06,2026-09-14,11:44:53,Pendiente
TX-002961,002-990890,Elena Vargas,Transferencia,3535.81,2026-09-23,18:34:06,Anulada
TX-002962,009-724399,Valeria Leon,PagoServicio,13513.48,2026-12-15,12:48:38,Aprobada
TX-002963,002-566046,Ana Torres,Deposito,13917.77,2026-07-17,08:55:49,Aprobada
TX-002964,002-673170,Elena Vargas,PagoServicio,13413.51,2026-04-29,02:32:55,Anulada
TX-002965,003-268523,Rosa Herrera,Transferencia,6774.86,2026-12-08,19:50:50,Pendiente
TX-002966,009-638071,Fernando Diaz,Retiro,8570.60,2026-06-21,00:23:34,Anulada
TX-002967,006-558927,Elena Vargas,Transferencia,8091.11,2026-01-24,23:13:14,Aprobada
TX-002968,005-666330,Ana Torres,PagoServicio,7119.87,2026-07-03,19:14:42,Aprobada
TX-002969,003-983025,Carlos Perez,PagoServicio,8455.80,2026-04-27,08:03:40,Anulada
TX-002970,007-195948,Rosa Herrera,Transferencia,14012.89,2026-07-18,09:55:01,Observada
TX-002971,005-929909,Maria Soto,PagoServicio,8399.74,2026-07-16,00:01:15,Rechazada
TX-002972,008-861481,Rosa Herrera,PagoServicio,8683.15,2026-09-18,07:25:35,Observada
TX-002973,001-380110,Ana Torres,Deposito,3447.77,2026-02-15,19:02:16,Pendiente
TX-002974,002-928497,Diego Flores,PagoServicio,1696.27,2026-06-15,21:19:24,Aprobada
TX-002975,008-678654,Camila Ruiz,Retiro,2663.67,2026-04-21,08:10:00,Anulada
TX-002976,009-335018,Pedro Castillo,PagoServicio,5317.10,2026-10-30,13:05:32,Observada
TX-002977,007-290552,Lucia Vega,Transferencia,13272.66,2026-12-26,17:03:44,Observada
TX-002978,005-975651,Diego Flores,PagoServicio,5762.12,2026-04-07,13:37:54,Pendiente
TX-002979,007-126865,Lucia Vega,PagoServicio,7680.39,2026-02-28,21:50:51,Aprobada
TX-002980,008-112179,Maria Soto,Deposito,1542.12,2026-02-25,06:42:07,Rechazada
TX-002981,006-708171,Rosa Herrera,Retiro,12384.54,2026-06-07,22:04:30,Pendiente
TX-002982,009-673268,Maria Soto,Transferencia,7542.97,2026-08-11,20:51:33,Rechazada
TX-002983,005-660591,Sofia Rojas,Retiro,9215.06,2026-12-08,21:18:36,Observada
TX-002984,003-371090,Sofia Rojas,PagoServicio,2278.57,2026-10-20,09:29:33,Anulada
TX-002985,008-731182,Diego Flores,Transferencia,6379.47,2026-08-31,01:00:32,Aprobada
TX-002986,002-414467,Luis Ramos,Retiro,14980.67,2026-02-13,20:44:05,Anulada
TX-002987,004-475125,Camila Ruiz,Retiro,14978.70,2026-12-06,02:11:15,Rechazada
TX-002988,007-213204,Carlos Perez,Retiro,7131.90,2026-06-08,07:24:36,Aprobada
TX-002989,006-295643,Carlos Perez,Transferencia,13776.08,2026-05-05,17:57:52,Anulada
TX-002990,009-198980,Sofia Rojas,Deposito,11698.59,2026-09-29,23:33:53,Aprobada
TX-002991,003-477818,Elena Vargas,Deposito,11259.64,2026-07-12,11:15:06,Rechazada
TX-002992,005-230620,Diego Flores,Transferencia,6439.48,2026-09-10,13:06:09,Aprobada
TX-002993,004-830872,Lucia Vega,Deposito,433.54,2026-08-09,06:52:02,Observada
TX-002994,007-986180,Luis Ramos,PagoServicio,11336.53,2026-07-08,01:26:24,Aprobada
TX-002995,009-232935,Fernando Diaz,Deposito,8922.26,2026-08-11,14:56:00,Anulada
TX-002996,001-673261,Valeria Leon,Transferencia,12995.82,2026-06-29,07:35:22,Anulada
TX-002997,003-201605,Lucia Vega,Transferencia,6648.34,2026-06-10,15:57:30,Anulada
TX-002998,002-925519,Carlos Perez,Deposito,9341.99,2026-12-23,22:47:19,Observada
TX-002999,007-377900,Valeria Leon,PagoServicio,9250.86,2026-07-29,02:17:12,Anulada
TX-003000,004-832829,Diego Flores,PagoServicio,10450.22,2026-08-02,10:11:49,Observada
TX-003001,005-631337,Sofia Rojas,Deposito,10333.45,2026-12-03,14:31:48,Aprobada
TX-003002,006-456814,Diego Flores,Deposito,14683.65,2026-11-09,01:54:06,Aprobada
TX-003003,002-230145,Diego Flores,Retiro,10838.50,2026-09-21,21:36:49,Rechazada
TX-003004,001-985856,Camila Ruiz,PagoServicio,14920.31,2026-04-06,16:34:54,Observada
TX-003005,001-468323,Luis Ramos,Transferencia,7122.47,2026-06-14,01:49:08,Aprobada
TX-003006,004-972964,Diego Flores,PagoServicio,3115.05,2026-05-03,02:18:31,Rechazada
TX-003007,007-843814,Camila Ruiz,Retiro,1509.12,2026-08-13,23:10:37,Pendiente
TX-003008,006-490477,Diego Flores,Transferencia,5690.95,2026-01-03,23:34:02,Aprobada
TX-003009,001-722977,Camila Ruiz,Deposito,12106.83,2026-04-27,00:12:37,Anulada
TX-003010,005-287619,Ana Torres,Deposito,13808.42,2026-05-26,15:40:10,Pendiente
TX-003011,009-743186,Sofia Rojas,PagoServicio,7467.58,2026-01-20,10:03:20,Pendiente
TX-003012,007-374864,Maria Soto,Transferencia,12304.67,2026-12-28,17:12:39,Pendiente
TX-003013,006-544167,Miguel Castro,Deposito,7355.54,2026-06-22,01:57:16,Pendiente
TX-003014,009-130601,Diego Flores,PagoServicio,11739.93,2026-04-30,19:37:40,Pendiente
TX-003015,004-301628,Rosa Herrera,Transferencia,6383.02,2026-04-05,04:25:07,Pendiente
TX-003016,005-937738,Sofia Rojas,PagoServicio,11751.35,2026-11-28,18:32:36,Rechazada
TX-003017,007-452853,Fernando Diaz,Deposito,822.34,2026-06-03,23:33:29,Pendiente
TX-003018,006-340021,Elena Vargas,Transferencia,147.25,2026-12-28,22:04:52,Observada
TX-003019,003-997135,Maria Soto,Transferencia,2631.87,2026-04-25,05:19:32,Rechazada
TX-003020,008-548981,Elena Vargas,PagoServicio,10412.30,2026-07-04,01:31:10,Pendiente
TX-003021,007-240862,Rosa Herrera,Deposito,9202.96,2026-06-01,12:24:04,Aprobada
TX-003022,002-182905,Maria Soto,Deposito,10640.02,2026-02-08,19:16:21,Aprobada
TX-003023,006-993163,Valeria Leon,Deposito,8005.80,2026-07-20,19:26:13,Observada
TX-003024,001-106416,Rosa Herrera,Transferencia,1634.13,2026-08-17,16:06:22,Anulada
TX-003025,007-604575,Fernando Diaz,PagoServicio,14874.64,2026-02-19,15:40:06,Rechazada
TX-003026,002-281287,Diego Flores,Deposito,6666.88,2026-11-02,02:15:42,Aprobada
TX-003027,005-567785,Maria Soto,PagoServicio,11890.00,2026-11-28,04:07:46,Rechazada
TX-003028,007-179838,Maria Soto,Transferencia,13793.63,2026-01-21,18:23:16,Rechazada
TX-003029,009-363432,Carlos Perez,PagoServicio,5138.83,2026-06-17,00:40:14,Pendiente
TX-003030,007-889115,Valeria Leon,Transferencia,6923.45,2026-05-17,01:32:23,Rechazada
TX-003031,006-377586,Valeria Leon,Retiro,4653.35,2026-02-17,22:13:34,Anulada
TX-003032,004-627918,Pedro Castillo,Deposito,5436.82,2026-10-20,05:04:34,Pendiente
TX-003033,001-132962,Camila Ruiz,PagoServicio,3824.43,2026-09-11,12:44:06,Pendiente
TX-003034,005-783888,Jorge Medina,Deposito,11099.12,2026-12-04,19:46:44,Rechazada
TX-003035,002-216815,Maria Soto,Retiro,2320.92,2026-10-04,20:56:41,Observada
TX-003036,005-907142,Valeria Leon,PagoServicio,10235.76,2026-08-30,02:10:56,Aprobada
TX-003037,008-559683,Elena Vargas,PagoServicio,11464.72,2026-04-05,07:57:24,Pendiente
TX-003038,003-613052,Maria Soto,Transferencia,2882.51,2026-11-20,08:25:55,Anulada
TX-003039,009-497941,Camila Ruiz,Retiro,12296.52,2026-12-15,15:32:10,Observada
TX-003040,006-848910,Ana Torres,Transferencia,12019.93,2026-01-27,03:00:58,Anulada
TX-003041,007-358933,Miguel Castro,Transferencia,3831.40,2026-10-05,14:01:44,Rechazada
TX-003042,001-505393,Diego Flores,Retiro,4881.75,2026-07-31,18:44:18,Anulada
TX-003043,003-379723,Diego Flores,Retiro,4972.05,2026-03-31,03:15:59,Pendiente
TX-003044,001-137501,Miguel Castro,Transferencia,7725.39,2026-10-05,17:43:52,Observada
TX-003045,008-597203,Valeria Leon,Deposito,7717.69,2026-01-27,00:07:13,Observada
TX-003046,006-280617,Lucia Vega,Deposito,3823.36,2026-09-18,05:05:39,Pendiente
TX-003047,005-374609,Sofia Rojas,Transferencia,12389.52,2026-03-23,15:49:16,Anulada
TX-003048,006-821875,Luis Ramos,PagoServicio,9045.48,2026-03-26,10:42:46,Observada
TX-003049,009-212358,Ana Torres,Deposito,3621.44,2026-08-20,08:51:08,Aprobada
TX-003050,003-662698,Jorge Medina,Deposito,13113.26,2026-10-13,13:52:34,Observada
TX-003051,007-714807,Valeria Leon,Retiro,13273.14,2026-10-24,20:06:39,Anulada
TX-003052,001-420942,Pedro Castillo,PagoServicio,8685.84,2026-02-21,14:12:15,Observada
TX-003053,002-387562,Miguel Castro,PagoServicio,10218.55,2026-04-09,13:31:23,Observada
TX-003054,004-138198,Rosa Herrera,Transferencia,12929.10,2026-08-21,07:47:23,Anulada
TX-003055,007-844984,Lucia Vega,Retiro,4024.32,2026-12-18,07:05:48,Rechazada
TX-003056,009-780208,Carlos Perez,PagoServicio,2449.38,2026-04-02,10:42:02,Rechazada
TX-003057,002-258280,Luis Ramos,PagoServicio,460.95,2026-12-24,06:33:40,Rechazada
TX-003058,004-280777,Valeria Leon,Transferencia,10678.24,2026-08-05,08:02:36,Rechazada
TX-003059,003-252783,Luis Ramos,Transferencia,12245.05,2026-01-06,18:54:16,Rechazada
TX-003060,004-284265,Elena Vargas,Transferencia,254.00,2026-09-26,14:47:05,Anulada
TX-003061,007-583717,Sofia Rojas,PagoServicio,1728.07,2026-12-20,10:11:40,Aprobada
TX-003062,009-982140,Camila Ruiz,PagoServicio,10725.84,2026-02-17,06:21:05,Aprobada
TX-003063,009-187672,Miguel Castro,Deposito,2848.37,2026-05-30,00:29:28,Aprobada
TX-003064,005-164709,Elena Vargas,Retiro,13467.14,2026-04-23,09:03:30,Pendiente
TX-003065,004-772297,Luis Ramos,Transferencia,11794.67,2026-04-18,07:53:43,Observada
TX-003066,009-772676,Maria Soto,Retiro,4729.78,2026-06-08,17:03:43,Anulada
TX-003067,006-972475,Camila Ruiz,Transferencia,532.69,2026-03-19,02:40:25,Aprobada
TX-003068,008-975876,Rosa Herrera,PagoServicio,13740.83,2026-01-02,08:41:59,Pendiente
TX-003069,005-445426,Fernando Diaz,PagoServicio,6568.65,2026-01-29,22:41:48,Pendiente
TX-003070,001-822502,Ana Torres,PagoServicio,6498.43,2026-12-15,07:35:26,Observada
TX-003071,007-381723,Luis Ramos,Transferencia,205.50,2026-09-09,09:19:06,Observada
TX-003072,006-413619,Miguel Castro,Transferencia,10637.29,2026-10-01,10:29:52,Rechazada
TX-003073,005-101662,Rosa Herrera,PagoServicio,8129.39,2026-02-09,01:23:42,Observada
TX-003074,005-909947,Diego Flores,PagoServicio,638.95,2026-08-27,21:51:05,Aprobada
TX-003075,006-910555,Valeria Leon,Retiro,6454.15,2026-08-01,21:55:06,Rechazada
TX-003076,005-680870,Maria Soto,PagoServicio,8019.09,2026-08-09,09:11:08,Anulada
TX-003077,007-267044,Sofia Rojas,PagoServicio,11775.83,2026-07-25,00:53:32,Rechazada
TX-003078,009-554504,Valeria Leon,Transferencia,7092.45,2026-09-22,21:53:44,Observada
TX-003079,002-481770,Ana Torres,Deposito,12044.73,2026-06-16,12:16:47,Rechazada
TX-003080,006-575565,Miguel Castro,Transferencia,8544.55,2026-12-15,06:42:32,Observada
TX-003081,001-826886,Diego Flores,Retiro,1906.30,2026-02-03,18:40:12,Rechazada
TX-003082,007-835620,Rosa Herrera,Deposito,6823.74,2026-09-03,01:54:11,Anulada
TX-003083,009-971405,Miguel Castro,Retiro,5708.30,2026-04-28,13:36:27,Aprobada
TX-003084,009-996302,Ana Torres,Deposito,14018.52,2026-01-29,06:54:53,Observada
TX-003085,006-451917,Valeria Leon,Deposito,14573.02,2026-02-15,17:46:32,Observada
TX-003086,008-579113,Lucia Vega,Transferencia,10067.75,2026-02-23,13:58:16,Observada
TX-003087,005-503803,Diego Flores,Retiro,11763.03,2026-02-07,12:06:58,Anulada
TX-003088,009-251680,Lucia Vega,Transferencia,9132.19,2026-08-18,23:53:46,Observada
TX-003089,003-556909,Lucia Vega,Retiro,2449.15,2026-08-23,05:50:42,Observada
TX-003090,006-637108,Diego Flores,Transferencia,6744.69,2026-11-12,00:35:05,Pendiente
TX-003091,006-379341,Elena Vargas,Retiro,1587.48,2026-08-03,23:28:46,Pendiente
TX-003092,005-490959,Jorge Medina,Transferencia,4791.22,2026-10-30,17:29:16,Anulada
TX-003093,003-103026,Miguel Castro,Retiro,1903.66,2026-12-04,17:39:53,Pendiente
TX-003094,008-970847,Ana Torres,Transferencia,14072.07,2026-01-20,07:59:34,Aprobada
TX-003095,007-330222,Elena Vargas,Deposito,6156.03,2026-01-21,12:30:54,Observada
TX-003096,003-321534,Miguel Castro,Retiro,4183.91,2026-12-02,17:52:47,Observada
TX-003097,003-627537,Maria Soto,Deposito,13312.49,2026-12-10,21:15:38,Pendiente
TX-003098,001-161248,Luis Ramos,PagoServicio,7807.36,2026-12-21,08:18:53,Anulada
TX-003099,003-268734,Fernando Diaz,Deposito,10758.98,2026-04-04,08:24:54,Aprobada
TX-003100,003-540071,Luis Ramos,PagoServicio,14124.55,2026-07-30,14:05:20,Pendiente
TX-003101,001-604858,Luis Ramos,Transferencia,11796.65,2026-08-07,10:29:27,Aprobada
TX-003102,002-221811,Diego Flores,Deposito,14621.12,2026-08-26,01:30:43,Rechazada
TX-003103,008-946475,Luis Ramos,Transferencia,4731.60,2026-06-15,23:41:27,Aprobada
TX-003104,001-880002,Pedro Castillo,Retiro,14205.59,2026-12-01,20:14:11,Observada
TX-003105,001-960687,Diego Flores,Retiro,3002.15,2026-01-13,17:58:46,Observada
TX-003106,002-948992,Sofia Rojas,Deposito,10210.48,2026-01-02,18:54:27,Observada
TX-003107,005-834696,Miguel Castro,Transferencia,13160.08,2026-08-11,22:05:27,Pendiente
TX-003108,009-845932,Pedro Castillo,Deposito,3412.78,2026-09-08,19:50:56,Rechazada
TX-003109,009-591074,Sofia Rojas,Retiro,12979.42,2026-06-10,01:17:00,Pendiente
TX-003110,003-724089,Lucia Vega,Deposito,14348.68,2026-10-25,11:33:16,Aprobada
TX-003111,007-976958,Fernando Diaz,Transferencia,14390.45,2026-11-04,23:35:22,Anulada
TX-003112,003-597166,Carlos Perez,Deposito,12165.94,2026-02-02,02:17:00,Rechazada
TX-003113,002-137247,Lucia Vega,Deposito,690.61,2026-05-17,14:58:01,Anulada
TX-003114,007-332552,Camila Ruiz,Retiro,1040.12,2026-12-13,13:47:17,Pendiente
TX-003115,004-921739,Rosa Herrera,Deposito,6573.38,2026-07-23,12:12:03,Rechazada
TX-003116,006-258737,Sofia Rojas,Transferencia,6090.42,2026-04-17,00:37:24,Anulada
TX-003117,007-140808,Fernando Diaz,PagoServicio,6722.59,2026-08-17,11:13:22,Anulada
TX-003118,004-852613,Lucia Vega,Deposito,13964.92,2026-07-15,11:50:24,Rechazada
TX-003119,009-418389,Maria Soto,Deposito,12005.03,2026-05-29,14:19:27,Pendiente
TX-003120,007-244598,Valeria Leon,Transferencia,4969.42,2026-01-21,14:40:33,Observada
TX-003121,008-390141,Fernando Diaz,Transferencia,5908.17,2026-06-24,08:50:58,Anulada
TX-003122,006-469559,Luis Ramos,Deposito,14414.20,2026-03-03,22:14:07,Rechazada
TX-003123,003-864607,Miguel Castro,Transferencia,8915.06,2026-07-30,01:00:51,Pendiente
TX-003124,006-212344,Ana Torres,PagoServicio,9437.87,2026-05-01,04:30:00,Aprobada
TX-003125,002-344916,Luis Ramos,Transferencia,14951.75,2026-06-29,16:40:26,Anulada
TX-003126,007-199357,Diego Flores,Transferencia,2143.44,2026-11-09,19:15:25,Pendiente
TX-003127,008-815104,Sofia Rojas,Transferencia,10304.20,2026-03-10,19:08:07,Rechazada
TX-003128,001-525850,Fernando Diaz,Deposito,13791.47,2026-05-03,09:11:48,Pendiente
TX-003129,002-815745,Maria Soto,Transferencia,13395.60,2026-09-16,23:35:55,Rechazada
TX-003130,003-559000,Elena Vargas,Deposito,11776.15,2026-12-16,13:31:10,Anulada
TX-003131,006-162412,Ana Torres,Retiro,12900.37,2026-10-22,23:29:13,Aprobada
TX-003132,002-435027,Luis Ramos,Deposito,3226.84,2026-10-07,09:59:09,Rechazada
TX-003133,006-936708,Camila Ruiz,Deposito,6607.92,2026-12-12,20:57:48,Anulada
TX-003134,006-133544,Jorge Medina,Deposito,666.95,2026-11-21,04:28:00,Observada
TX-003135,002-902144,Jorge Medina,Retiro,12669.43,2026-06-30,01:57:22,Anulada
TX-003136,009-151922,Elena Vargas,Deposito,10627.37,2026-08-18,02:08:49,Pendiente
TX-003137,001-341801,Camila Ruiz,Transferencia,731.69,2026-06-02,11:57:12,Pendiente
TX-003138,004-418832,Rosa Herrera,Transferencia,3056.92,2026-12-15,11:05:30,Anulada
TX-003139,002-103150,Lucia Vega,Deposito,1899.59,2026-01-13,04:58:27,Rechazada
TX-003140,007-147822,Valeria Leon,Deposito,975.50,2026-07-30,18:53:59,Pendiente
TX-003141,002-332135,Camila Ruiz,Deposito,13208.70,2026-08-28,11:07:24,Rechazada
TX-003142,009-476621,Pedro Castillo,Retiro,13640.45,2026-09-24,10:12:48,Anulada
TX-003143,006-253624,Ana Torres,Deposito,5824.96,2026-01-13,21:59:02,Aprobada
TX-003144,007-610544,Diego Flores,Transferencia,9665.44,2026-06-04,11:36:38,Anulada
TX-003145,007-964286,Valeria Leon,Transferencia,1114.58,2026-05-31,05:46:19,Observada
TX-003146,008-375532,Ana Torres,Retiro,14941.78,2026-07-14,13:13:41,Pendiente
TX-003147,003-851468,Elena Vargas,Retiro,9936.56,2026-08-10,11:21:27,Pendiente
TX-003148,005-709278,Fernando Diaz,Deposito,12929.70,2026-01-08,23:10:41,Aprobada
TX-003149,007-614616,Jorge Medina,PagoServicio,11383.85,2026-11-25,18:03:26,Rechazada
TX-003150,006-444029,Ana Torres,Retiro,2418.59,2026-05-16,03:01:30,Aprobada
TX-003151,002-617189,Carlos Perez,PagoServicio,4703.42,2026-02-20,11:45:40,Observada
TX-003152,003-399755,Luis Ramos,PagoServicio,8063.21,2026-03-13,08:51:46,Anulada
TX-003153,001-758229,Maria Soto,Retiro,3290.34,2026-03-27,22:52:26,Pendiente
TX-003154,006-997593,Luis Ramos,Transferencia,238.35,2026-11-02,19:36:42,Aprobada
TX-003155,001-774392,Elena Vargas,PagoServicio,12585.56,2026-01-19,00:25:52,Pendiente
TX-003156,004-105891,Camila Ruiz,PagoServicio,7661.45,2026-04-05,08:41:52,Aprobada
TX-003157,003-222314,Luis Ramos,PagoServicio,5894.81,2026-03-27,10:01:37,Rechazada
TX-003158,001-395268,Elena Vargas,Deposito,14365.74,2026-12-25,15:55:11,Observada
TX-003159,006-890874,Elena Vargas,PagoServicio,4855.93,2026-08-08,15:42:53,Rechazada
TX-003160,002-279298,Diego Flores,PagoServicio,4682.16,2026-06-03,11:54:58,Aprobada
TX-003161,004-984121,Carlos Perez,PagoServicio,10068.84,2026-12-09,15:40:54,Rechazada
TX-003162,001-827937,Maria Soto,PagoServicio,5556.96,2026-07-22,04:54:35,Rechazada
TX-003163,002-368261,Jorge Medina,PagoServicio,13350.02,2026-09-27,20:57:57,Anulada
TX-003164,003-101150,Elena Vargas,PagoServicio,1726.87,2026-11-08,03:17:17,Pendiente
TX-003165,003-336610,Fernando Diaz,Transferencia,2722.18,2026-06-17,13:23:48,Rechazada
TX-003166,002-778465,Rosa Herrera,Retiro,1022.20,2026-12-19,04:57:40,Anulada
TX-003167,002-647622,Diego Flores,PagoServicio,10844.61,2026-09-24,13:40:09,Pendiente
TX-003168,002-554803,Luis Ramos,Transferencia,7551.96,2026-03-24,02:43:34,Anulada
TX-003169,006-448458,Valeria Leon,Transferencia,10957.65,2026-12-09,00:56:52,Pendiente
TX-003170,008-823797,Jorge Medina,Retiro,10562.63,2026-02-06,13:58:25,Observada
TX-003171,009-641866,Ana Torres,Transferencia,11258.68,2026-10-28,06:03:44,Pendiente
TX-003172,004-602005,Valeria Leon,Retiro,1016.86,2026-05-26,19:19:59,Anulada
TX-003173,003-633222,Elena Vargas,PagoServicio,13489.23,2026-11-09,03:04:52,Anulada
TX-003174,005-447811,Elena Vargas,Deposito,12994.83,2026-09-13,07:00:25,Aprobada
TX-003175,009-244810,Maria Soto,PagoServicio,2446.08,2026-01-21,23:04:38,Rechazada
TX-003176,009-324134,Diego Flores,Deposito,8054.45,2026-08-31,19:57:28,Rechazada
TX-003177,003-794666,Maria Soto,Transferencia,3786.91,2026-04-18,17:46:55,Pendiente
TX-003178,008-392302,Camila Ruiz,Retiro,10969.82,2026-12-26,01:28:29,Anulada
TX-003179,002-169246,Sofia Rojas,Deposito,8663.34,2026-10-03,22:42:52,Rechazada
TX-003180,001-805824,Maria Soto,Transferencia,1922.43,2026-09-04,05:43:01,Rechazada
TX-003181,001-390453,Elena Vargas,Retiro,3293.07,2026-02-20,22:52:39,Rechazada
TX-003182,008-622219,Pedro Castillo,Retiro,10434.83,2026-02-10,02:13:25,Rechazada
TX-003183,006-852722,Carlos Perez,Transferencia,13478.68,2026-10-22,21:13:36,Rechazada
TX-003184,009-198080,Sofia Rojas,Deposito,13296.17,2026-06-08,02:59:15,Pendiente
TX-003185,007-306612,Ana Torres,Transferencia,5173.07,2026-11-04,23:44:08,Anulada
TX-003186,004-968406,Jorge Medina,PagoServicio,6899.39,2026-06-04,12:32:40,Anulada
TX-003187,002-740790,Valeria Leon,Retiro,1988.97,2026-01-28,14:07:08,Aprobada
TX-003188,003-727273,Luis Ramos,PagoServicio,10242.72,2026-11-12,17:17:12,Aprobada
TX-003189,008-413039,Sofia Rojas,Transferencia,12910.40,2026-03-03,19:07:06,Anulada
TX-003190,009-328767,Luis Ramos,Transferencia,3962.42,2026-11-24,01:22:39,Anulada
TX-003191,005-170129,Diego Flores,PagoServicio,5884.31,2026-02-28,13:53:28,Anulada
TX-003192,002-940390,Miguel Castro,Retiro,14083.90,2026-06-13,00:48:55,Observada
TX-003193,001-625428,Ana Torres,Deposito,6093.88,2026-12-10,14:54:57,Pendiente
TX-003194,007-982308,Elena Vargas,PagoServicio,6912.96,2026-10-20,11:48:02,Aprobada
TX-003195,007-345228,Fernando Diaz,PagoServicio,13948.62,2026-02-02,15:59:12,Anulada
TX-003196,009-943245,Sofia Rojas,Deposito,5431.44,2026-04-28,17:59:52,Anulada
TX-003197,005-916634,Rosa Herrera,Deposito,4514.54,2026-01-15,01:12:03,Observada
TX-003198,007-510534,Carlos Perez,Deposito,9073.84,2026-03-15,05:32:55,Rechazada
TX-003199,007-460489,Ana Torres,Deposito,9711.88,2026-05-27,09:13:52,Rechazada
TX-003200,008-298991,Maria Soto,Retiro,5786.25,2026-06-18,11:40:50,Aprobada
TX-003201,002-409872,Maria Soto,Deposito,3254.47,2026-06-09,14:11:52,Rechazada
TX-003202,006-786341,Valeria Leon,Deposito,4005.66,2026-02-28,18:16:12,Aprobada
TX-003203,009-991447,Valeria Leon,Transferencia,8011.68,2026-07-11,11:01:16,Anulada
TX-003204,002-875846,Diego Flores,PagoServicio,2221.31,2026-04-04,05:54:48,Pendiente
TX-003205,002-789978,Diego Flores,PagoServicio,3962.41,2026-03-20,01:34:43,Anulada
TX-003206,006-944101,Carlos Perez,Retiro,10805.28,2026-04-20,09:56:46,Observada
TX-003207,003-483394,Camila Ruiz,Transferencia,5476.41,2026-04-02,14:17:00,Rechazada
TX-003208,004-373407,Carlos Perez,Transferencia,12135.66,2026-04-04,13:13:00,Aprobada
TX-003209,002-840720,Miguel Castro,Deposito,12726.61,2026-07-25,10:39:21,Observada
TX-003210,007-129349,Pedro Castillo,Deposito,5553.23,2026-07-01,07:51:54,Observada
TX-003211,005-623637,Pedro Castillo,PagoServicio,6026.64,2026-10-04,13:18:43,Pendiente
TX-003212,006-309052,Pedro Castillo,Retiro,6554.43,2026-08-08,03:49:18,Observada
TX-003213,005-512119,Sofia Rojas,PagoServicio,14434.50,2026-01-25,16:37:42,Observada
TX-003214,004-393975,Maria Soto,Transferencia,2664.48,2026-04-21,21:31:31,Pendiente
TX-003215,001-661498,Fernando Diaz,Transferencia,8594.57,2026-12-26,08:21:22,Anulada
TX-003216,005-632724,Luis Ramos,Deposito,2788.62,2026-06-04,23:53:25,Anulada
TX-003217,003-438791,Rosa Herrera,Deposito,8639.99,2026-06-04,05:00:22,Pendiente
TX-003218,008-290551,Luis Ramos,Retiro,213.06,2026-12-04,22:03:59,Pendiente
TX-003219,003-351236,Pedro Castillo,Transferencia,3992.77,2026-05-30,10:39:05,Aprobada
TX-003220,005-155196,Camila Ruiz,Deposito,9763.47,2026-08-15,14:48:42,Rechazada
TX-003221,004-931141,Elena Vargas,Retiro,14114.97,2026-11-14,03:03:31,Aprobada
TX-003222,005-914483,Pedro Castillo,Deposito,3210.23,2026-11-11,09:57:21,Aprobada
TX-003223,008-694093,Sofia Rojas,Retiro,9870.20,2026-06-27,19:54:59,Rechazada
TX-003224,002-813733,Elena Vargas,Transferencia,459.52,2026-09-08,17:34:57,Aprobada
TX-003225,008-656615,Miguel Castro,Deposito,13797.09,2026-02-25,04:21:47,Aprobada
TX-003226,002-486253,Fernando Diaz,PagoServicio,1394.75,2026-12-29,03:49:41,Anulada
TX-003227,005-433799,Maria Soto,Retiro,5447.59,2026-09-13,12:27:33,Pendiente
TX-003228,003-553976,Elena Vargas,PagoServicio,3903.83,2026-11-24,19:58:09,Observada
TX-003229,001-217889,Jorge Medina,Retiro,9645.81,2026-03-05,12:52:06,Aprobada
TX-003230,009-530883,Rosa Herrera,Deposito,13130.93,2026-11-15,14:16:12,Rechazada
TX-003231,004-566311,Jorge Medina,PagoServicio,1989.53,2026-06-16,23:39:16,Observada
TX-003232,006-526495,Carlos Perez,Retiro,7025.78,2026-02-13,07:01:24,Pendiente
TX-003233,001-777071,Miguel Castro,Transferencia,13875.76,2026-09-02,09:29:56,Pendiente
TX-003234,003-953196,Jorge Medina,Transferencia,378.55,2026-12-30,12:37:35,Pendiente
TX-003235,006-780606,Valeria Leon,Transferencia,555.13,2026-12-24,14:14:37,Rechazada
TX-003236,008-997932,Camila Ruiz,Retiro,10945.03,2026-01-26,12:29:08,Pendiente
TX-003237,003-435322,Jorge Medina,Retiro,1807.53,2026-01-11,06:42:57,Anulada
TX-003238,005-337721,Diego Flores,Transferencia,11540.90,2026-03-26,12:20:04,Observada
TX-003239,009-945281,Camila Ruiz,Transferencia,7420.71,2026-03-05,21:02:59,Aprobada
TX-003240,004-227531,Carlos Perez,PagoServicio,9340.29,2026-05-17,08:09:27,Rechazada
TX-003241,009-913239,Sofia Rojas,Retiro,13598.20,2026-01-11,09:41:29,Anulada
TX-003242,003-703574,Fernando Diaz,PagoServicio,11763.55,2026-05-14,14:01:37,Rechazada
TX-003243,006-745262,Pedro Castillo,Retiro,13644.07,2026-02-27,14:48:08,Rechazada
TX-003244,003-771022,Fernando Diaz,PagoServicio,3410.32,2026-08-28,05:03:25,Rechazada
TX-003245,009-732700,Diego Flores,Retiro,31.35,2026-05-22,04:54:35,Observada
TX-003246,004-919838,Pedro Castillo,Retiro,1946.75,2026-06-14,08:45:36,Observada
TX-003247,002-631917,Pedro Castillo,Transferencia,7048.44,2026-02-05,14:07:42,Aprobada
TX-003248,009-581416,Ana Torres,Retiro,5842.46,2026-07-13,08:09:03,Aprobada
TX-003249,009-946123,Maria Soto,Retiro,5723.18,2026-02-08,07:40:25,Aprobada
TX-003250,008-230737,Maria Soto,PagoServicio,1505.65,2026-09-08,10:01:44,Anulada
TX-003251,004-685394,Camila Ruiz,Retiro,10594.24,2026-11-30,14:44:28,Observada
TX-003252,007-841816,Rosa Herrera,Deposito,8016.64,2026-04-11,07:15:25,Observada
TX-003253,008-310034,Pedro Castillo,PagoServicio,11308.74,2026-02-20,21:14:00,Rechazada
TX-003254,004-327216,Fernando Diaz,Retiro,2133.10,2026-03-04,16:13:29,Anulada
TX-003255,001-765573,Luis Ramos,Deposito,3813.81,2026-03-01,19:05:31,Pendiente
TX-003256,009-802916,Miguel Castro,Retiro,10763.15,2026-09-16,06:17:13,Rechazada
TX-003257,003-869919,Pedro Castillo,PagoServicio,866.83,2026-03-13,02:03:39,Anulada
TX-003258,006-321316,Pedro Castillo,Transferencia,13504.27,2026-04-05,01:52:11,Observada
TX-003259,004-169907,Miguel Castro,Transferencia,7978.27,2026-04-16,11:05:08,Observada
TX-003260,008-389175,Luis Ramos,Retiro,104.63,2026-09-17,19:33:15,Pendiente
TX-003261,004-998390,Valeria Leon,Deposito,11584.83,2026-09-11,16:16:33,Anulada
TX-003262,006-255710,Ana Torres,Transferencia,3304.08,2026-05-30,15:52:43,Rechazada
TX-003263,007-793211,Ana Torres,Deposito,9962.91,2026-03-31,00:39:31,Anulada
TX-003264,008-788758,Pedro Castillo,PagoServicio,958.23,2026-10-11,16:43:51,Pendiente
TX-003265,008-147220,Pedro Castillo,Deposito,3778.89,2026-01-29,05:48:47,Rechazada
TX-003266,002-486177,Luis Ramos,PagoServicio,14660.54,2026-04-14,22:50:52,Aprobada
TX-003267,002-693731,Rosa Herrera,Deposito,4955.93,2026-04-16,11:40:27,Aprobada
TX-003268,002-704223,Fernando Diaz,PagoServicio,8890.45,2026-03-24,03:30:32,Anulada
TX-003269,006-572760,Valeria Leon,PagoServicio,5372.71,2026-03-13,19:02:45,Aprobada
TX-003270,008-942455,Ana Torres,Retiro,282.22,2026-03-07,12:39:07,Observada
TX-003271,003-799047,Ana Torres,Transferencia,9345.01,2026-09-11,05:21:01,Observada
TX-003272,002-242559,Fernando Diaz,Transferencia,2253.57,2026-01-29,11:07:38,Rechazada
TX-003273,004-888421,Fernando Diaz,PagoServicio,13589.99,2026-08-29,21:39:15,Observada
TX-003274,008-657821,Diego Flores,PagoServicio,6095.69,2026-08-08,23:10:52,Anulada
TX-003275,008-326093,Luis Ramos,Retiro,6401.17,2026-12-13,21:11:36,Observada
TX-003276,004-183784,Rosa Herrera,Retiro,1986.46,2026-09-11,05:24:01,Observada
TX-003277,001-582745,Pedro Castillo,PagoServicio,9734.74,2026-06-13,06:00:26,Pendiente
TX-003278,004-981495,Camila Ruiz,Retiro,14111.16,2026-09-24,00:04:58,Anulada
TX-003279,005-312876,Luis Ramos,Transferencia,9453.18,2026-05-29,10:39:12,Pendiente
TX-003280,005-297526,Ana Torres,Deposito,2733.52,2026-02-18,10:11:15,Rechazada
TX-003281,001-266240,Luis Ramos,Transferencia,5286.07,2026-01-10,03:12:45,Pendiente
TX-003282,008-946781,Sofia Rojas,Deposito,14897.88,2026-08-07,15:54:59,Observada
TX-003283,005-603251,Ana Torres,Transferencia,27.85,2026-06-13,10:44:42,Anulada
TX-003284,008-514861,Lucia Vega,Deposito,8175.89,2026-10-24,03:09:27,Observada
TX-003285,008-520388,Lucia Vega,PagoServicio,8900.36,2026-12-25,14:18:47,Pendiente
TX-003286,002-540181,Miguel Castro,Retiro,5791.00,2026-05-15,23:28:55,Observada
TX-003287,001-369412,Miguel Castro,Deposito,505.06,2026-06-07,22:46:30,Rechazada
TX-003288,006-430023,Fernando Diaz,Retiro,7059.19,2026-01-15,14:47:02,Anulada
TX-003289,007-385631,Diego Flores,PagoServicio,9250.72,2026-06-30,08:33:01,Observada
TX-003290,002-215248,Elena Vargas,Deposito,2068.92,2026-09-28,06:40:53,Observada
TX-003291,004-436693,Carlos Perez,Transferencia,10423.88,2026-08-19,12:25:18,Observada
TX-003292,001-287953,Pedro Castillo,Deposito,1660.73,2026-07-25,10:47:18,Rechazada
TX-003293,008-533612,Camila Ruiz,Retiro,6404.23,2026-04-02,04:13:18,Aprobada
TX-003294,006-743911,Lucia Vega,Deposito,9179.74,2026-05-16,09:56:30,Pendiente
TX-003295,007-789395,Sofia Rojas,Retiro,4485.07,2026-05-09,07:37:18,Pendiente
TX-003296,005-881534,Carlos Perez,Deposito,10638.46,2026-11-02,01:59:33,Aprobada
TX-003297,005-741714,Luis Ramos,PagoServicio,8545.09,2026-08-23,08:50:49,Anulada
TX-003298,004-889558,Diego Flores,Retiro,12508.41,2026-11-30,02:34:30,Pendiente
TX-003299,005-706411,Jorge Medina,Deposito,3403.96,2026-12-09,02:44:47,Pendiente
TX-003300,007-376608,Ana Torres,Retiro,2200.10,2026-01-19,13:00:30,Anulada
TX-003301,006-624816,Sofia Rojas,Retiro,9085.53,2026-07-05,06:13:24,Rechazada
TX-003302,009-773757,Rosa Herrera,Deposito,1505.39,2026-03-03,05:48:30,Aprobada
TX-003303,001-897178,Diego Flores,PagoServicio,1945.04,2026-09-26,11:07:17,Rechazada
TX-003304,002-601992,Rosa Herrera,Transferencia,7189.16,2026-04-28,00:51:56,Anulada
TX-003305,006-302077,Lucia Vega,PagoServicio,5564.45,2026-07-03,13:06:56,Anulada
TX-003306,003-915525,Maria Soto,Transferencia,3674.06,2026-01-17,15:57:25,Pendiente
TX-003307,005-694212,Sofia Rojas,Deposito,5728.71,2026-01-25,21:20:46,Rechazada
TX-003308,004-694095,Ana Torres,Transferencia,2130.11,2026-10-14,08:06:12,Pendiente
TX-003309,002-242984,Rosa Herrera,Transferencia,3068.56,2026-12-02,10:57:40,Observada
TX-003310,006-512596,Miguel Castro,Deposito,7936.19,2026-08-20,00:55:19,Observada
TX-003311,004-446834,Diego Flores,Deposito,9423.79,2026-11-23,01:28:46,Observada
TX-003312,001-682355,Sofia Rojas,Transferencia,13841.24,2026-08-25,16:48:07,Rechazada
TX-003313,002-373774,Fernando Diaz,Deposito,8292.73,2026-03-15,11:01:47,Pendiente
TX-003314,006-515811,Sofia Rojas,Retiro,1278.78,2026-03-28,12:51:15,Anulada
TX-003315,009-489007,Ana Torres,Retiro,4456.38,2026-03-13,06:58:12,Rechazada
TX-003316,007-265225,Elena Vargas,Retiro,511.95,2026-04-07,13:41:19,Rechazada
TX-003317,005-579743,Lucia Vega,Retiro,3984.20,2026-03-22,17:52:58,Aprobada
TX-003318,001-415891,Carlos Perez,PagoServicio,10715.94,2026-06-11,10:28:01,Anulada
TX-003319,007-919389,Miguel Castro,Transferencia,499.72,2026-11-04,09:01:57,Pendiente
TX-003320,003-696724,Miguel Castro,Deposito,5727.62,2026-08-15,05:54:54,Aprobada
TX-003321,003-943807,Camila Ruiz,Transferencia,9703.03,2026-07-09,05:55:25,Observada
TX-003322,005-167540,Jorge Medina,Deposito,2832.97,2026-01-15,13:53:49,Pendiente
TX-003323,004-982347,Pedro Castillo,Transferencia,2335.93,2026-07-28,09:06:56,Pendiente
TX-003324,001-271305,Maria Soto,Deposito,6337.64,2026-05-12,09:33:41,Rechazada
TX-003325,008-888116,Pedro Castillo,Retiro,2992.57,2026-02-21,20:05:30,Anulada
TX-003326,003-753900,Rosa Herrera,Retiro,149.70,2026-01-07,07:23:01,Rechazada
TX-003327,006-520764,Diego Flores,Transferencia,3240.74,2026-12-07,21:49:34,Aprobada
TX-003328,004-123033,Carlos Perez,Retiro,3812.05,2026-07-01,22:14:00,Observada
TX-003329,002-869721,Fernando Diaz,Transferencia,10058.21,2026-06-16,03:09:50,Observada
TX-003330,006-955412,Ana Torres,PagoServicio,12839.98,2026-02-25,03:29:03,Observada
TX-003331,006-887379,Miguel Castro,Deposito,3744.36,2026-10-18,15:31:35,Aprobada
TX-003332,003-391497,Camila Ruiz,Deposito,3167.03,2026-01-31,09:16:02,Rechazada
TX-003333,004-870405,Diego Flores,Deposito,12242.81,2026-03-08,06:21:42,Rechazada
TX-003334,001-327315,Lucia Vega,Retiro,709.53,2026-07-29,18:52:39,Pendiente
TX-003335,008-171409,Rosa Herrera,Transferencia,1372.10,2026-10-06,17:26:33,Rechazada
TX-003336,003-794070,Rosa Herrera,Retiro,4397.18,2026-12-09,04:15:40,Pendiente
TX-003337,001-560688,Miguel Castro,PagoServicio,13745.21,2026-04-11,13:31:42,Anulada
TX-003338,008-865090,Rosa Herrera,Transferencia,12477.14,2026-07-04,23:19:01,Observada
TX-003339,006-964907,Lucia Vega,PagoServicio,1597.00,2026-11-02,12:12:00,Anulada
TX-003340,003-376519,Ana Torres,PagoServicio,5402.81,2026-07-30,08:18:05,Rechazada
TX-003341,009-562113,Maria Soto,PagoServicio,9437.55,2026-05-12,20:10:04,Anulada
TX-003342,002-288616,Maria Soto,Deposito,8985.97,2026-11-08,17:22:29,Anulada
TX-003343,006-503992,Sofia Rojas,Deposito,10692.05,2026-12-22,07:05:43,Anulada
TX-003344,003-359423,Jorge Medina,Retiro,9411.74,2026-06-25,07:04:07,Anulada
TX-003345,002-933019,Maria Soto,Transferencia,1958.56,2026-02-03,09:08:13,Aprobada
TX-003346,002-656705,Jorge Medina,Transferencia,3543.24,2026-05-15,15:03:52,Anulada
TX-003347,007-946559,Elena Vargas,Transferencia,10047.45,2026-12-12,23:22:26,Aprobada
TX-003348,008-996593,Ana Torres,PagoServicio,4377.31,2026-01-15,00:02:40,Rechazada
TX-003349,003-469645,Luis Ramos,Deposito,10419.73,2026-03-11,04:58:13,Anulada
TX-003350,006-870932,Elena Vargas,Transferencia,7414.94,2026-03-09,01:20:25,Rechazada
TX-003351,003-616140,Sofia Rojas,Deposito,3754.10,2026-08-05,12:48:05,Observada
TX-003352,003-271494,Ana Torres,Deposito,12858.75,2026-02-28,02:52:18,Rechazada
TX-003353,002-493929,Maria Soto,PagoServicio,10190.12,2026-09-24,01:35:14,Pendiente
TX-003354,007-991286,Carlos Perez,Retiro,11103.17,2026-01-01,14:03:10,Anulada
TX-003355,004-312186,Lucia Vega,Deposito,4537.61,2026-12-07,16:10:52,Aprobada
TX-003356,005-626598,Miguel Castro,PagoServicio,7633.53,2026-08-14,07:01:21,Pendiente
TX-003357,001-384124,Jorge Medina,Transferencia,12068.55,2026-01-05,00:13:49,Pendiente
TX-003358,007-903162,Valeria Leon,Deposito,1079.86,2026-10-25,12:27:51,Pendiente
TX-003359,004-926301,Camila Ruiz,PagoServicio,7457.56,2026-08-31,07:18:01,Rechazada
TX-003360,007-547887,Camila Ruiz,Retiro,2407.78,2026-12-07,20:16:25,Anulada
TX-003361,006-534230,Carlos Perez,Deposito,2782.95,2026-12-24,18:58:10,Observada
TX-003362,008-434397,Rosa Herrera,Retiro,2408.67,2026-05-20,07:15:30,Anulada
TX-003363,003-118388,Sofia Rojas,Transferencia,13288.48,2026-05-16,15:36:56,Anulada
TX-003364,002-248646,Rosa Herrera,Retiro,426.38,2026-05-24,06:15:41,Anulada
TX-003365,003-258239,Diego Flores,Deposito,1764.21,2026-05-06,06:39:59,Observada
TX-003366,004-144083,Maria Soto,Deposito,4743.91,2026-09-16,04:45:46,Anulada
TX-003367,007-343889,Sofia Rojas,Retiro,6954.45,2026-10-07,16:45:53,Rechazada
TX-003368,007-280733,Miguel Castro,Deposito,9964.56,2026-03-11,20:39:12,Aprobada
TX-003369,007-495295,Luis Ramos,Deposito,9952.05,2026-08-31,03:27:48,Anulada
TX-003370,001-777702,Camila Ruiz,Deposito,1465.47,2026-03-21,12:31:36,Aprobada
TX-003371,004-786504,Valeria Leon,Transferencia,663.70,2026-08-11,21:06:15,Anulada
TX-003372,004-838588,Miguel Castro,Retiro,972.84,2026-09-07,11:17:13,Aprobada
TX-003373,003-991817,Maria Soto,Transferencia,14246.85,2026-03-09,03:30:19,Aprobada
TX-003374,006-885575,Lucia Vega,Transferencia,10671.32,2026-07-29,01:33:56,Rechazada
TX-003375,007-669838,Sofia Rojas,PagoServicio,14871.59,2026-04-26,17:08:05,Aprobada
TX-003376,002-900667,Diego Flores,Transferencia,7967.27,2026-04-12,19:21:28,Anulada
TX-003377,009-161328,Sofia Rojas,Deposito,14832.44,2026-10-19,07:13:14,Rechazada
TX-003378,001-144648,Rosa Herrera,PagoServicio,2673.14,2026-12-27,10:13:36,Anulada
TX-003379,008-563726,Camila Ruiz,PagoServicio,3675.83,2026-05-02,19:41:39,Anulada
TX-003380,006-913630,Fernando Diaz,PagoServicio,9570.71,2026-04-20,10:16:37,Observada
TX-003381,005-912720,Fernando Diaz,Transferencia,8940.94,2026-10-09,06:13:26,Rechazada
TX-003382,004-410582,Camila Ruiz,Retiro,1685.78,2026-02-24,17:22:13,Observada
TX-003383,003-287743,Luis Ramos,Retiro,2753.50,2026-04-29,16:45:18,Aprobada
TX-003384,001-398133,Maria Soto,Deposito,7983.14,2026-11-06,01:44:41,Aprobada
TX-003385,005-868332,Jorge Medina,Transferencia,1359.81,2026-12-02,00:57:17,Anulada
TX-003386,008-260876,Miguel Castro,PagoServicio,8826.03,2026-08-19,17:03:14,Anulada
TX-003387,005-703316,Fernando Diaz,Transferencia,9778.80,2026-07-19,11:54:44,Rechazada
TX-003388,002-871076,Valeria Leon,Transferencia,864.63,2026-12-06,21:18:01,Observada
TX-003389,007-529728,Ana Torres,Retiro,10596.39,2026-01-25,05:29:52,Aprobada
TX-003390,006-306263,Fernando Diaz,Retiro,8093.23,2026-03-17,02:32:31,Anulada
TX-003391,007-297711,Miguel Castro,Transferencia,67.69,2026-09-03,08:52:48,Aprobada
TX-003392,006-948940,Maria Soto,Deposito,3671.63,2026-07-25,14:55:34,Rechazada
TX-003393,009-844262,Ana Torres,Deposito,8301.73,2026-03-04,20:26:49,Observada
TX-003394,003-792044,Rosa Herrera,Transferencia,904.02,2026-06-04,14:37:53,Anulada
TX-003395,007-271981,Miguel Castro,PagoServicio,11346.73,2026-12-29,13:25:55,Rechazada
TX-003396,004-285923,Miguel Castro,Retiro,13231.39,2026-07-14,19:15:58,Anulada
TX-003397,007-805875,Rosa Herrera,Retiro,3225.21,2026-07-07,19:57:54,Observada
TX-003398,002-630221,Pedro Castillo,Transferencia,13250.26,2026-07-30,14:53:29,Observada
TX-003399,003-516965,Jorge Medina,Transferencia,3725.00,2026-08-03,10:24:38,Pendiente
TX-003400,002-100860,Luis Ramos,Retiro,2334.24,2026-07-16,10:47:03,Rechazada
TX-003401,004-336568,Fernando Diaz,Retiro,1496.25,2026-07-29,22:25:26,Anulada
TX-003402,004-466296,Elena Vargas,Retiro,6921.69,2026-08-22,01:12:45,Aprobada
TX-003403,009-600035,Pedro Castillo,Transferencia,6096.85,2026-12-14,20:05:29,Observada
TX-003404,008-504375,Luis Ramos,Transferencia,6343.15,2026-09-02,08:05:59,Pendiente
TX-003405,003-106578,Camila Ruiz,Transferencia,12845.95,2026-11-12,19:44:50,Pendiente
TX-003406,004-907743,Luis Ramos,Retiro,7011.66,2026-06-22,15:55:21,Observada
TX-003407,002-583020,Elena Vargas,Transferencia,5291.63,2026-08-19,11:04:58,Observada
TX-003408,009-774498,Carlos Perez,Deposito,5255.65,2026-07-13,04:50:10,Rechazada
TX-003409,001-850980,Miguel Castro,Retiro,10525.41,2026-05-27,08:41:11,Pendiente
TX-003410,007-659799,Sofia Rojas,Retiro,9178.42,2026-05-18,10:36:16,Anulada
TX-003411,002-245087,Pedro Castillo,PagoServicio,3070.06,2026-08-28,12:27:29,Anulada
TX-003412,003-460110,Pedro Castillo,Retiro,9039.14,2026-09-18,15:41:15,Observada
TX-003413,001-901108,Jorge Medina,Deposito,13300.05,2026-08-13,23:45:41,Anulada
TX-003414,001-566670,Lucia Vega,PagoServicio,2149.36,2026-08-28,18:02:58,Observada
TX-003415,007-718938,Lucia Vega,Transferencia,11469.40,2026-08-11,22:56:48,Anulada
TX-003416,007-607962,Ana Torres,Transferencia,8303.15,2026-08-20,04:29:44,Observada
TX-003417,005-819324,Camila Ruiz,PagoServicio,3831.10,2026-05-17,16:20:58,Anulada
TX-003418,005-525331,Lucia Vega,Transferencia,14304.59,2026-03-17,03:56:06,Anulada
TX-003419,009-988122,Lucia Vega,Transferencia,6170.19,2026-04-05,04:33:39,Pendiente
TX-003420,008-644197,Camila Ruiz,Deposito,3101.81,2026-10-12,16:45:53,Anulada
TX-003421,009-947697,Valeria Leon,Transferencia,14958.65,2026-04-24,18:39:11,Anulada
TX-003422,009-129312,Lucia Vega,Deposito,4747.40,2026-11-04,17:05:58,Anulada
TX-003423,003-795081,Camila Ruiz,PagoServicio,13138.82,2026-05-07,20:45:26,Rechazada
TX-003424,002-976288,Elena Vargas,Transferencia,2468.76,2026-02-24,04:36:58,Observada
TX-003425,001-515978,Sofia Rojas,Deposito,8297.63,2026-12-17,04:44:58,Aprobada
TX-003426,001-980664,Valeria Leon,Retiro,4065.69,2026-11-20,17:22:40,Pendiente
TX-003427,006-645347,Luis Ramos,Retiro,18.17,2026-12-07,16:39:15,Anulada
TX-003428,009-299181,Miguel Castro,Transferencia,4954.90,2026-04-29,11:56:10,Anulada
TX-003429,009-348471,Diego Flores,PagoServicio,3936.05,2026-11-28,21:32:47,Aprobada
TX-003430,009-464519,Sofia Rojas,Retiro,228.39,2026-12-26,09:51:34,Observada
TX-003431,006-113343,Ana Torres,Transferencia,3200.68,2026-09-21,22:51:46,Pendiente
TX-003432,007-896678,Camila Ruiz,PagoServicio,1536.32,2026-12-12,02:23:40,Anulada
TX-003433,006-776383,Carlos Perez,Transferencia,13668.30,2026-05-19,19:32:55,Observada
TX-003434,005-201807,Valeria Leon,Deposito,11511.14,2026-03-16,09:40:21,Observada
TX-003435,009-797267,Miguel Castro,Deposito,6485.58,2026-08-10,03:57:32,Aprobada
TX-003436,009-898144,Jorge Medina,Transferencia,9807.88,2026-07-26,03:35:46,Observada
TX-003437,003-534577,Elena Vargas,Transferencia,478.14,2026-09-03,01:33:51,Rechazada
TX-003438,007-490449,Elena Vargas,Transferencia,723.61,2026-04-16,09:28:33,Pendiente
TX-003439,005-364309,Maria Soto,Transferencia,5906.99,2026-04-17,12:16:36,Pendiente
TX-003440,007-685761,Elena Vargas,PagoServicio,12279.32,2026-05-26,08:01:55,Rechazada
TX-003441,005-140495,Sofia Rojas,Retiro,11813.09,2026-02-18,22:50:02,Aprobada
TX-003442,006-460912,Diego Flores,PagoServicio,13084.92,2026-02-23,04:15:08,Pendiente
TX-003443,007-905430,Maria Soto,Retiro,14084.72,2026-03-12,05:10:42,Aprobada
TX-003444,001-447902,Carlos Perez,Retiro,13978.73,2026-09-09,11:17:21,Pendiente
TX-003445,008-931655,Ana Torres,Deposito,7488.57,2026-07-06,13:39:19,Observada
TX-003446,005-667472,Lucia Vega,Deposito,5591.76,2026-03-28,12:59:40,Anulada
TX-003447,007-442105,Maria Soto,Transferencia,12723.07,2026-11-14,14:16:22,Rechazada
TX-003448,009-336164,Pedro Castillo,Transferencia,7341.59,2026-02-01,18:45:49,Rechazada
TX-003449,005-449193,Fernando Diaz,Deposito,3280.24,2026-03-06,13:19:16,Anulada
TX-003450,001-103485,Fernando Diaz,Retiro,5921.85,2026-09-13,16:50:41,Rechazada
TX-003451,002-171292,Elena Vargas,PagoServicio,3560.06,2026-10-30,10:57:03,Rechazada
TX-003452,008-618681,Maria Soto,PagoServicio,11588.29,2026-07-28,04:33:01,Anulada
TX-003453,004-747480,Pedro Castillo,Deposito,10688.36,2026-05-05,18:04:13,Anulada
TX-003454,006-279274,Maria Soto,Deposito,2562.96,2026-11-23,21:11:43,Pendiente
TX-003455,003-847427,Miguel Castro,Deposito,1530.03,2026-02-14,21:59:36,Anulada
TX-003456,006-613019,Pedro Castillo,Transferencia,6734.91,2026-01-22,06:12:20,Pendiente
TX-003457,001-654794,Miguel Castro,Transferencia,5455.46,2026-08-21,17:45:12,Aprobada
TX-003458,005-570010,Jorge Medina,Deposito,4045.98,2026-03-31,10:44:52,Pendiente
TX-003459,004-473945,Rosa Herrera,Retiro,4470.47,2026-12-06,08:49:33,Anulada
TX-003460,005-217582,Miguel Castro,PagoServicio,1795.05,2026-08-14,11:24:24,Pendiente
TX-003461,008-309126,Lucia Vega,Deposito,12712.61,2026-08-23,04:41:22,Rechazada
TX-003462,001-449563,Carlos Perez,PagoServicio,7663.07,2026-01-12,18:16:41,Rechazada
TX-003463,004-230874,Valeria Leon,Retiro,6325.07,2026-12-06,08:50:37,Aprobada
TX-003464,004-351286,Miguel Castro,Retiro,6412.59,2026-01-15,12:54:55,Anulada
TX-003465,008-630608,Valeria Leon,Retiro,12183.16,2026-08-05,05:54:17,Aprobada
TX-003466,006-932992,Maria Soto,PagoServicio,8154.14,2026-03-18,05:38:30,Aprobada
TX-003467,005-967392,Valeria Leon,PagoServicio,2767.48,2026-09-23,17:52:11,Aprobada
TX-003468,006-290357,Luis Ramos,PagoServicio,10375.73,2026-06-08,16:22:09,Pendiente
TX-003469,004-443343,Fernando Diaz,Retiro,7244.64,2026-11-09,22:23:09,Anulada
TX-003470,001-206458,Valeria Leon,Transferencia,5350.04,2026-09-24,05:52:25,Observada
TX-003471,004-406747,Lucia Vega,PagoServicio,7453.49,2026-10-13,12:45:11,Observada
TX-003472,008-878365,Sofia Rojas,Retiro,8891.42,2026-06-04,08:52:47,Anulada
TX-003473,002-425469,Carlos Perez,Retiro,12206.35,2026-02-23,00:45:15,Anulada
TX-003474,005-494338,Camila Ruiz,PagoServicio,3937.28,2026-12-18,20:51:36,Pendiente
TX-003475,001-739202,Diego Flores,Transferencia,10345.51,2026-02-13,13:27:30,Aprobada
TX-003476,009-724508,Valeria Leon,Deposito,7200.56,2026-08-13,06:07:32,Aprobada
TX-003477,009-345317,Miguel Castro,Deposito,2464.25,2026-10-01,12:17:18,Aprobada
TX-003478,009-723327,Sofia Rojas,Deposito,13569.99,2026-03-08,02:23:24,Pendiente
TX-003479,007-390387,Fernando Diaz,Deposito,9292.61,2026-12-31,17:38:03,Anulada
TX-003480,008-711150,Pedro Castillo,PagoServicio,2568.74,2026-12-20,17:37:53,Pendiente
TX-003481,008-444555,Camila Ruiz,Deposito,11315.96,2026-02-19,02:18:17,Anulada
TX-003482,002-983516,Diego Flores,Transferencia,2695.46,2026-01-28,18:01:42,Observada
TX-003483,008-866643,Valeria Leon,Transferencia,12301.83,2026-04-27,05:06:59,Anulada
TX-003484,009-296640,Camila Ruiz,PagoServicio,13481.72,2026-06-29,11:17:24,Aprobada
TX-003485,006-887074,Diego Flores,Deposito,13739.40,2026-04-13,00:28:05,Pendiente
TX-003486,002-928278,Lucia Vega,Retiro,6387.56,2026-10-23,08:50:04,Rechazada
TX-003487,009-510222,Valeria Leon,Transferencia,1254.17,2026-10-09,23:55:25,Rechazada
TX-003488,001-320117,Valeria Leon,Deposito,11282.26,2026-11-26,16:31:11,Anulada
TX-003489,002-913024,Luis Ramos,Retiro,9150.22,2026-07-10,22:49:40,Anulada
TX-003490,002-388465,Elena Vargas,Deposito,8650.80,2026-12-11,16:10:25,Aprobada
TX-003491,003-973877,Luis Ramos,PagoServicio,7025.47,2026-01-19,06:00:59,Pendiente
TX-003492,006-254986,Valeria Leon,PagoServicio,13869.93,2026-08-16,06:28:11,Rechazada
TX-003493,004-963096,Rosa Herrera,Deposito,1350.56,2026-11-18,23:23:20,Pendiente
TX-003494,009-664617,Rosa Herrera,Transferencia,11320.62,2026-06-30,11:07:34,Aprobada
TX-003495,006-304638,Maria Soto,PagoServicio,309.43,2026-10-17,02:26:02,Aprobada
TX-003496,002-703637,Carlos Perez,Transferencia,166.42,2026-11-30,01:52:05,Anulada
TX-003497,003-994258,Diego Flores,PagoServicio,4617.53,2026-09-09,00:07:23,Pendiente
TX-003498,006-227153,Carlos Perez,PagoServicio,643.52,2026-01-23,22:34:47,Anulada
TX-003499,006-966492,Valeria Leon,Transferencia,12835.22,2026-10-06,12:35:29,Aprobada
TX-003500,001-397173,Pedro Castillo,Transferencia,13191.00,2026-04-27,06:01:18,Rechazada
TX-003501,008-316619,Sofia Rojas,Transferencia,13587.60,2026-12-29,05:04:43,Anulada
TX-003502,008-315630,Sofia Rojas,PagoServicio,2106.51,2026-06-20,19:53:34,Aprobada
TX-003503,004-823734,Pedro Castillo,PagoServicio,8529.57,2026-03-23,03:53:19,Pendiente
TX-003504,004-937266,Diego Flores,Transferencia,10567.67,2026-09-01,08:37:38,Pendiente
TX-003505,009-437386,Miguel Castro,PagoServicio,1364.31,2026-09-03,18:46:03,Pendiente
TX-003506,008-797994,Carlos Perez,Transferencia,9763.42,2026-12-01,06:59:48,Observada
TX-003507,007-351038,Diego Flores,PagoServicio,8525.82,2026-05-19,16:07:05,Pendiente
TX-003508,002-206180,Sofia Rojas,Deposito,3699.03,2026-09-21,15:16:20,Anulada
TX-003509,001-792085,Maria Soto,Retiro,7078.34,2026-03-12,13:40:01,Observada
TX-003510,001-996805,Maria Soto,PagoServicio,14951.56,2026-09-10,11:54:06,Observada
TX-003511,007-104913,Pedro Castillo,Retiro,4431.83,2026-07-22,10:18:32,Aprobada
TX-003512,007-946450,Lucia Vega,Deposito,1039.63,2026-10-01,17:10:08,Observada
TX-003513,002-136660,Elena Vargas,Transferencia,9355.54,2026-09-28,12:28:58,Observada
TX-003514,006-765432,Elena Vargas,Retiro,5028.08,2026-12-05,17:25:20,Pendiente
TX-003515,007-968467,Lucia Vega,Transferencia,14629.94,2026-02-18,07:51:44,Aprobada
TX-003516,004-801789,Valeria Leon,Transferencia,2039.18,2026-03-25,02:33:40,Aprobada
TX-003517,005-249642,Jorge Medina,PagoServicio,3135.87,2026-02-22,03:57:41,Anulada
TX-003518,002-376087,Camila Ruiz,Deposito,10149.72,2026-06-26,00:56:49,Aprobada
TX-003519,009-891651,Diego Flores,Retiro,8883.75,2026-11-05,10:55:04,Rechazada
TX-003520,001-703292,Sofia Rojas,Transferencia,6281.65,2026-06-06,04:08:28,Pendiente
TX-003521,001-697339,Maria Soto,Retiro,7589.79,2026-10-24,12:37:41,Pendiente
TX-003522,009-576414,Rosa Herrera,Deposito,13068.82,2026-10-20,23:30:23,Pendiente
TX-003523,002-997244,Fernando Diaz,Retiro,12469.06,2026-10-25,20:12:19,Pendiente
TX-003524,009-884981,Elena Vargas,PagoServicio,2045.41,2026-07-10,16:04:43,Aprobada
TX-003525,008-378797,Elena Vargas,Retiro,328.88,2026-06-14,23:35:34,Anulada
TX-003526,009-225638,Rosa Herrera,Transferencia,11365.81,2026-11-22,21:23:10,Pendiente
TX-003527,001-312960,Lucia Vega,Retiro,8863.81,2026-10-23,03:46:32,Anulada
TX-003528,002-631897,Jorge Medina,Retiro,8230.17,2026-06-22,02:48:23,Pendiente
TX-003529,009-333250,Fernando Diaz,Retiro,3224.59,2026-04-21,06:44:33,Observada
TX-003530,008-114600,Miguel Castro,Deposito,1423.45,2026-10-06,15:12:47,Aprobada
TX-003531,001-752936,Elena Vargas,Transferencia,14131.77,2026-05-16,13:54:34,Rechazada
TX-003532,009-966023,Camila Ruiz,PagoServicio,14540.18,2026-03-14,08:20:45,Anulada
TX-003533,003-515129,Maria Soto,Deposito,3974.97,2026-03-06,19:14:10,Aprobada
TX-003534,005-171114,Camila Ruiz,Retiro,12936.72,2026-04-01,08:23:49,Aprobada
TX-003535,001-859338,Camila Ruiz,Deposito,6758.65,2026-02-22,00:30:33,Aprobada
TX-003536,005-894780,Lucia Vega,Transferencia,305.01,2026-10-02,16:17:27,Observada
TX-003537,005-204548,Diego Flores,Retiro,2401.82,2026-05-25,04:07:39,Rechazada
TX-003538,009-774492,Luis Ramos,Transferencia,9324.55,2026-10-05,12:26:00,Anulada
TX-003539,005-203589,Camila Ruiz,Retiro,2171.53,2026-04-18,14:16:23,Anulada
TX-003540,008-129529,Diego Flores,PagoServicio,2273.84,2026-06-01,08:57:44,Pendiente
TX-003541,007-314628,Maria Soto,Retiro,5604.18,2026-07-12,15:08:17,Pendiente
TX-003542,003-294534,Lucia Vega,Transferencia,3982.57,2026-12-12,16:05:24,Rechazada
TX-003543,003-539579,Luis Ramos,Transferencia,8008.21,2026-08-30,12:07:37,Aprobada
TX-003544,001-301765,Lucia Vega,PagoServicio,7892.35,2026-02-08,12:46:02,Observada
TX-003545,004-152701,Jorge Medina,Transferencia,2248.15,2026-06-05,02:16:13,Observada
TX-003546,003-158815,Elena Vargas,Retiro,11687.75,2026-01-13,08:22:28,Anulada
TX-003547,006-917294,Rosa Herrera,Retiro,5869.95,2026-11-08,16:39:32,Observada
TX-003548,003-173482,Diego Flores,Deposito,2956.94,2026-07-31,03:39:50,Anulada
TX-003549,001-110461,Pedro Castillo,PagoServicio,7142.18,2026-05-02,13:15:50,Aprobada
TX-003550,001-200432,Jorge Medina,Retiro,2057.06,2026-11-06,21:21:08,Anulada
TX-003551,001-127259,Rosa Herrera,PagoServicio,3250.66,2026-06-29,05:17:50,Aprobada
TX-003552,004-889195,Rosa Herrera,Transferencia,9818.68,2026-03-08,16:02:07,Rechazada
TX-003553,002-214459,Carlos Perez,PagoServicio,8499.91,2026-10-16,15:32:23,Anulada
TX-003554,008-179241,Camila Ruiz,PagoServicio,7439.26,2026-03-14,02:16:13,Aprobada
TX-003555,001-943332,Miguel Castro,Deposito,4750.04,2026-12-25,02:07:21,Pendiente
TX-003556,007-930836,Luis Ramos,PagoServicio,1673.28,2026-03-06,22:15:59,Anulada
TX-003557,002-596984,Miguel Castro,Transferencia,6827.27,2026-04-29,23:47:31,Rechazada
TX-003558,007-156406,Maria Soto,Retiro,11396.05,2026-04-24,20:13:23,Rechazada
TX-003559,003-478059,Maria Soto,Transferencia,9722.71,2026-01-06,23:30:29,Rechazada
TX-003560,006-289880,Carlos Perez,Deposito,11332.38,2026-02-25,02:45:13,Aprobada
TX-003561,005-419911,Fernando Diaz,PagoServicio,11969.57,2026-07-04,06:17:27,Rechazada
TX-003562,007-746996,Ana Torres,Retiro,10119.30,2026-06-13,08:53:37,Pendiente
TX-003563,006-198957,Carlos Perez,Retiro,7060.17,2026-01-31,15:25:38,Observada
TX-003564,005-855184,Valeria Leon,Transferencia,14557.96,2026-09-20,23:16:59,Rechazada
TX-003565,005-461702,Miguel Castro,Deposito,8769.35,2026-05-17,05:16:44,Aprobada
TX-003566,007-138855,Maria Soto,Transferencia,1603.45,2026-09-17,04:45:25,Aprobada
TX-003567,006-663110,Diego Flores,Transferencia,2569.24,2026-06-16,22:39:04,Anulada
TX-003568,007-894241,Fernando Diaz,Deposito,10990.28,2026-11-08,14:17:33,Anulada
TX-003569,007-367700,Jorge Medina,PagoServicio,11869.54,2026-12-19,17:58:41,Anulada
TX-003570,007-233066,Carlos Perez,PagoServicio,5696.74,2026-01-23,19:56:18,Aprobada
TX-003571,009-651046,Lucia Vega,Deposito,6848.24,2026-01-10,04:17:59,Anulada
TX-003572,004-559613,Miguel Castro,Transferencia,14651.04,2026-02-12,12:56:40,Anulada
TX-003573,001-614531,Lucia Vega,Retiro,1295.45,2026-04-27,19:25:52,Aprobada
TX-003574,001-523272,Diego Flores,Retiro,5901.64,2026-10-11,15:28:10,Rechazada
TX-003575,004-923575,Pedro Castillo,Retiro,4186.25,2026-04-15,11:24:22,Anulada
TX-003576,007-383554,Jorge Medina,Transferencia,7567.50,2026-02-15,13:01:13,Rechazada
TX-003577,009-530145,Pedro Castillo,Deposito,6481.08,2026-02-27,11:46:43,Aprobada
TX-003578,003-169120,Maria Soto,Retiro,11154.77,2026-07-10,22:40:39,Rechazada
TX-003579,001-476731,Elena Vargas,Deposito,32.34,2026-03-22,19:58:49,Rechazada
TX-003580,001-163920,Ana Torres,Transferencia,8232.67,2026-05-27,08:59:38,Rechazada
TX-003581,005-879906,Fernando Diaz,PagoServicio,6807.02,2026-08-19,14:05:32,Aprobada
TX-003582,001-103521,Valeria Leon,Transferencia,1828.56,2026-02-16,06:11:40,Observada
TX-003583,001-124266,Diego Flores,Transferencia,5773.40,2026-10-20,10:10:32,Rechazada
TX-003584,004-245609,Camila Ruiz,PagoServicio,3031.11,2026-06-27,09:11:03,Anulada
TX-003585,009-910899,Diego Flores,PagoServicio,11102.79,2026-08-28,22:05:20,Aprobada
TX-003586,007-109339,Valeria Leon,Deposito,4510.02,2026-11-24,06:01:21,Aprobada
TX-003587,009-545914,Jorge Medina,Deposito,5833.73,2026-01-16,18:42:12,Aprobada
TX-003588,001-725711,Miguel Castro,Deposito,10267.61,2026-04-07,17:13:55,Observada
TX-003589,002-201482,Fernando Diaz,Retiro,14296.85,2026-02-02,00:47:14,Aprobada
TX-003590,009-189299,Pedro Castillo,Transferencia,9935.67,2026-08-04,15:44:00,Pendiente
TX-003591,005-445742,Valeria Leon,Retiro,11390.85,2026-11-09,13:48:01,Pendiente
TX-003592,003-119053,Carlos Perez,Deposito,12075.75,2026-09-16,03:44:21,Aprobada
TX-003593,002-480652,Carlos Perez,Deposito,11441.96,2026-04-18,20:40:09,Observada
TX-003594,007-131427,Jorge Medina,Deposito,5632.18,2026-08-12,05:05:48,Anulada
TX-003595,005-397149,Diego Flores,Deposito,12949.82,2026-06-17,17:59:43,Observada
TX-003596,003-850899,Ana Torres,Transferencia,887.82,2026-02-23,13:46:12,Pendiente
TX-003597,001-949465,Maria Soto,Transferencia,10333.89,2026-03-01,02:40:37,Rechazada
TX-003598,004-638274,Jorge Medina,Deposito,14522.51,2026-02-27,23:30:01,Observada
TX-003599,003-135316,Valeria Leon,Deposito,7516.95,2026-01-28,04:42:22,Observada
TX-003600,005-822287,Pedro Castillo,Retiro,7018.86,2026-11-03,16:14:42,Pendiente
TX-003601,004-531579,Lucia Vega,Retiro,14266.01,2026-03-28,07:41:56,Pendiente
TX-003602,008-118241,Ana Torres,Deposito,1316.98,2026-08-29,16:32:05,Aprobada
TX-003603,009-246265,Valeria Leon,Deposito,1616.67,2026-02-15,03:01:09,Observada
TX-003604,002-758864,Maria Soto,Deposito,5195.81,2026-01-07,22:49:48,Pendiente
TX-003605,007-219980,Elena Vargas,Transferencia,921.88,2026-08-22,15:27:31,Rechazada
TX-003606,004-158071,Lucia Vega,PagoServicio,6131.89,2026-01-21,21:17:08,Aprobada
TX-003607,003-688835,Carlos Perez,Retiro,6879.64,2026-01-12,12:07:20,Aprobada
TX-003608,003-310243,Elena Vargas,Retiro,8521.30,2026-12-26,07:46:15,Observada
TX-003609,002-467890,Luis Ramos,Retiro,450.18,2026-12-18,06:04:46,Pendiente
TX-003610,009-850078,Pedro Castillo,Transferencia,7471.40,2026-06-16,18:08:30,Observada
TX-003611,006-335288,Miguel Castro,Deposito,4687.73,2026-10-09,17:16:29,Aprobada
TX-003612,005-786913,Maria Soto,Retiro,14677.26,2026-06-12,17:00:29,Rechazada
TX-003613,005-501415,Miguel Castro,Transferencia,1614.99,2026-02-04,05:16:07,Pendiente
TX-003614,004-107176,Pedro Castillo,PagoServicio,10790.49,2026-11-07,03:01:17,Rechazada
TX-003615,005-615708,Miguel Castro,Retiro,3899.50,2026-05-16,19:38:54,Anulada
TX-003616,007-187109,Jorge Medina,PagoServicio,8026.02,2026-03-05,08:57:55,Pendiente
TX-003617,002-885858,Camila Ruiz,Retiro,12392.49,2026-09-17,11:52:30,Rechazada
TX-003618,007-575071,Ana Torres,PagoServicio,12711.09,2026-10-01,05:57:22,Observada
TX-003619,006-832734,Rosa Herrera,PagoServicio,14291.03,2026-11-29,09:48:21,Rechazada
TX-003620,005-180308,Elena Vargas,PagoServicio,13259.27,2026-06-08,18:00:37,Anulada
TX-003621,008-635441,Miguel Castro,Deposito,11853.70,2026-04-24,23:10:08,Observada
TX-003622,008-970181,Luis Ramos,Retiro,8676.93,2026-09-06,04:57:18,Rechazada
TX-003623,006-115775,Ana Torres,PagoServicio,14624.76,2026-02-12,06:35:03,Anulada
TX-003624,005-624915,Diego Flores,PagoServicio,14901.39,2026-02-26,12:51:07,Rechazada
TX-003625,004-428421,Miguel Castro,Deposito,12177.31,2026-04-30,11:02:07,Aprobada
TX-003626,005-861327,Sofia Rojas,PagoServicio,8219.78,2026-02-12,21:35:18,Rechazada
TX-003627,002-452613,Rosa Herrera,PagoServicio,12653.71,2026-08-23,19:17:31,Pendiente
TX-003628,003-474254,Lucia Vega,Retiro,267.71,2026-06-05,05:11:20,Pendiente
TX-003629,005-774043,Miguel Castro,Transferencia,11498.56,2026-02-09,06:05:25,Anulada
TX-003630,008-911713,Carlos Perez,Transferencia,7972.63,2026-06-30,01:03:31,Rechazada
TX-003631,001-998812,Camila Ruiz,PagoServicio,3510.19,2026-03-29,12:23:20,Pendiente
TX-003632,005-624752,Miguel Castro,Retiro,10862.99,2026-07-25,03:30:28,Anulada
TX-003633,005-715185,Rosa Herrera,PagoServicio,8057.24,2026-06-07,08:17:18,Observada
TX-003634,005-911735,Ana Torres,Deposito,12702.67,2026-11-14,02:52:42,Aprobada
TX-003635,001-290573,Luis Ramos,Retiro,12229.51,2026-05-25,02:37:21,Pendiente
TX-003636,004-788402,Fernando Diaz,Deposito,1243.10,2026-10-10,00:44:36,Rechazada
TX-003637,004-130731,Luis Ramos,PagoServicio,773.86,2026-08-26,09:44:10,Anulada
TX-003638,007-104394,Miguel Castro,Retiro,7455.10,2026-02-09,00:32:33,Anulada
TX-003639,007-155439,Ana Torres,Retiro,2455.70,2026-09-29,09:54:57,Rechazada
TX-003640,002-723561,Jorge Medina,Transferencia,1211.93,2026-11-10,15:15:47,Pendiente
TX-003641,001-113847,Carlos Perez,Deposito,13785.56,2026-07-04,09:51:56,Aprobada
TX-003642,004-212132,Rosa Herrera,PagoServicio,11215.60,2026-08-18,00:20:47,Observada
TX-003643,009-535097,Ana Torres,Transferencia,13270.55,2026-10-22,05:59:59,Observada
TX-003644,003-897504,Pedro Castillo,Transferencia,10829.16,2026-04-11,08:11:15,Aprobada
TX-003645,005-986467,Camila Ruiz,PagoServicio,12323.92,2026-05-08,15:18:10,Pendiente
TX-003646,001-759225,Luis Ramos,Transferencia,3098.44,2026-06-19,22:15:25,Pendiente
TX-003647,004-454101,Valeria Leon,Retiro,10595.47,2026-01-09,18:57:44,Observada
TX-003648,003-685222,Valeria Leon,PagoServicio,7843.57,2026-01-02,08:16:42,Observada
TX-003649,003-917249,Jorge Medina,Transferencia,10728.73,2026-07-01,17:35:38,Aprobada
TX-003650,007-210922,Sofia Rojas,Transferencia,8292.35,2026-07-18,20:03:09,Aprobada
TX-003651,008-975340,Maria Soto,Retiro,13407.42,2026-09-20,20:39:46,Anulada
TX-003652,007-363522,Jorge Medina,PagoServicio,11625.66,2026-07-27,22:58:40,Rechazada
TX-003653,008-455307,Miguel Castro,Retiro,614.37,2026-12-08,02:24:41,Observada
TX-003654,009-211193,Elena Vargas,Transferencia,2739.10,2026-04-22,09:07:55,Anulada
TX-003655,001-806463,Fernando Diaz,Deposito,11767.83,2026-06-30,18:58:49,Anulada
TX-003656,001-115446,Maria Soto,Deposito,10040.25,2026-04-24,20:27:04,Rechazada
TX-003657,003-323647,Elena Vargas,PagoServicio,14460.49,2026-03-05,00:27:32,Aprobada
TX-003658,007-713501,Ana Torres,PagoServicio,9040.95,2026-10-24,11:34:29,Observada
TX-003659,009-469530,Miguel Castro,PagoServicio,3901.13,2026-09-16,19:07:42,Observada
TX-003660,001-507826,Rosa Herrera,PagoServicio,10236.78,2026-05-19,10:53:20,Aprobada
TX-003661,007-749848,Fernando Diaz,Transferencia,3696.16,2026-11-26,23:49:10,Pendiente
TX-003662,003-193787,Pedro Castillo,Transferencia,11039.64,2026-11-22,17:31:34,Observada
TX-003663,005-963451,Maria Soto,PagoServicio,1099.77,2026-07-06,13:07:07,Aprobada
TX-003664,004-307224,Pedro Castillo,Transferencia,14688.58,2026-11-12,21:09:32,Anulada
TX-003665,005-919745,Maria Soto,Deposito,12729.53,2026-09-30,22:43:20,Aprobada
TX-003666,009-332921,Diego Flores,Retiro,4335.49,2026-11-29,03:46:56,Pendiente
TX-003667,009-169162,Carlos Perez,Transferencia,163.18,2026-12-21,12:36:32,Aprobada
TX-003668,007-729865,Rosa Herrera,Transferencia,12212.57,2026-05-03,20:59:41,Rechazada
TX-003669,001-254518,Luis Ramos,Deposito,13674.76,2026-05-27,10:25:33,Observada
TX-003670,006-900745,Rosa Herrera,PagoServicio,10477.31,2026-06-07,00:09:41,Rechazada
TX-003671,004-800183,Miguel Castro,Deposito,3497.76,2026-08-02,13:54:40,Aprobada
TX-003672,002-103292,Pedro Castillo,Transferencia,12304.58,2026-12-08,22:31:24,Pendiente
TX-003673,008-541042,Lucia Vega,Retiro,7363.85,2026-11-15,13:24:15,Anulada
TX-003674,007-997080,Luis Ramos,Deposito,7092.16,2026-08-03,07:14:15,Pendiente
TX-003675,006-880622,Rosa Herrera,Transferencia,2060.87,2026-10-27,04:54:47,Aprobada
TX-003676,008-616611,Pedro Castillo,Transferencia,2018.46,2026-08-19,00:24:22,Pendiente
TX-003677,008-631302,Luis Ramos,Deposito,5440.59,2026-03-02,02:30:34,Observada
TX-003678,001-899462,Camila Ruiz,PagoServicio,2420.03,2026-10-13,04:39:24,Observada
TX-003679,001-260965,Lucia Vega,Deposito,6532.62,2026-10-14,16:01:02,Pendiente
TX-003680,005-543391,Rosa Herrera,PagoServicio,7033.77,2026-01-15,05:52:05,Pendiente
TX-003681,002-562991,Luis Ramos,Transferencia,6915.78,2026-01-24,17:55:23,Anulada
TX-003682,008-228453,Pedro Castillo,PagoServicio,12084.58,2026-10-21,02:18:06,Observada
TX-003683,009-772365,Rosa Herrera,Retiro,7222.51,2026-10-08,15:40:49,Aprobada
TX-003684,004-202448,Jorge Medina,Deposito,4610.37,2026-03-30,15:38:20,Anulada
TX-003685,001-914027,Maria Soto,PagoServicio,4454.64,2026-01-29,07:26:22,Pendiente
TX-003686,009-987804,Pedro Castillo,PagoServicio,10079.07,2026-05-29,20:49:33,Aprobada
TX-003687,003-689952,Maria Soto,Deposito,3900.81,2026-10-19,22:43:55,Observada
TX-003688,009-522394,Maria Soto,PagoServicio,2797.19,2026-07-20,11:16:50,Pendiente
TX-003689,001-570490,Sofia Rojas,PagoServicio,3767.57,2026-01-04,23:52:07,Observada
TX-003690,007-816379,Carlos Perez,Retiro,7178.74,2026-01-27,06:03:25,Rechazada
TX-003691,006-318361,Fernando Diaz,PagoServicio,7143.56,2026-09-26,14:26:43,Rechazada
TX-003692,006-733069,Maria Soto,Retiro,13397.82,2026-06-17,11:25:25,Anulada
TX-003693,008-736885,Ana Torres,PagoServicio,13439.85,2026-09-27,13:19:08,Aprobada
TX-003694,005-642126,Elena Vargas,PagoServicio,8873.91,2026-04-01,18:45:48,Rechazada
TX-003695,001-827629,Pedro Castillo,Deposito,11663.54,2026-04-11,20:39:22,Aprobada
TX-003696,006-926494,Ana Torres,Retiro,7119.24,2026-08-13,08:39:07,Observada
TX-003697,002-443274,Diego Flores,PagoServicio,6441.67,2026-04-10,22:53:03,Aprobada
TX-003698,006-301171,Camila Ruiz,Deposito,6178.29,2026-01-23,10:29:00,Observada
TX-003699,009-724299,Elena Vargas,PagoServicio,7502.17,2026-05-12,15:43:03,Pendiente
TX-003700,005-266498,Sofia Rojas,Transferencia,8804.58,2026-12-02,00:31:39,Aprobada
TX-003701,004-971548,Rosa Herrera,Deposito,2215.97,2026-03-12,06:22:05,Observada
TX-003702,004-521990,Fernando Diaz,Retiro,6837.07,2026-03-22,02:18:54,Rechazada
TX-003703,001-840469,Maria Soto,Retiro,14155.96,2026-02-27,04:14:12,Observada
TX-003704,002-211586,Rosa Herrera,Transferencia,12540.39,2026-11-19,09:23:37,Pendiente
TX-003705,008-546616,Diego Flores,Transferencia,14530.99,2026-02-11,09:39:29,Observada
TX-003706,003-159985,Rosa Herrera,Deposito,2372.64,2026-12-09,22:32:15,Anulada
TX-003707,006-219558,Lucia Vega,Deposito,12558.87,2026-06-06,22:56:07,Anulada
TX-003708,009-343992,Ana Torres,Deposito,2644.06,2026-02-10,05:17:56,Observada
TX-003709,001-317401,Diego Flores,Retiro,2815.83,2026-12-15,22:31:20,Rechazada
TX-003710,007-696261,Rosa Herrera,Transferencia,1443.87,2026-12-12,19:54:26,Pendiente
TX-003711,003-811572,Sofia Rojas,Deposito,7436.88,2026-01-31,01:43:12,Aprobada
TX-003712,007-672907,Ana Torres,Transferencia,6764.15,2026-12-10,03:10:18,Aprobada
TX-003713,004-945386,Luis Ramos,PagoServicio,13858.53,2026-06-23,01:44:32,Aprobada
TX-003714,006-818537,Ana Torres,Transferencia,4375.17,2026-03-19,00:08:44,Rechazada
TX-003715,003-533343,Miguel Castro,PagoServicio,2761.26,2026-12-23,01:23:05,Pendiente
TX-003716,007-705628,Carlos Perez,Transferencia,12946.75,2026-06-21,02:24:22,Rechazada
TX-003717,005-920531,Jorge Medina,PagoServicio,14683.53,2026-12-22,16:37:06,Anulada
TX-003718,001-666158,Carlos Perez,Transferencia,11124.08,2026-10-21,16:35:37,Pendiente
TX-003719,005-163822,Maria Soto,Deposito,9240.58,2026-08-26,23:13:36,Anulada
TX-003720,006-214007,Fernando Diaz,Retiro,11075.02,2026-03-29,07:54:22,Rechazada
TX-003721,008-834752,Maria Soto,PagoServicio,2710.93,2026-12-01,10:46:11,Aprobada
TX-003722,003-700406,Luis Ramos,PagoServicio,3340.91,2026-09-11,07:06:24,Aprobada
TX-003723,005-909924,Diego Flores,PagoServicio,901.90,2026-11-19,12:18:36,Observada
TX-003724,007-574546,Sofia Rojas,Deposito,12362.70,2026-06-26,04:01:10,Rechazada
TX-003725,009-775829,Lucia Vega,Deposito,14658.69,2026-08-17,09:36:07,Observada
TX-003726,005-753712,Fernando Diaz,Deposito,360.69,2026-10-08,16:51:12,Aprobada
TX-003727,009-672660,Sofia Rojas,Deposito,12242.81,2026-06-12,14:31:41,Observada
TX-003728,006-890141,Sofia Rojas,Transferencia,2553.00,2026-07-31,21:44:10,Aprobada
TX-003729,002-692492,Miguel Castro,Retiro,8929.38,2026-03-06,10:20:12,Rechazada
TX-003730,002-489444,Rosa Herrera,Deposito,13232.93,2026-04-03,12:09:11,Anulada
TX-003731,001-393069,Lucia Vega,Transferencia,8775.88,2026-03-09,07:45:52,Rechazada
TX-003732,006-301775,Carlos Perez,Retiro,2607.96,2026-03-07,03:45:18,Rechazada
TX-003733,006-170501,Ana Torres,Retiro,12145.72,2026-12-18,19:18:12,Pendiente
TX-003734,006-994966,Ana Torres,Transferencia,9276.69,2026-10-11,06:21:53,Rechazada
TX-003735,006-397459,Pedro Castillo,Transferencia,3398.28,2026-06-07,05:11:49,Anulada
TX-003736,009-952659,Valeria Leon,Deposito,10430.19,2026-03-22,20:06:36,Anulada
TX-003737,004-891730,Rosa Herrera,Retiro,2899.29,2026-03-04,23:49:29,Pendiente
TX-003738,004-513258,Elena Vargas,Retiro,8885.51,2026-02-21,08:46:39,Aprobada
TX-003739,009-127946,Pedro Castillo,Retiro,1845.51,2026-11-19,23:34:13,Pendiente
TX-003740,005-194860,Maria Soto,Transferencia,6670.52,2026-05-10,10:57:06,Anulada
TX-003741,007-428263,Elena Vargas,Retiro,14271.17,2026-02-15,18:56:55,Rechazada
TX-003742,004-620526,Sofia Rojas,Retiro,1138.06,2026-06-28,13:30:49,Pendiente
TX-003743,006-391352,Maria Soto,Transferencia,13597.15,2026-05-30,02:29:39,Rechazada
TX-003744,005-772050,Luis Ramos,Retiro,13526.29,2026-05-13,18:43:07,Anulada
TX-003745,002-714420,Maria Soto,Retiro,5938.89,2026-01-30,12:29:50,Rechazada
TX-003746,002-605012,Pedro Castillo,Retiro,10840.98,2026-02-19,18:03:39,Observada
TX-003747,005-596450,Pedro Castillo,Retiro,10020.02,2026-07-17,13:23:23,Observada
TX-003748,005-501704,Luis Ramos,Retiro,10521.28,2026-12-12,18:43:17,Anulada
TX-003749,007-226317,Jorge Medina,Retiro,406.48,2026-08-10,18:52:08,Anulada
TX-003750,003-791897,Fernando Diaz,Deposito,4737.92,2026-02-23,08:55:37,Pendiente
TX-003751,001-300332,Maria Soto,Transferencia,951.29,2026-09-26,09:21:45,Rechazada
TX-003752,006-471852,Ana Torres,Deposito,1420.37,2026-03-23,12:15:29,Rechazada
TX-003753,002-710152,Camila Ruiz,Transferencia,4499.70,2026-09-16,17:20:39,Aprobada
TX-003754,009-992707,Jorge Medina,PagoServicio,13760.71,2026-06-29,00:47:21,Rechazada
TX-003755,005-588780,Diego Flores,Retiro,5621.68,2026-10-15,20:56:29,Pendiente
TX-003756,003-260773,Luis Ramos,Retiro,10625.86,2026-04-09,18:55:19,Pendiente
TX-003757,009-929651,Luis Ramos,Retiro,11041.95,2026-01-03,21:11:36,Pendiente
TX-003758,009-606569,Jorge Medina,Transferencia,6477.02,2026-09-04,05:44:58,Observada
TX-003759,004-319120,Elena Vargas,Retiro,11365.73,2026-08-17,17:03:17,Anulada
TX-003760,009-550885,Pedro Castillo,Transferencia,5375.95,2026-08-28,19:37:18,Aprobada
TX-003761,003-456823,Jorge Medina,Deposito,14400.92,2026-04-17,18:35:58,Aprobada
TX-003762,009-449745,Camila Ruiz,Deposito,11031.26,2026-07-25,23:43:52,Rechazada
TX-003763,009-280141,Rosa Herrera,Deposito,10495.07,2026-10-03,23:17:08,Observada
TX-003764,003-524181,Rosa Herrera,Retiro,279.66,2026-07-17,06:06:52,Pendiente
TX-003765,007-605681,Maria Soto,Retiro,5442.56,2026-12-25,20:05:49,Rechazada
TX-003766,006-872919,Pedro Castillo,Transferencia,11788.18,2026-06-02,03:44:54,Rechazada
TX-003767,009-266748,Maria Soto,Retiro,13044.95,2026-01-04,08:22:14,Aprobada
TX-003768,009-292257,Pedro Castillo,PagoServicio,2528.36,2026-12-09,21:26:19,Pendiente
TX-003769,008-280463,Valeria Leon,PagoServicio,2838.66,2026-10-23,08:10:42,Pendiente
TX-003770,003-777504,Ana Torres,Transferencia,12767.71,2026-03-07,20:06:24,Rechazada
TX-003771,004-386813,Luis Ramos,Deposito,8550.28,2026-03-09,23:08:49,Anulada
TX-003772,001-926341,Ana Torres,PagoServicio,5922.34,2026-11-19,21:54:40,Observada
TX-003773,001-240906,Sofia Rojas,PagoServicio,13.70,2026-12-23,17:36:25,Pendiente
TX-003774,001-708921,Pedro Castillo,PagoServicio,2921.14,2026-01-26,22:11:09,Observada
TX-003775,005-778445,Ana Torres,Transferencia,10760.47,2026-08-27,15:46:18,Aprobada
TX-003776,001-873140,Rosa Herrera,Transferencia,8628.06,2026-04-06,09:15:14,Pendiente
TX-003777,004-664913,Diego Flores,Retiro,2025.69,2026-04-26,16:25:48,Observada
TX-003778,002-191062,Diego Flores,Retiro,5741.00,2026-01-03,05:57:27,Aprobada
TX-003779,007-122300,Elena Vargas,Retiro,6926.44,2026-09-13,23:01:55,Aprobada
TX-003780,006-519403,Lucia Vega,PagoServicio,1672.35,2026-09-24,01:28:36,Observada
TX-003781,001-597026,Sofia Rojas,Retiro,5869.93,2026-03-26,19:31:46,Anulada
TX-003782,006-110824,Ana Torres,Deposito,3431.75,2026-03-09,08:48:11,Rechazada
TX-003783,005-544238,Luis Ramos,PagoServicio,12394.17,2026-09-13,22:38:57,Rechazada
TX-003784,004-806002,Luis Ramos,Retiro,14745.75,2026-12-11,02:40:08,Rechazada
TX-003785,007-220236,Ana Torres,Deposito,4253.88,2026-02-06,04:15:12,Observada
TX-003786,005-243882,Carlos Perez,Transferencia,5842.45,2026-04-18,04:42:34,Pendiente
TX-003787,002-885242,Carlos Perez,PagoServicio,2688.37,2026-07-02,11:29:25,Observada
TX-003788,009-479597,Jorge Medina,PagoServicio,13415.49,2026-10-20,01:37:53,Aprobada
TX-003789,007-826187,Carlos Perez,Deposito,9070.03,2026-03-11,22:17:16,Anulada
TX-003790,001-958562,Lucia Vega,PagoServicio,12134.69,2026-07-03,20:14:06,Pendiente
TX-003791,006-204948,Valeria Leon,PagoServicio,306.39,2026-02-03,14:38:09,Observada
TX-003792,004-280811,Lucia Vega,Retiro,627.23,2026-03-07,12:23:55,Pendiente
TX-003793,009-329840,Jorge Medina,Deposito,4006.46,2026-04-14,19:35:40,Aprobada
TX-003794,008-276389,Carlos Perez,Deposito,5186.80,2026-10-31,06:33:36,Pendiente
TX-003795,004-625318,Miguel Castro,PagoServicio,8593.27,2026-06-24,05:35:01,Anulada
TX-003796,001-273547,Pedro Castillo,Deposito,11592.94,2026-05-24,14:04:09,Rechazada
TX-003797,007-982970,Rosa Herrera,Retiro,6276.14,2026-08-09,12:27:56,Aprobada
TX-003798,005-821645,Jorge Medina,Retiro,2975.92,2026-06-18,11:59:36,Pendiente
TX-003799,002-784549,Ana Torres,Transferencia,8938.35,2026-03-30,05:03:56,Anulada
TX-003800,006-756221,Elena Vargas,Deposito,7230.81,2026-04-15,01:09:59,Rechazada
TX-003801,002-509799,Fernando Diaz,Deposito,3524.49,2026-10-31,00:16:10,Anulada
TX-003802,001-975801,Rosa Herrera,Transferencia,8727.45,2026-03-27,14:02:21,Observada
TX-003803,009-181424,Lucia Vega,PagoServicio,758.17,2026-07-09,19:16:55,Observada
TX-003804,002-407861,Carlos Perez,PagoServicio,7582.78,2026-12-19,01:27:54,Anulada
TX-003805,005-389204,Carlos Perez,PagoServicio,777.93,2026-10-10,15:02:30,Observada
TX-003806,002-668571,Rosa Herrera,PagoServicio,12650.19,2026-11-29,11:47:41,Pendiente
TX-003807,007-368862,Elena Vargas,PagoServicio,12737.70,2026-02-21,00:29:26,Observada
TX-003808,004-523763,Valeria Leon,Transferencia,5522.47,2026-04-26,07:37:52,Aprobada
TX-003809,009-490874,Miguel Castro,Transferencia,14076.35,2026-02-27,22:12:14,Observada
TX-003810,008-829576,Maria Soto,Transferencia,176.28,2026-07-20,19:00:19,Pendiente
TX-003811,006-143001,Fernando Diaz,PagoServicio,9750.68,2026-11-22,07:15:29,Anulada
TX-003812,007-121426,Lucia Vega,Retiro,5456.48,2026-10-20,09:31:30,Observada
TX-003813,001-453853,Elena Vargas,Transferencia,3426.13,2026-04-07,07:19:42,Observada
TX-003814,005-545441,Diego Flores,Retiro,3177.00,2026-06-03,22:19:29,Observada
TX-003815,008-798217,Carlos Perez,Transferencia,12263.18,2026-07-02,22:04:04,Aprobada
TX-003816,009-242228,Maria Soto,Retiro,6315.24,2026-12-11,19:23:08,Observada
TX-003817,005-913801,Luis Ramos,Transferencia,11568.75,2026-06-25,14:04:55,Anulada
TX-003818,009-551839,Pedro Castillo,Retiro,7540.70,2026-05-08,23:04:22,Anulada
TX-003819,001-506019,Jorge Medina,Retiro,8593.89,2026-03-21,08:40:59,Pendiente
TX-003820,003-830202,Valeria Leon,PagoServicio,14811.30,2026-01-10,08:21:08,Pendiente
TX-003821,006-989360,Ana Torres,Deposito,8569.32,2026-02-23,23:33:49,Aprobada
TX-003822,008-161533,Lucia Vega,PagoServicio,11477.26,2026-10-25,00:50:50,Aprobada
TX-003823,009-520974,Camila Ruiz,PagoServicio,455.80,2026-06-01,18:05:33,Rechazada
TX-003824,003-979688,Ana Torres,Transferencia,6039.26,2026-03-05,05:57:31,Anulada
TX-003825,001-597619,Carlos Perez,Retiro,11503.40,2026-07-17,15:56:45,Anulada
TX-003826,002-805590,Diego Flores,Retiro,7363.17,2026-08-07,04:50:34,Rechazada
TX-003827,007-836549,Pedro Castillo,Retiro,11591.50,2026-04-01,15:15:47,Observada
TX-003828,002-579766,Fernando Diaz,Transferencia,8013.06,2026-11-16,08:56:13,Pendiente
TX-003829,005-279952,Sofia Rojas,Deposito,2374.45,2026-03-22,02:21:35,Anulada
TX-003830,009-820333,Camila Ruiz,Retiro,14587.42,2026-02-03,19:48:45,Rechazada
TX-003831,006-417180,Camila Ruiz,Transferencia,1703.19,2026-05-20,08:11:19,Anulada
TX-003832,007-571482,Ana Torres,PagoServicio,8986.23,2026-01-25,15:57:01,Anulada
TX-003833,006-959335,Valeria Leon,PagoServicio,2855.87,2026-05-23,20:44:41,Pendiente
TX-003834,009-270295,Lucia Vega,Retiro,8425.55,2026-07-19,02:03:17,Pendiente
TX-003835,004-951153,Ana Torres,Retiro,11744.32,2026-09-27,10:06:18,Aprobada
TX-003836,008-859881,Valeria Leon,Transferencia,6220.14,2026-07-14,22:57:35,Aprobada
TX-003837,007-764815,Sofia Rojas,Deposito,9953.22,2026-09-21,05:33:41,Aprobada
TX-003838,006-776541,Valeria Leon,Transferencia,1553.31,2026-09-10,15:01:08,Pendiente
TX-003839,003-991207,Camila Ruiz,Transferencia,4935.23,2026-03-19,13:27:41,Observada
TX-003840,001-219996,Jorge Medina,Transferencia,14054.37,2026-03-02,14:43:58,Observada
TX-003841,005-144597,Jorge Medina,Transferencia,3061.77,2026-07-19,07:09:38,Anulada
TX-003842,001-642723,Camila Ruiz,Transferencia,6819.38,2026-06-06,03:56:51,Rechazada
TX-003843,009-273648,Diego Flores,PagoServicio,8258.51,2026-09-10,22:23:17,Pendiente
TX-003844,005-983370,Valeria Leon,Deposito,11286.47,2026-01-12,17:23:52,Aprobada
TX-003845,008-254460,Valeria Leon,Deposito,14271.63,2026-03-13,09:36:46,Observada
TX-003846,005-193131,Luis Ramos,PagoServicio,8102.16,2026-06-14,06:28:52,Anulada
TX-003847,002-854169,Diego Flores,PagoServicio,12880.11,2026-03-08,14:24:26,Observada
TX-003848,007-510950,Maria Soto,Transferencia,8366.46,2026-07-25,23:32:06,Rechazada
TX-003849,001-351771,Diego Flores,Transferencia,6849.78,2026-09-04,20:14:45,Rechazada
TX-003850,007-304072,Camila Ruiz,Deposito,4216.36,2026-03-26,19:05:42,Pendiente
TX-003851,007-760827,Camila Ruiz,Retiro,9632.46,2026-05-10,17:10:44,Anulada
TX-003852,008-106154,Luis Ramos,Retiro,174.17,2026-10-17,20:45:12,Pendiente
TX-003853,003-412744,Maria Soto,Deposito,3232.09,2026-08-20,17:22:28,Aprobada
TX-003854,002-263798,Carlos Perez,PagoServicio,5469.84,2026-01-04,11:27:57,Rechazada
TX-003855,009-379193,Diego Flores,PagoServicio,6081.99,2026-11-14,01:02:56,Aprobada
TX-003856,004-739678,Sofia Rojas,PagoServicio,21.53,2026-12-23,15:05:26,Pendiente
TX-003857,004-493669,Pedro Castillo,Retiro,12668.48,2026-12-13,04:25:29,Pendiente
TX-003858,001-469025,Pedro Castillo,Retiro,10479.03,2026-06-15,00:29:17,Pendiente
TX-003859,009-890520,Luis Ramos,PagoServicio,11848.69,2026-10-30,11:43:45,Pendiente
TX-003860,001-354879,Miguel Castro,PagoServicio,12407.77,2026-04-16,15:00:42,Anulada
TX-003861,009-254004,Luis Ramos,Deposito,13115.43,2026-08-10,08:22:14,Observada
TX-003862,008-360853,Valeria Leon,Deposito,4153.91,2026-10-04,15:07:08,Observada
TX-003863,007-259666,Carlos Perez,Retiro,3470.01,2026-01-15,22:17:24,Observada
TX-003864,007-945988,Jorge Medina,PagoServicio,4262.72,2026-01-29,14:50:31,Rechazada
TX-003865,006-709722,Lucia Vega,PagoServicio,14517.18,2026-11-29,04:09:18,Rechazada
TX-003866,003-884853,Ana Torres,Deposito,2798.07,2026-07-23,16:05:13,Observada
TX-003867,003-273838,Sofia Rojas,Retiro,176.08,2026-06-11,22:16:57,Observada
TX-003868,002-575744,Elena Vargas,PagoServicio,2662.04,2026-12-13,15:04:43,Pendiente
TX-003869,007-739917,Diego Flores,Retiro,8823.94,2026-10-14,07:32:47,Anulada
TX-003870,009-359992,Carlos Perez,Deposito,11274.92,2026-10-13,08:52:05,Observada
TX-003871,007-682985,Valeria Leon,PagoServicio,10654.63,2026-06-25,03:03:49,Anulada
TX-003872,003-490247,Elena Vargas,PagoServicio,195.24,2026-02-17,03:41:53,Rechazada
TX-003873,005-650703,Maria Soto,Transferencia,7853.63,2026-12-03,16:24:23,Pendiente
TX-003874,004-200291,Pedro Castillo,Retiro,9050.81,2026-10-17,17:33:23,Rechazada
TX-003875,002-262275,Maria Soto,PagoServicio,157.55,2026-01-02,17:11:17,Aprobada
TX-003876,005-411941,Ana Torres,PagoServicio,13949.89,2026-02-27,00:13:12,Anulada
TX-003877,002-930901,Lucia Vega,Retiro,12795.08,2026-12-05,03:39:13,Pendiente
TX-003878,002-328303,Lucia Vega,Transferencia,260.07,2026-07-20,14:55:56,Anulada
TX-003879,008-437009,Maria Soto,PagoServicio,1994.60,2026-08-18,16:35:23,Anulada
TX-003880,009-555898,Camila Ruiz,Deposito,12494.02,2026-05-30,00:45:26,Pendiente
TX-003881,003-878339,Rosa Herrera,Retiro,4459.80,2026-01-05,09:51:01,Pendiente
TX-003882,003-158312,Valeria Leon,Retiro,3510.65,2026-11-19,23:32:51,Rechazada
TX-003883,001-697927,Elena Vargas,PagoServicio,14899.96,2026-06-16,06:14:52,Anulada
TX-003884,002-752618,Lucia Vega,PagoServicio,1885.28,2026-12-31,03:55:42,Anulada
TX-003885,009-956114,Ana Torres,Deposito,6040.45,2026-02-21,03:36:46,Aprobada
TX-003886,002-596876,Camila Ruiz,Deposito,3697.61,2026-12-30,05:05:36,Aprobada
TX-003887,008-745594,Sofia Rojas,PagoServicio,1516.56,2026-07-24,08:28:02,Observada
TX-003888,006-603622,Maria Soto,Deposito,12745.12,2026-01-03,14:42:19,Pendiente
TX-003889,004-934040,Lucia Vega,PagoServicio,3871.84,2026-10-04,01:20:03,Rechazada
TX-003890,006-336494,Luis Ramos,Retiro,7237.61,2026-08-29,06:26:54,Pendiente
TX-003891,007-201641,Ana Torres,Transferencia,7448.05,2026-07-12,13:49:31,Rechazada
TX-003892,003-176833,Jorge Medina,Deposito,941.03,2026-06-12,17:46:13,Aprobada
TX-003893,003-147173,Maria Soto,Deposito,12501.56,2026-10-17,00:32:52,Anulada
TX-003894,002-719484,Carlos Perez,PagoServicio,2908.71,2026-06-28,11:59:10,Aprobada
TX-003895,004-412758,Fernando Diaz,Retiro,12157.37,2026-11-27,19:12:12,Pendiente
TX-003896,005-987754,Jorge Medina,Deposito,8253.75,2026-01-01,00:47:46,Pendiente
TX-003897,008-552200,Ana Torres,PagoServicio,11249.39,2026-07-27,14:19:17,Observada
TX-003898,003-912087,Carlos Perez,Deposito,14796.81,2026-12-25,11:01:47,Aprobada
TX-003899,008-533626,Pedro Castillo,Transferencia,11663.11,2026-08-25,05:46:28,Aprobada
TX-003900,008-760471,Ana Torres,Deposito,1356.53,2026-09-27,22:34:57,Rechazada
TX-003901,003-664357,Diego Flores,Deposito,1186.07,2026-05-17,13:51:03,Observada
TX-003902,004-368218,Ana Torres,Transferencia,8379.58,2026-05-18,11:41:04,Anulada
TX-003903,001-461038,Pedro Castillo,Transferencia,10936.51,2026-11-10,16:52:24,Aprobada
TX-003904,006-975736,Jorge Medina,Deposito,4076.02,2026-11-07,23:41:11,Anulada
TX-003905,007-801577,Pedro Castillo,Retiro,9038.14,2026-02-15,10:16:07,Observada
TX-003906,001-778022,Jorge Medina,PagoServicio,50.37,2026-04-21,16:55:07,Aprobada
TX-003907,004-969138,Rosa Herrera,Transferencia,10755.20,2026-05-04,20:40:22,Pendiente
TX-003908,002-665786,Lucia Vega,Transferencia,14916.97,2026-04-07,13:32:07,Anulada
TX-003909,009-256878,Maria Soto,Transferencia,12066.04,2026-01-10,08:56:30,Rechazada
TX-003910,007-512778,Rosa Herrera,Retiro,11510.03,2026-10-14,18:31:56,Aprobada
TX-003911,004-638697,Pedro Castillo,PagoServicio,10270.55,2026-04-19,05:41:00,Aprobada
TX-003912,008-660126,Valeria Leon,Transferencia,2281.76,2026-05-05,22:25:24,Rechazada
TX-003913,006-194941,Elena Vargas,PagoServicio,4244.44,2026-06-19,20:12:18,Anulada
TX-003914,004-313619,Fernando Diaz,Retiro,5144.76,2026-06-12,03:36:09,Rechazada
TX-003915,004-158189,Elena Vargas,Retiro,9077.47,2026-07-01,22:00:59,Pendiente
TX-003916,005-991294,Ana Torres,Transferencia,11433.69,2026-11-23,09:23:25,Observada
TX-003917,008-144639,Valeria Leon,PagoServicio,14886.08,2026-01-17,12:41:20,Anulada
TX-003918,003-143019,Camila Ruiz,Transferencia,8996.28,2026-08-27,21:27:40,Aprobada
TX-003919,009-979855,Fernando Diaz,Deposito,12986.13,2026-01-31,15:02:08,Aprobada
TX-003920,004-813817,Miguel Castro,Retiro,12163.25,2026-05-28,00:32:59,Aprobada
TX-003921,002-451572,Valeria Leon,Deposito,8307.64,2026-08-06,19:45:16,Aprobada
TX-003922,006-270927,Rosa Herrera,PagoServicio,3622.12,2026-09-13,14:18:20,Aprobada
TX-003923,002-722853,Camila Ruiz,PagoServicio,494.90,2026-06-26,15:14:48,Rechazada
TX-003924,003-118968,Pedro Castillo,Retiro,9013.29,2026-07-02,16:17:39,Aprobada
TX-003925,008-600597,Lucia Vega,Deposito,10670.41,2026-04-26,01:23:53,Observada
TX-003926,001-657656,Camila Ruiz,Retiro,13778.82,2026-12-14,17:43:58,Rechazada
TX-003927,002-565350,Rosa Herrera,Transferencia,4346.24,2026-10-17,16:16:18,Aprobada
TX-003928,006-864616,Carlos Perez,Deposito,6324.16,2026-11-04,20:14:24,Observada
TX-003929,007-528001,Maria Soto,PagoServicio,2705.23,2026-05-07,21:13:18,Anulada
TX-003930,007-102910,Pedro Castillo,Retiro,14643.58,2026-02-23,13:01:18,Observada
TX-003931,002-875802,Valeria Leon,Deposito,256.49,2026-05-26,05:39:20,Observada
TX-003932,009-570207,Ana Torres,Retiro,13603.67,2026-07-20,18:11:53,Observada
TX-003933,001-446705,Elena Vargas,Transferencia,5906.63,2026-01-17,03:05:14,Observada
TX-003934,007-350301,Sofia Rojas,Transferencia,5570.76,2026-02-20,04:50:37,Anulada
TX-003935,002-778407,Camila Ruiz,PagoServicio,3997.07,2026-01-04,02:41:54,Anulada
TX-003936,009-716319,Luis Ramos,Transferencia,12895.12,2026-08-16,19:53:47,Aprobada
TX-003937,002-272919,Ana Torres,Retiro,9590.03,2026-02-25,14:22:12,Pendiente
TX-003938,003-124437,Diego Flores,Deposito,5091.11,2026-09-25,09:50:25,Rechazada
TX-003939,008-893747,Pedro Castillo,PagoServicio,10444.75,2026-05-23,09:35:39,Rechazada
TX-003940,002-702383,Camila Ruiz,Retiro,14537.95,2026-01-17,04:17:58,Aprobada
TX-003941,009-551289,Ana Torres,Retiro,12946.97,2026-06-29,23:50:23,Pendiente
TX-003942,008-409619,Camila Ruiz,Deposito,3874.27,2026-04-17,03:50:49,Anulada
TX-003943,003-145974,Pedro Castillo,Deposito,11210.03,2026-08-23,22:46:29,Pendiente
TX-003944,005-445377,Carlos Perez,Transferencia,1874.09,2026-01-07,07:50:01,Anulada
TX-003945,002-853261,Valeria Leon,PagoServicio,5224.43,2026-05-17,01:52:50,Anulada
TX-003946,004-397159,Elena Vargas,Deposito,11433.72,2026-06-04,14:54:17,Observada
TX-003947,003-276028,Diego Flores,Deposito,2249.63,2026-07-11,14:06:28,Anulada
TX-003948,008-154875,Pedro Castillo,PagoServicio,5704.49,2026-04-02,03:52:37,Observada
TX-003949,002-950248,Sofia Rojas,Retiro,4650.86,2026-06-14,07:10:43,Aprobada
TX-003950,008-110994,Lucia Vega,PagoServicio,12956.75,2026-03-01,21:50:19,Observada
TX-003951,007-116814,Maria Soto,Retiro,5306.26,2026-01-25,10:09:25,Pendiente
TX-003952,009-482904,Ana Torres,Transferencia,5623.14,2026-03-19,07:15:35,Aprobada
TX-003953,002-562651,Carlos Perez,Transferencia,6353.18,2026-11-11,04:05:04,Aprobada
TX-003954,006-543806,Ana Torres,Deposito,7903.12,2026-08-11,04:11:13,Aprobada
TX-003955,006-235212,Maria Soto,Deposito,4540.31,2026-03-23,05:46:52,Rechazada
TX-003956,006-422532,Jorge Medina,Deposito,858.65,2026-05-26,18:45:34,Pendiente
TX-003957,006-324179,Luis Ramos,Deposito,10419.01,2026-12-23,11:27:23,Observada
TX-003958,001-434829,Fernando Diaz,PagoServicio,1855.39,2026-12-29,13:33:26,Aprobada
TX-003959,009-768178,Diego Flores,PagoServicio,6526.56,2026-10-16,18:48:05,Pendiente
TX-003960,007-708946,Carlos Perez,PagoServicio,4958.16,2026-12-10,18:25:34,Aprobada
TX-003961,009-346469,Carlos Perez,Deposito,10705.11,2026-07-12,04:45:59,Pendiente
TX-003962,009-582351,Sofia Rojas,Transferencia,5620.09,2026-07-02,00:40:11,Aprobada
TX-003963,003-354685,Fernando Diaz,PagoServicio,12715.00,2026-11-08,04:33:12,Aprobada
TX-003964,009-378249,Carlos Perez,Transferencia,12087.60,2026-02-08,22:30:20,Anulada
TX-003965,003-271906,Ana Torres,Deposito,6492.97,2026-04-04,22:37:46,Rechazada
TX-003966,004-991613,Miguel Castro,Retiro,10356.15,2026-08-23,10:55:57,Observada
TX-003967,004-924321,Camila Ruiz,Retiro,3162.90,2026-12-01,05:28:32,Observada
TX-003968,005-371661,Ana Torres,Retiro,13029.97,2026-12-24,21:33:21,Rechazada
TX-003969,006-351734,Rosa Herrera,Retiro,12234.00,2026-12-30,00:42:00,Observada
TX-003970,007-747298,Miguel Castro,Retiro,3881.73,2026-06-20,14:32:09,Observada
TX-003971,004-752161,Elena Vargas,Retiro,3365.28,2026-07-27,17:47:32,Pendiente
TX-003972,003-149004,Maria Soto,Retiro,10293.30,2026-01-09,10:10:32,Anulada
TX-003973,002-363572,Fernando Diaz,Transferencia,988.23,2026-08-28,13:26:02,Rechazada
TX-003974,004-898118,Rosa Herrera,Retiro,7748.82,2026-04-24,22:04:52,Rechazada
TX-003975,004-411345,Jorge Medina,Transferencia,9073.70,2026-07-23,23:52:58,Rechazada
TX-003976,001-938541,Camila Ruiz,PagoServicio,4977.68,2026-05-05,16:42:08,Aprobada
TX-003977,006-983678,Lucia Vega,Deposito,1911.30,2026-06-01,01:46:49,Aprobada
TX-003978,008-439327,Sofia Rojas,Transferencia,3034.08,2026-03-27,21:08:54,Aprobada
TX-003979,001-103963,Fernando Diaz,PagoServicio,11831.15,2026-04-06,11:32:01,Rechazada
TX-003980,003-293257,Rosa Herrera,PagoServicio,14893.50,2026-10-09,10:45:09,Rechazada
TX-003981,003-616699,Jorge Medina,PagoServicio,7008.26,2026-03-21,03:06:23,Aprobada
TX-003982,007-861241,Valeria Leon,Transferencia,14324.57,2026-06-06,01:07:55,Pendiente
TX-003983,008-129650,Elena Vargas,PagoServicio,61.70,2026-08-05,21:42:22,Pendiente
TX-003984,001-349603,Sofia Rojas,Transferencia,5032.52,2026-05-02,15:09:37,Rechazada
TX-003985,009-934822,Lucia Vega,Retiro,9456.32,2026-02-02,22:31:37,Aprobada
TX-003986,008-929513,Fernando Diaz,Deposito,10921.59,2026-02-21,08:54:20,Observada
TX-003987,005-119401,Camila Ruiz,PagoServicio,7103.91,2026-10-22,14:45:53,Pendiente
TX-003988,009-275116,Sofia Rojas,PagoServicio,6309.52,2026-05-25,04:18:11,Anulada
TX-003989,001-982751,Elena Vargas,PagoServicio,12457.79,2026-01-06,08:33:49,Aprobada
TX-003990,004-840911,Sofia Rojas,Retiro,12074.71,2026-09-15,05:38:24,Pendiente
TX-003991,007-934103,Lucia Vega,PagoServicio,10936.64,2026-04-20,19:11:00,Anulada
TX-003992,008-380248,Pedro Castillo,PagoServicio,9688.88,2026-03-23,02:46:12,Aprobada
TX-003993,009-328158,Diego Flores,PagoServicio,11230.94,2026-11-22,16:43:04,Anulada
TX-003994,005-983020,Diego Flores,Transferencia,3872.74,2026-12-21,22:07:01,Anulada
TX-003995,007-136051,Diego Flores,Deposito,12209.88,2026-01-06,12:24:35,Pendiente
TX-003996,004-249865,Miguel Castro,PagoServicio,11628.41,2026-06-19,12:38:53,Pendiente
TX-003997,004-233755,Maria Soto,Retiro,14630.64,2026-04-10,21:50:10,Observada
TX-003998,002-237114,Luis Ramos,Retiro,10781.83,2026-08-16,11:20:30,Anulada
TX-003999,002-792618,Miguel Castro,Transferencia,4949.87,2026-04-22,23:18:21,Anulada
TX-004000,006-339052,Lucia Vega,Transferencia,71.22,2026-01-29,10:35:32,Rechazada
TX-004001,008-558162,Fernando Diaz,Retiro,2070.69,2026-03-16,23:54:07,Anulada
TX-004002,009-837357,Elena Vargas,Deposito,14086.31,2026-04-27,13:47:54,Rechazada
TX-004003,003-457572,Sofia Rojas,PagoServicio,11200.38,2026-09-28,07:57:59,Observada
TX-004004,002-988400,Valeria Leon,Retiro,13635.81,2026-02-20,00:12:12,Rechazada
TX-004005,008-651403,Camila Ruiz,PagoServicio,876.55,2026-09-13,06:08:56,Anulada
TX-004006,005-170666,Sofia Rojas,Transferencia,5772.45,2026-01-30,22:01:04,Rechazada
TX-004007,005-703491,Camila Ruiz,Deposito,6018.20,2026-07-01,13:46:33,Anulada
TX-004008,009-384183,Sofia Rojas,Transferencia,11298.04,2026-05-07,01:11:11,Anulada
TX-004009,007-820055,Jorge Medina,Deposito,8514.86,2026-11-06,10:31:32,Observada
TX-004010,004-811218,Valeria Leon,Retiro,14566.27,2026-11-29,13:26:38,Anulada
TX-004011,008-261654,Carlos Perez,PagoServicio,12061.73,2026-01-20,16:30:51,Anulada
TX-004012,001-701809,Elena Vargas,Retiro,6263.54,2026-05-30,04:55:13,Observada
TX-004013,003-107768,Luis Ramos,PagoServicio,4846.55,2026-12-16,20:42:06,Pendiente
TX-004014,008-817628,Valeria Leon,PagoServicio,14266.74,2026-05-09,08:53:35,Observada
TX-004015,009-517959,Pedro Castillo,Deposito,11276.60,2026-05-20,05:13:08,Observada
TX-004016,006-204727,Maria Soto,Deposito,7059.20,2026-04-17,15:25:52,Aprobada
TX-004017,001-154843,Sofia Rojas,PagoServicio,5070.30,2026-11-02,14:24:24,Observada
TX-004018,009-997409,Maria Soto,Deposito,10252.57,2026-05-19,19:20:00,Aprobada
TX-004019,007-501200,Pedro Castillo,Deposito,4883.19,2026-03-01,18:30:36,Rechazada
TX-004020,005-417232,Lucia Vega,Transferencia,11549.91,2026-08-17,15:20:47,Anulada
TX-004021,008-410489,Ana Torres,Retiro,12027.12,2026-11-20,13:52:29,Rechazada
TX-004022,004-654994,Sofia Rojas,PagoServicio,264.66,2026-10-29,04:28:39,Rechazada
TX-004023,006-960442,Jorge Medina,Transferencia,10955.54,2026-06-25,18:52:00,Aprobada
TX-004024,004-528038,Carlos Perez,Transferencia,13229.63,2026-04-26,20:20:54,Pendiente
TX-004025,003-322466,Valeria Leon,PagoServicio,920.84,2026-01-18,13:30:03,Pendiente
TX-004026,001-666815,Diego Flores,Retiro,465.65,2026-08-25,09:37:09,Pendiente
TX-004027,002-322917,Lucia Vega,Transferencia,8762.39,2026-06-18,06:15:38,Aprobada
TX-004028,008-725346,Jorge Medina,PagoServicio,2032.59,2026-04-16,22:05:00,Pendiente
TX-004029,003-682209,Lucia Vega,Transferencia,3154.08,2026-06-01,03:59:07,Anulada
TX-004030,005-652208,Ana Torres,Deposito,4773.42,2026-01-17,09:40:50,Observada
TX-004031,004-471130,Rosa Herrera,PagoServicio,11279.36,2026-07-11,03:06:18,Pendiente
TX-004032,009-114848,Diego Flores,Deposito,7479.00,2026-09-06,05:23:13,Rechazada
TX-004033,005-809708,Ana Torres,Deposito,8771.32,2026-09-01,20:47:59,Anulada
TX-004034,001-247173,Camila Ruiz,PagoServicio,26.34,2026-10-06,13:02:26,Anulada
TX-004035,005-383393,Maria Soto,Transferencia,12023.45,2026-02-04,23:04:39,Pendiente
TX-004036,009-729632,Rosa Herrera,Retiro,4988.53,2026-04-19,21:12:24,Anulada
TX-004037,001-591408,Carlos Perez,Deposito,2311.94,2026-03-30,07:07:37,Aprobada
TX-004038,008-797290,Jorge Medina,PagoServicio,4292.68,2026-06-19,15:08:38,Observada
TX-004039,006-739277,Pedro Castillo,Transferencia,9848.03,2026-01-26,21:37:48,Anulada
TX-004040,007-873654,Lucia Vega,Retiro,3029.98,2026-07-14,12:21:21,Anulada
TX-004041,003-979859,Diego Flores,Deposito,11802.75,2026-07-21,22:44:55,Observada
TX-004042,009-945132,Lucia Vega,Transferencia,8562.57,2026-03-03,19:36:16,Rechazada
TX-004043,004-276491,Elena Vargas,PagoServicio,476.61,2026-09-07,15:33:48,Pendiente
TX-004044,009-495044,Fernando Diaz,Deposito,2494.54,2026-06-13,02:35:25,Observada
TX-004045,005-641436,Carlos Perez,Transferencia,12741.10,2026-06-22,05:16:39,Rechazada
TX-004046,001-502599,Sofia Rojas,Retiro,12652.93,2026-03-24,23:14:09,Aprobada
TX-004047,006-196754,Rosa Herrera,Transferencia,7036.40,2026-07-14,10:25:18,Rechazada
TX-004048,005-916777,Maria Soto,PagoServicio,12351.70,2026-11-16,02:49:14,Pendiente
TX-004049,005-534445,Diego Flores,Transferencia,14004.13,2026-12-27,08:11:55,Rechazada
TX-004050,004-240003,Jorge Medina,Retiro,3308.75,2026-07-03,23:44:13,Aprobada
TX-004051,008-755017,Valeria Leon,Transferencia,14710.63,2026-12-10,06:34:38,Rechazada
TX-004052,004-594431,Camila Ruiz,Transferencia,548.31,2026-11-12,13:31:40,Observada
TX-004053,006-963944,Lucia Vega,PagoServicio,843.88,2026-12-12,02:05:28,Anulada
TX-004054,005-949262,Jorge Medina,PagoServicio,8718.07,2026-10-01,02:55:22,Pendiente
TX-004055,002-757582,Rosa Herrera,PagoServicio,6316.58,2026-05-02,22:19:16,Pendiente
TX-004056,004-722170,Valeria Leon,Transferencia,14832.61,2026-12-08,04:28:17,Anulada
TX-004057,009-754641,Camila Ruiz,Transferencia,12646.46,2026-10-18,20:41:30,Rechazada
TX-004058,008-639165,Luis Ramos,Deposito,8751.95,2026-05-05,10:23:47,Observada
TX-004059,001-684923,Diego Flores,Deposito,5550.21,2026-08-25,07:51:33,Observada
TX-004060,003-524659,Miguel Castro,Retiro,7587.86,2026-08-02,18:58:34,Anulada
TX-004061,008-530990,Carlos Perez,Transferencia,12920.06,2026-01-07,13:27:54,Observada
TX-004062,007-183124,Maria Soto,Retiro,8909.23,2026-09-22,13:47:30,Aprobada
TX-004063,003-220079,Elena Vargas,Transferencia,9484.20,2026-05-10,14:40:43,Aprobada
TX-004064,009-946494,Valeria Leon,Transferencia,2328.75,2026-08-09,05:29:53,Anulada
TX-004065,009-774837,Sofia Rojas,Transferencia,7666.05,2026-02-21,23:14:49,Aprobada
TX-004066,008-107384,Elena Vargas,PagoServicio,5826.48,2026-10-23,07:40:32,Anulada
TX-004067,001-224174,Ana Torres,PagoServicio,8796.18,2026-03-27,05:23:08,Observada
TX-004068,003-718114,Valeria Leon,Retiro,5820.46,2026-08-24,14:48:38,Rechazada
TX-004069,004-388254,Elena Vargas,PagoServicio,9923.68,2026-08-24,22:02:55,Observada
TX-004070,001-354395,Fernando Diaz,Deposito,673.14,2026-07-10,14:51:55,Pendiente
TX-004071,008-635856,Diego Flores,PagoServicio,12935.16,2026-11-01,01:32:06,Rechazada
TX-004072,004-454753,Pedro Castillo,PagoServicio,208.91,2026-07-09,01:39:45,Observada
TX-004073,004-875668,Luis Ramos,Retiro,12599.57,2026-09-13,14:52:12,Rechazada
TX-004074,002-438590,Pedro Castillo,Deposito,9485.56,2026-09-22,14:36:03,Pendiente
TX-004075,008-808962,Elena Vargas,Transferencia,5368.57,2026-09-07,23:47:18,Aprobada
TX-004076,009-601681,Diego Flores,Retiro,7753.51,2026-10-04,02:08:45,Pendiente
TX-004077,005-146884,Lucia Vega,Deposito,14728.02,2026-07-28,16:53:01,Rechazada
TX-004078,002-180058,Lucia Vega,Transferencia,4635.45,2026-07-07,17:35:20,Aprobada
TX-004079,002-889098,Maria Soto,Retiro,14666.88,2026-11-05,01:53:39,Pendiente
TX-004080,001-308092,Sofia Rojas,PagoServicio,1716.32,2026-09-01,19:22:56,Observada
TX-004081,009-730970,Luis Ramos,Transferencia,8745.86,2026-06-20,01:37:20,Observada
TX-004082,008-663847,Ana Torres,Retiro,3489.49,2026-04-28,11:59:59,Pendiente
TX-004083,006-547062,Valeria Leon,Deposito,3958.43,2026-07-03,16:56:49,Anulada
TX-004084,005-125941,Elena Vargas,Retiro,12292.85,2026-06-14,09:03:16,Observada
TX-004085,005-953963,Ana Torres,Transferencia,6485.78,2026-12-31,03:21:40,Rechazada
TX-004086,006-603070,Carlos Perez,PagoServicio,7595.42,2026-03-22,21:36:51,Aprobada
TX-004087,006-710577,Jorge Medina,Deposito,6800.56,2026-12-23,03:01:36,Rechazada
TX-004088,003-794730,Jorge Medina,Retiro,1575.86,2026-06-02,19:42:43,Anulada
TX-004089,004-845191,Ana Torres,Retiro,8478.37,2026-02-04,11:00:25,Pendiente
TX-004090,009-486178,Elena Vargas,Deposito,9641.57,2026-11-16,02:17:28,Rechazada
TX-004091,004-283553,Lucia Vega,Transferencia,5644.97,2026-10-13,23:38:01,Pendiente
TX-004092,002-676706,Pedro Castillo,Deposito,8067.79,2026-08-15,10:40:49,Observada
TX-004093,007-125130,Jorge Medina,Retiro,4505.37,2026-11-05,15:13:34,Observada
TX-004094,008-843460,Lucia Vega,PagoServicio,2658.52,2026-02-17,12:12:51,Pendiente
TX-004095,006-671232,Lucia Vega,Transferencia,13824.46,2026-07-09,03:41:33,Pendiente
TX-004096,002-545324,Luis Ramos,PagoServicio,54.03,2026-01-06,02:21:40,Rechazada
TX-004097,003-180659,Valeria Leon,Transferencia,6073.30,2026-08-03,07:15:18,Aprobada
TX-004098,005-203685,Carlos Perez,Deposito,12568.28,2026-09-17,06:54:53,Observada
TX-004099,007-833007,Elena Vargas,Transferencia,10581.45,2026-04-10,02:07:43,Anulada
TX-004100,004-827706,Jorge Medina,PagoServicio,4324.15,2026-10-13,19:29:43,Rechazada
TX-004101,003-662051,Sofia Rojas,Deposito,9969.92,2026-04-04,17:40:32,Rechazada
TX-004102,001-951346,Maria Soto,PagoServicio,14426.53,2026-09-04,09:10:31,Pendiente
TX-004103,001-703075,Fernando Diaz,PagoServicio,10609.13,2026-03-14,16:30:01,Aprobada
TX-004104,009-297769,Sofia Rojas,PagoServicio,6791.77,2026-02-17,19:30:29,Anulada
TX-004105,007-535670,Sofia Rojas,PagoServicio,14288.67,2026-01-01,13:56:26,Rechazada
TX-004106,006-882872,Sofia Rojas,Retiro,4175.49,2026-11-12,01:56:09,Aprobada
TX-004107,003-931975,Miguel Castro,Retiro,2013.26,2026-09-29,10:40:15,Rechazada
TX-004108,005-743530,Diego Flores,Transferencia,1094.83,2026-03-23,01:45:14,Observada
TX-004109,007-680624,Carlos Perez,PagoServicio,7328.45,2026-08-28,16:41:33,Aprobada
TX-004110,002-597395,Miguel Castro,PagoServicio,9217.88,2026-05-08,03:34:08,Rechazada
TX-004111,005-389488,Miguel Castro,PagoServicio,1813.26,2026-04-25,02:05:40,Aprobada
TX-004112,003-321552,Carlos Perez,Deposito,949.38,2026-04-29,01:54:32,Observada
TX-004113,006-555376,Elena Vargas,Deposito,2110.29,2026-11-11,04:27:47,Observada
TX-004114,001-215389,Valeria Leon,PagoServicio,3702.53,2026-10-19,21:29:36,Rechazada
TX-004115,007-328783,Luis Ramos,Deposito,11028.61,2026-09-07,15:45:27,Observada
TX-004116,006-473308,Diego Flores,Retiro,9593.99,2026-07-08,17:32:46,Observada
TX-004117,007-992136,Elena Vargas,Deposito,12180.27,2026-04-26,23:26:18,Anulada
TX-004118,001-127604,Carlos Perez,Deposito,47.18,2026-03-11,11:28:28,Pendiente
TX-004119,006-166632,Fernando Diaz,Retiro,12477.83,2026-10-31,14:51:39,Pendiente
TX-004120,005-816540,Lucia Vega,PagoServicio,7221.86,2026-03-12,03:00:54,Anulada
TX-004121,009-339802,Diego Flores,Transferencia,4517.34,2026-10-21,05:22:25,Rechazada
TX-004122,004-169315,Lucia Vega,Deposito,4147.14,2026-10-11,23:25:06,Aprobada
TX-004123,006-819991,Jorge Medina,Deposito,8708.09,2026-03-18,21:14:33,Rechazada
TX-004124,006-197302,Luis Ramos,Deposito,10453.27,2026-08-17,11:54:52,Observada
TX-004125,009-642175,Jorge Medina,Deposito,3212.71,2026-02-22,01:05:32,Aprobada
TX-004126,005-114642,Diego Flores,Deposito,4288.37,2026-06-21,04:40:04,Observada
TX-004127,007-545567,Luis Ramos,Retiro,786.00,2026-07-25,04:27:10,Pendiente
TX-004128,009-154104,Ana Torres,Transferencia,10849.07,2026-07-28,03:04:34,Observada
TX-004129,004-189940,Lucia Vega,Retiro,8738.63,2026-05-07,01:14:05,Aprobada
TX-004130,002-362322,Carlos Perez,PagoServicio,7225.90,2026-06-10,05:16:14,Rechazada
TX-004131,002-939057,Ana Torres,PagoServicio,11978.49,2026-01-31,03:26:08,Anulada
TX-004132,008-202045,Ana Torres,PagoServicio,9466.62,2026-05-05,07:23:40,Observada
TX-004133,005-235134,Pedro Castillo,PagoServicio,12585.85,2026-06-07,21:17:05,Anulada
TX-004134,001-249723,Miguel Castro,PagoServicio,12331.30,2026-09-12,23:26:58,Rechazada
TX-004135,004-947915,Fernando Diaz,Transferencia,5590.59,2026-04-13,05:55:42,Rechazada
TX-004136,004-112831,Sofia Rojas,Transferencia,801.38,2026-03-17,19:44:49,Aprobada
TX-004137,003-626597,Sofia Rojas,Deposito,14652.33,2026-09-26,12:09:05,Pendiente
TX-004138,001-808082,Pedro Castillo,Retiro,2531.31,2026-10-15,17:41:33,Aprobada
TX-004139,002-403327,Rosa Herrera,Retiro,419.35,2026-06-08,18:49:46,Observada
TX-004140,001-208104,Pedro Castillo,Transferencia,3848.86,2026-10-14,19:38:53,Anulada
TX-004141,003-120020,Luis Ramos,PagoServicio,6371.98,2026-04-08,00:45:33,Rechazada
TX-004142,009-247481,Maria Soto,Retiro,12794.68,2026-04-18,21:59:09,Aprobada
TX-004143,001-435036,Carlos Perez,Retiro,2771.00,2026-03-10,09:22:41,Aprobada
TX-004144,006-496131,Maria Soto,Transferencia,1443.13,2026-09-15,13:59:00,Anulada
TX-004145,001-991642,Luis Ramos,Transferencia,11374.89,2026-04-10,10:20:06,Anulada
TX-004146,005-319231,Carlos Perez,Transferencia,2894.72,2026-09-07,05:28:20,Rechazada
TX-004147,006-290353,Valeria Leon,PagoServicio,14330.80,2026-02-15,08:07:49,Rechazada
TX-004148,003-355073,Fernando Diaz,Deposito,5039.67,2026-11-30,23:01:13,Observada
TX-004149,005-449444,Maria Soto,Retiro,4571.15,2026-07-14,09:54:18,Observada
TX-004150,005-910040,Rosa Herrera,Deposito,9145.08,2026-06-16,07:05:00,Aprobada
TX-004151,003-376518,Diego Flores,PagoServicio,6446.69,2026-04-14,22:25:27,Rechazada
TX-004152,001-865127,Rosa Herrera,Deposito,3720.28,2026-10-19,09:48:28,Observada
TX-004153,008-755467,Elena Vargas,Retiro,4158.15,2026-08-11,11:20:03,Anulada
TX-004154,006-285961,Diego Flores,PagoServicio,12457.36,2026-05-19,08:07:50,Observada
TX-004155,002-450862,Fernando Diaz,Retiro,14959.21,2026-06-07,00:12:06,Pendiente
TX-004156,006-690055,Miguel Castro,Transferencia,4019.99,2026-10-24,17:16:52,Observada
TX-004157,003-487692,Rosa Herrera,Retiro,13086.34,2026-07-18,09:54:19,Aprobada
TX-004158,007-536720,Lucia Vega,Transferencia,4006.35,2026-10-31,23:49:02,Pendiente
TX-004159,004-361319,Sofia Rojas,Deposito,2397.22,2026-12-08,01:00:57,Observada
TX-004160,005-901829,Sofia Rojas,PagoServicio,10797.99,2026-09-17,00:10:34,Rechazada
TX-004161,006-318500,Valeria Leon,PagoServicio,1917.95,2026-09-04,03:21:15,Anulada
TX-004162,009-455555,Fernando Diaz,Retiro,2319.90,2026-03-20,15:53:02,Observada
TX-004163,008-721166,Maria Soto,Deposito,1557.83,2026-07-04,09:39:11,Aprobada
TX-004164,003-772088,Jorge Medina,PagoServicio,14264.02,2026-10-17,07:24:22,Anulada
TX-004165,004-439719,Lucia Vega,Retiro,14103.39,2026-04-22,07:29:04,Observada
TX-004166,009-444481,Valeria Leon,PagoServicio,3702.80,2026-08-13,09:01:51,Aprobada
TX-004167,007-922914,Luis Ramos,PagoServicio,10963.63,2026-02-27,03:12:39,Pendiente
TX-004168,008-718909,Camila Ruiz,Retiro,9242.51,2026-10-20,01:37:15,Anulada
TX-004169,002-535453,Luis Ramos,Deposito,12908.06,2026-09-19,16:22:19,Anulada
TX-004170,002-206436,Sofia Rojas,Retiro,10422.63,2026-02-04,07:48:11,Aprobada
TX-004171,004-124244,Jorge Medina,Retiro,7115.02,2026-05-28,09:33:55,Aprobada
TX-004172,008-824705,Maria Soto,Transferencia,14145.34,2026-04-17,08:39:01,Anulada
TX-004173,007-954084,Jorge Medina,Transferencia,8343.42,2026-02-24,08:18:58,Observada
TX-004174,005-701715,Carlos Perez,Transferencia,1985.91,2026-02-17,13:39:11,Pendiente
TX-004175,007-921825,Carlos Perez,Deposito,11747.13,2026-06-21,15:56:22,Observada
TX-004176,003-439020,Camila Ruiz,Deposito,12576.55,2026-10-18,18:03:57,Anulada
TX-004177,003-507477,Miguel Castro,Deposito,5173.65,2026-06-07,11:09:22,Rechazada
TX-004178,004-726888,Luis Ramos,PagoServicio,2089.03,2026-12-28,11:11:51,Anulada
TX-004179,005-111899,Carlos Perez,PagoServicio,12311.68,2026-04-12,20:28:55,Anulada
TX-004180,002-800207,Luis Ramos,Retiro,9634.05,2026-09-30,19:55:21,Observada
TX-004181,005-694707,Jorge Medina,Transferencia,9310.12,2026-06-25,08:15:53,Aprobada
TX-004182,007-815053,Elena Vargas,Retiro,3284.58,2026-03-27,16:49:38,Anulada
TX-004183,002-134457,Luis Ramos,PagoServicio,1620.47,2026-05-16,21:20:41,Anulada
TX-004184,001-219106,Sofia Rojas,Retiro,8519.62,2026-04-16,16:14:11,Anulada
TX-004185,001-898405,Rosa Herrera,Transferencia,2928.36,2026-03-31,22:53:25,Pendiente
TX-004186,005-325909,Jorge Medina,PagoServicio,12500.13,2026-09-13,01:44:24,Rechazada
TX-004187,005-659393,Rosa Herrera,Transferencia,4228.89,2026-11-17,14:26:48,Anulada
TX-004188,009-935864,Fernando Diaz,Deposito,1338.28,2026-01-25,02:35:36,Aprobada
TX-004189,007-617602,Diego Flores,Retiro,575.08,2026-04-08,11:54:45,Anulada
TX-004190,002-208768,Sofia Rojas,Transferencia,14630.04,2026-08-13,14:32:14,Anulada
TX-004191,002-909143,Ana Torres,Transferencia,12727.83,2026-09-12,19:49:41,Rechazada
TX-004192,001-257833,Valeria Leon,PagoServicio,12799.70,2026-12-26,13:21:26,Aprobada
TX-004193,007-670730,Ana Torres,Transferencia,13143.80,2026-08-22,21:06:48,Aprobada
TX-004194,004-406161,Maria Soto,Transferencia,14322.05,2026-10-26,22:12:05,Rechazada
TX-004195,005-626326,Elena Vargas,Deposito,4542.43,2026-04-12,09:56:13,Rechazada
TX-004196,001-319707,Pedro Castillo,Retiro,1129.56,2026-01-24,20:08:05,Observada
TX-004197,002-609255,Miguel Castro,Transferencia,3089.08,2026-07-31,02:12:30,Observada
TX-004198,001-183715,Pedro Castillo,PagoServicio,1492.24,2026-09-30,14:05:23,Aprobada
TX-004199,008-221641,Carlos Perez,Retiro,11742.54,2026-02-07,23:11:56,Anulada
TX-004200,005-988768,Miguel Castro,Transferencia,14945.42,2026-04-28,20:24:23,Observada
TX-004201,001-269420,Elena Vargas,Transferencia,4347.03,2026-02-16,07:18:51,Rechazada
TX-004202,009-581691,Miguel Castro,Deposito,4763.54,2026-12-19,21:07:43,Observada
TX-004203,002-910137,Elena Vargas,Retiro,14546.59,2026-07-05,00:42:48,Anulada
TX-004204,006-614703,Sofia Rojas,Deposito,12904.19,2026-03-14,19:50:04,Anulada
TX-004205,002-350444,Valeria Leon,Transferencia,572.26,2026-09-05,10:41:18,Observada
TX-004206,005-744524,Luis Ramos,PagoServicio,1840.49,2026-08-13,07:34:43,Pendiente
TX-004207,003-361623,Camila Ruiz,Retiro,1793.37,2026-04-21,06:41:19,Aprobada
TX-004208,002-844474,Carlos Perez,Transferencia,13802.02,2026-03-26,13:59:47,Pendiente
TX-004209,001-530927,Diego Flores,PagoServicio,14487.52,2026-03-14,01:24:54,Observada
TX-004210,002-526267,Valeria Leon,Deposito,12214.09,2026-05-11,22:19:38,Rechazada
TX-004211,006-284025,Rosa Herrera,PagoServicio,11096.51,2026-12-13,23:17:20,Aprobada
TX-004212,001-245679,Camila Ruiz,Deposito,4252.11,2026-10-07,21:04:28,Aprobada
TX-004213,008-712105,Valeria Leon,Deposito,7813.74,2026-12-22,07:29:58,Pendiente
TX-004214,007-509392,Diego Flores,Deposito,7605.19,2026-08-21,04:41:07,Rechazada
TX-004215,001-132113,Pedro Castillo,Transferencia,8866.80,2026-09-02,03:36:40,Pendiente
TX-004216,007-573345,Pedro Castillo,PagoServicio,3131.03,2026-05-22,09:18:02,Anulada
TX-004217,005-252719,Miguel Castro,Retiro,6729.34,2026-10-09,07:59:58,Aprobada
TX-004218,008-263643,Sofia Rojas,PagoServicio,2007.70,2026-09-11,18:13:26,Pendiente
TX-004219,007-484783,Ana Torres,Deposito,5747.90,2026-01-04,02:31:06,Observada
TX-004220,001-795559,Ana Torres,Transferencia,4417.96,2026-09-11,22:52:41,Pendiente
TX-004221,002-979579,Carlos Perez,Transferencia,14802.56,2026-05-27,19:53:46,Anulada
TX-004222,007-288777,Lucia Vega,Transferencia,11813.92,2026-07-18,19:43:55,Observada
TX-004223,002-105398,Ana Torres,PagoServicio,6143.58,2026-08-21,19:47:31,Aprobada
TX-004224,005-943272,Rosa Herrera,Transferencia,7293.06,2026-07-28,06:39:56,Rechazada
TX-004225,001-594626,Sofia Rojas,Retiro,2890.69,2026-10-07,15:57:31,Aprobada
TX-004226,002-468232,Miguel Castro,Retiro,2108.70,2026-02-25,11:13:39,Anulada
TX-004227,003-289772,Maria Soto,Retiro,4265.79,2026-07-28,04:20:54,Pendiente
TX-004228,008-442613,Miguel Castro,Retiro,7894.87,2026-05-20,00:01:03,Anulada
TX-004229,005-133501,Ana Torres,Deposito,1393.12,2026-10-10,01:30:44,Anulada
TX-004230,005-574345,Diego Flores,Transferencia,3430.31,2026-12-12,14:31:58,Aprobada
TX-004231,002-358237,Pedro Castillo,Transferencia,12392.38,2026-10-28,17:01:48,Pendiente
TX-004232,004-434164,Rosa Herrera,PagoServicio,13915.41,2026-03-05,23:24:48,Anulada
TX-004233,003-965748,Ana Torres,PagoServicio,4346.13,2026-09-06,09:05:58,Pendiente
TX-004234,008-683558,Ana Torres,PagoServicio,7867.62,2026-01-12,08:15:46,Rechazada
TX-004235,009-118028,Miguel Castro,Transferencia,365.71,2026-04-27,13:09:10,Aprobada
TX-004236,005-846895,Pedro Castillo,Retiro,4526.22,2026-08-27,04:02:19,Pendiente
TX-004237,003-924855,Rosa Herrera,Transferencia,13948.23,2026-04-12,23:57:15,Pendiente
TX-004238,008-682662,Sofia Rojas,PagoServicio,4324.68,2026-12-10,05:28:55,Rechazada
TX-004239,009-138181,Maria Soto,Transferencia,9626.98,2026-09-19,19:23:26,Anulada
TX-004240,004-123669,Sofia Rojas,Retiro,11342.57,2026-07-13,07:06:14,Anulada
TX-004241,001-806413,Carlos Perez,PagoServicio,8379.08,2026-10-28,05:53:50,Aprobada
TX-004242,003-202075,Carlos Perez,PagoServicio,3766.21,2026-12-23,09:41:55,Rechazada
TX-004243,007-725225,Diego Flores,Transferencia,4790.86,2026-05-09,21:50:46,Anulada
TX-004244,006-461214,Elena Vargas,PagoServicio,11765.88,2026-08-19,01:09:45,Anulada
TX-004245,005-831772,Rosa Herrera,Transferencia,8175.52,2026-04-19,01:32:47,Rechazada
TX-004246,001-974633,Sofia Rojas,PagoServicio,8500.92,2026-01-19,23:12:42,Pendiente
TX-004247,006-260669,Valeria Leon,PagoServicio,231.44,2026-01-26,21:28:48,Aprobada
TX-004248,007-447665,Sofia Rojas,PagoServicio,3616.49,2026-06-25,16:10:50,Pendiente
TX-004249,006-565622,Elena Vargas,Transferencia,1254.09,2026-05-04,15:12:46,Rechazada
TX-004250,008-534503,Luis Ramos,Retiro,6279.64,2026-08-06,12:52:18,Aprobada
TX-004251,005-716296,Elena Vargas,Transferencia,2108.80,2026-03-27,10:06:04,Aprobada
TX-004252,009-393971,Carlos Perez,PagoServicio,10846.06,2026-08-28,05:12:42,Anulada
TX-004253,003-771243,Diego Flores,PagoServicio,4443.46,2026-04-28,00:15:48,Observada
TX-004254,008-289110,Pedro Castillo,Transferencia,7977.24,2026-09-20,06:21:54,Rechazada
TX-004255,004-880084,Maria Soto,Deposito,2619.89,2026-04-28,02:00:41,Anulada
TX-004256,001-904040,Ana Torres,Deposito,1209.45,2026-10-03,12:26:30,Rechazada
TX-004257,005-215983,Fernando Diaz,Deposito,5136.70,2026-12-06,01:56:00,Observada
TX-004258,002-443543,Valeria Leon,Deposito,4736.73,2026-04-20,10:27:37,Anulada
TX-004259,001-502834,Maria Soto,PagoServicio,8450.86,2026-05-28,02:53:31,Aprobada
TX-004260,003-391032,Maria Soto,Deposito,6788.15,2026-04-03,21:08:59,Rechazada
TX-004261,004-789081,Maria Soto,Deposito,10138.09,2026-04-24,01:24:14,Pendiente
TX-004262,003-333036,Miguel Castro,Transferencia,4839.16,2026-07-28,20:50:56,Rechazada
TX-004263,009-505667,Carlos Perez,Transferencia,4200.22,2026-12-21,01:10:44,Rechazada
TX-004264,007-511366,Maria Soto,Transferencia,6644.90,2026-02-08,12:41:33,Observada
TX-004265,005-264599,Diego Flores,Retiro,12440.01,2026-01-11,06:27:53,Pendiente
TX-004266,002-527054,Jorge Medina,Retiro,13578.54,2026-05-20,11:49:28,Rechazada
TX-004267,003-525847,Sofia Rojas,Retiro,7127.84,2026-11-20,23:25:37,Aprobada
TX-004268,007-332040,Maria Soto,Deposito,11275.35,2026-03-25,16:07:43,Aprobada
TX-004269,004-714852,Maria Soto,Transferencia,4538.03,2026-10-31,00:19:02,Pendiente
TX-004270,001-293930,Maria Soto,Transferencia,6275.62,2026-09-18,18:07:45,Anulada
TX-004271,001-211403,Diego Flores,Retiro,9648.37,2026-03-24,04:41:15,Pendiente
TX-004272,004-613182,Diego Flores,PagoServicio,1280.44,2026-01-24,23:57:48,Aprobada
TX-004273,001-777513,Ana Torres,Retiro,10633.91,2026-09-09,16:05:14,Pendiente
TX-004274,007-204280,Sofia Rojas,Retiro,2771.25,2026-05-13,05:48:07,Observada
TX-004275,005-834017,Jorge Medina,Transferencia,7716.70,2026-05-24,02:21:14,Pendiente
TX-004276,005-102576,Fernando Diaz,PagoServicio,8694.71,2026-08-30,10:11:21,Rechazada
TX-004277,004-100493,Lucia Vega,Deposito,10907.08,2026-03-26,08:24:21,Rechazada
TX-004278,004-186868,Sofia Rojas,PagoServicio,6987.44,2026-10-31,15:16:35,Anulada
TX-004279,002-398701,Pedro Castillo,PagoServicio,4351.48,2026-10-13,00:36:04,Pendiente
TX-004280,004-565502,Ana Torres,Transferencia,9227.93,2026-10-21,23:09:50,Pendiente
TX-004281,004-810598,Diego Flores,Transferencia,13800.75,2026-09-18,05:35:54,Observada
TX-004282,008-548694,Sofia Rojas,PagoServicio,5106.32,2026-05-14,19:54:45,Rechazada
TX-004283,008-779584,Elena Vargas,PagoServicio,1012.78,2026-01-11,07:01:23,Anulada
TX-004284,003-680674,Luis Ramos,Deposito,7157.08,2026-01-22,08:06:56,Observada
TX-004285,002-935876,Fernando Diaz,Transferencia,2346.64,2026-04-06,12:00:52,Aprobada
TX-004286,002-509774,Jorge Medina,PagoServicio,370.37,2026-09-02,08:33:52,Observada
TX-004287,007-314431,Pedro Castillo,Retiro,2040.89,2026-03-19,01:25:54,Observada
TX-004288,002-665340,Pedro Castillo,Retiro,1083.47,2026-02-23,14:48:27,Observada
TX-004289,009-855458,Lucia Vega,Deposito,6217.14,2026-12-21,00:51:58,Observada
TX-004290,002-187164,Lucia Vega,Retiro,9098.05,2026-03-16,18:50:13,Aprobada
TX-004291,001-130322,Fernando Diaz,Retiro,6808.80,2026-05-11,17:49:28,Rechazada
TX-004292,009-692025,Elena Vargas,Retiro,13106.79,2026-10-01,00:47:54,Aprobada
TX-004293,004-250157,Lucia Vega,PagoServicio,5175.25,2026-09-13,19:34:51,Anulada
TX-004294,007-498447,Diego Flores,Retiro,1910.88,2026-07-05,22:15:09,Anulada
TX-004295,005-208298,Jorge Medina,Retiro,12023.70,2026-07-12,23:44:41,Observada
TX-004296,006-697819,Luis Ramos,Deposito,13433.80,2026-12-24,00:57:43,Anulada
TX-004297,003-143247,Luis Ramos,Transferencia,11686.36,2026-09-17,03:40:36,Aprobada
TX-004298,007-942875,Pedro Castillo,Retiro,10507.94,2026-06-02,14:16:25,Pendiente
TX-004299,003-552022,Jorge Medina,Retiro,13073.85,2026-05-24,05:28:02,Aprobada
TX-004300,003-611549,Maria Soto,Deposito,4745.68,2026-05-15,03:36:20,Rechazada
TX-004301,004-612763,Miguel Castro,Deposito,10092.89,2026-05-02,22:50:07,Observada
TX-004302,008-530684,Lucia Vega,PagoServicio,7674.53,2026-08-17,14:54:02,Observada
TX-004303,003-272686,Lucia Vega,Deposito,10625.29,2026-11-19,12:27:26,Aprobada
TX-004304,001-421731,Sofia Rojas,Retiro,4730.37,2026-06-10,12:00:32,Anulada
TX-004305,003-695048,Sofia Rojas,Deposito,5752.33,2026-12-27,17:07:48,Pendiente
TX-004306,002-249940,Miguel Castro,Transferencia,12996.86,2026-10-25,10:51:04,Rechazada
TX-004307,008-538190,Fernando Diaz,PagoServicio,2698.05,2026-03-31,20:56:40,Pendiente
TX-004308,001-743709,Jorge Medina,Retiro,3868.44,2026-12-07,17:21:41,Pendiente
TX-004309,003-176492,Maria Soto,Transferencia,4524.42,2026-12-04,08:39:07,Pendiente
TX-004310,001-295083,Maria Soto,Retiro,4397.68,2026-07-11,15:04:46,Observada
TX-004311,009-998661,Fernando Diaz,Transferencia,4310.25,2026-05-14,22:35:51,Observada
TX-004312,008-999646,Elena Vargas,Retiro,5609.97,2026-12-02,13:14:24,Anulada
TX-004313,005-832026,Camila Ruiz,Transferencia,6889.74,2026-03-21,01:47:58,Rechazada
TX-004314,009-240461,Luis Ramos,Deposito,6797.23,2026-09-22,07:58:17,Rechazada
TX-004315,004-302446,Jorge Medina,Retiro,10404.30,2026-12-26,19:16:40,Anulada
TX-004316,005-432038,Luis Ramos,PagoServicio,7328.68,2026-10-25,11:03:10,Observada
TX-004317,001-514632,Carlos Perez,PagoServicio,9455.80,2026-09-18,13:15:47,Rechazada
TX-004318,009-547048,Carlos Perez,Transferencia,1701.23,2026-02-23,17:13:11,Rechazada
TX-004319,001-961621,Miguel Castro,Transferencia,13371.21,2026-10-07,15:16:20,Anulada
TX-004320,005-627831,Elena Vargas,Deposito,1906.24,2026-11-14,07:59:13,Pendiente
TX-004321,009-313427,Carlos Perez,Retiro,6348.67,2026-06-25,06:58:10,Anulada
TX-004322,007-124055,Rosa Herrera,Retiro,14078.19,2026-09-26,11:44:08,Anulada
TX-004323,007-622993,Fernando Diaz,Transferencia,10462.70,2026-05-29,00:57:13,Aprobada
TX-004324,006-771209,Camila Ruiz,Deposito,9102.78,2026-04-22,02:05:19,Observada
TX-004325,003-125193,Valeria Leon,Deposito,13759.23,2026-04-19,17:09:10,Anulada
TX-004326,001-219248,Miguel Castro,Retiro,2192.11,2026-08-30,10:01:36,Pendiente
TX-004327,002-691318,Elena Vargas,Retiro,5619.26,2026-11-17,08:20:49,Aprobada
TX-004328,002-213541,Elena Vargas,Deposito,4383.69,2026-02-12,14:42:21,Observada
TX-004329,006-925316,Elena Vargas,Transferencia,8117.99,2026-01-19,22:43:59,Rechazada
TX-004330,009-869390,Valeria Leon,Transferencia,4294.76,2026-09-05,19:07:32,Aprobada
TX-004331,001-395536,Ana Torres,Deposito,3637.43,2026-05-16,08:55:00,Observada
TX-004332,007-633694,Pedro Castillo,Transferencia,10309.68,2026-11-20,18:04:04,Pendiente
TX-004333,004-647818,Camila Ruiz,Transferencia,4123.86,2026-09-08,18:36:16,Rechazada
TX-004334,008-425367,Jorge Medina,Deposito,5290.43,2026-01-20,09:27:44,Rechazada
TX-004335,001-754799,Camila Ruiz,Transferencia,1555.61,2026-06-06,15:10:35,Anulada
TX-004336,006-499961,Lucia Vega,PagoServicio,1658.75,2026-11-23,12:46:36,Observada
TX-004337,009-375003,Ana Torres,Transferencia,14431.38,2026-08-25,04:49:12,Aprobada
TX-004338,003-585060,Rosa Herrera,Transferencia,6077.93,2026-08-24,11:12:45,Anulada
TX-004339,009-777210,Fernando Diaz,Retiro,7261.16,2026-02-09,22:27:05,Observada
TX-004340,002-211886,Pedro Castillo,PagoServicio,6370.16,2026-11-07,05:39:52,Anulada
TX-004341,007-218303,Luis Ramos,PagoServicio,12400.76,2026-05-30,16:00:10,Observada
TX-004342,006-707274,Fernando Diaz,Retiro,9963.29,2026-03-04,01:44:10,Observada
TX-004343,002-599636,Miguel Castro,Transferencia,10794.06,2026-12-02,20:52:11,Aprobada
TX-004344,006-662361,Carlos Perez,Deposito,2851.97,2026-05-19,11:09:58,Anulada
TX-004345,002-716628,Pedro Castillo,PagoServicio,4913.96,2026-10-02,00:34:06,Rechazada
TX-004346,009-487572,Carlos Perez,Deposito,14278.31,2026-04-07,02:32:31,Anulada
TX-004347,009-271016,Lucia Vega,Retiro,5824.57,2026-09-14,02:35:43,Rechazada
TX-004348,002-590864,Elena Vargas,PagoServicio,5033.91,2026-01-17,19:43:08,Aprobada
TX-004349,006-665629,Miguel Castro,Deposito,13936.17,2026-06-16,02:59:02,Anulada
TX-004350,008-734128,Miguel Castro,Retiro,74.46,2026-12-06,19:19:55,Rechazada
TX-004351,001-258990,Rosa Herrera,Deposito,3075.58,2026-12-16,21:27:50,Observada
TX-004352,003-602257,Rosa Herrera,PagoServicio,6455.66,2026-08-06,13:12:54,Rechazada
TX-004353,005-432037,Luis Ramos,Deposito,12166.98,2026-10-03,18:48:06,Aprobada
TX-004354,003-435476,Maria Soto,Deposito,14151.38,2026-06-15,14:58:48,Aprobada
TX-004355,004-104632,Rosa Herrera,PagoServicio,12274.58,2026-12-22,10:53:57,Aprobada
TX-004356,009-691714,Elena Vargas,PagoServicio,1884.67,2026-10-08,10:05:23,Aprobada
TX-004357,008-902711,Miguel Castro,Retiro,8337.99,2026-10-05,16:30:44,Rechazada
TX-004358,008-931896,Jorge Medina,PagoServicio,6843.65,2026-10-18,01:34:13,Aprobada
TX-004359,002-896871,Valeria Leon,Deposito,2111.73,2026-02-19,19:34:42,Observada
TX-004360,009-508877,Carlos Perez,Transferencia,11705.69,2026-01-24,21:01:16,Aprobada
TX-004361,008-186973,Maria Soto,Transferencia,730.27,2026-02-24,23:23:52,Pendiente
TX-004362,003-302859,Lucia Vega,Deposito,7338.01,2026-12-12,00:56:07,Aprobada
TX-004363,006-874750,Camila Ruiz,PagoServicio,12733.01,2026-09-26,15:28:47,Observada
TX-004364,008-198498,Rosa Herrera,PagoServicio,14020.79,2026-09-21,06:04:23,Anulada
TX-004365,008-213598,Sofia Rojas,Deposito,10649.55,2026-06-18,17:51:24,Pendiente
TX-004366,007-522194,Rosa Herrera,PagoServicio,6106.73,2026-01-16,19:16:34,Anulada
TX-004367,007-649469,Miguel Castro,Retiro,2929.62,2026-10-30,12:36:27,Pendiente
TX-004368,001-118313,Diego Flores,Deposito,2293.56,2026-12-30,13:43:43,Pendiente
TX-004369,003-807226,Sofia Rojas,Deposito,2952.19,2026-06-28,05:11:35,Anulada
TX-004370,004-828296,Maria Soto,Retiro,12568.45,2026-08-14,00:54:57,Aprobada
TX-004371,005-355723,Diego Flores,Transferencia,6885.23,2026-05-21,12:38:49,Pendiente
TX-004372,008-804393,Carlos Perez,PagoServicio,760.53,2026-02-14,06:43:17,Pendiente
TX-004373,008-926897,Camila Ruiz,Transferencia,1248.41,2026-05-08,16:12:00,Aprobada
TX-004374,002-145986,Luis Ramos,PagoServicio,10635.50,2026-12-20,05:26:17,Rechazada
TX-004375,007-109346,Ana Torres,Transferencia,2026.91,2026-05-16,09:38:41,Anulada
TX-004376,004-801942,Lucia Vega,PagoServicio,13646.93,2026-08-21,04:35:01,Observada
TX-004377,009-995369,Carlos Perez,Retiro,4786.48,2026-07-17,03:10:32,Anulada
TX-004378,004-475554,Jorge Medina,Transferencia,9005.84,2026-02-11,20:44:25,Pendiente
TX-004379,007-594921,Diego Flores,Transferencia,12274.85,2026-05-30,06:54:14,Rechazada
TX-004380,009-533237,Camila Ruiz,PagoServicio,12797.43,2026-09-21,14:40:32,Rechazada
TX-004381,003-124060,Elena Vargas,Retiro,1383.37,2026-07-12,04:23:04,Rechazada
TX-004382,007-543843,Pedro Castillo,Retiro,11682.42,2026-02-25,03:24:53,Pendiente
TX-004383,007-664895,Pedro Castillo,Deposito,12876.09,2026-08-19,00:07:12,Rechazada
TX-004384,008-802347,Maria Soto,Deposito,49.18,2026-11-11,21:36:50,Aprobada
TX-004385,003-121801,Valeria Leon,PagoServicio,9964.42,2026-02-03,12:56:24,Pendiente
TX-004386,007-928281,Ana Torres,Deposito,1299.39,2026-01-10,08:30:50,Anulada
TX-004387,006-393395,Carlos Perez,Retiro,7437.65,2026-02-14,11:36:18,Observada
TX-004388,004-865075,Ana Torres,Retiro,14825.40,2026-05-05,09:06:59,Observada
TX-004389,004-499915,Diego Flores,Retiro,12179.23,2026-02-04,17:21:13,Aprobada
TX-004390,001-857472,Ana Torres,Transferencia,7899.59,2026-08-20,03:33:37,Anulada
TX-004391,004-169170,Valeria Leon,PagoServicio,7820.41,2026-10-10,09:14:06,Aprobada
TX-004392,005-995072,Miguel Castro,Transferencia,2610.62,2026-09-07,23:41:33,Rechazada
TX-004393,006-832975,Lucia Vega,Transferencia,5033.19,2026-12-09,01:28:31,Anulada
TX-004394,003-755352,Camila Ruiz,Transferencia,9328.35,2026-03-31,08:49:42,Aprobada
TX-004395,005-840585,Carlos Perez,PagoServicio,6263.21,2026-02-04,09:04:13,Rechazada
TX-004396,007-513042,Maria Soto,Transferencia,7682.56,2026-11-11,20:57:57,Aprobada
TX-004397,003-243765,Camila Ruiz,PagoServicio,7803.49,2026-05-16,10:57:34,Anulada
TX-004398,005-917689,Jorge Medina,Deposito,11538.86,2026-11-25,20:47:13,Aprobada
TX-004399,006-852675,Carlos Perez,Transferencia,14902.69,2026-12-02,05:16:22,Aprobada
TX-004400,001-465797,Camila Ruiz,Retiro,10118.40,2026-10-16,00:58:33,Rechazada
TX-004401,001-742643,Sofia Rojas,PagoServicio,13948.73,2026-08-23,19:50:32,Observada
TX-004402,009-404313,Maria Soto,Transferencia,8369.92,2026-02-18,11:08:44,Pendiente
TX-004403,003-799679,Sofia Rojas,Retiro,7120.82,2026-06-08,12:37:26,Pendiente
TX-004404,001-894262,Fernando Diaz,Transferencia,6088.99,2026-07-08,16:11:13,Observada
TX-004405,008-823600,Miguel Castro,Transferencia,7641.22,2026-07-05,21:57:31,Observada
TX-004406,003-790174,Valeria Leon,Retiro,6143.41,2026-04-02,17:25:38,Observada
TX-004407,009-651513,Elena Vargas,Deposito,378.38,2026-10-11,00:04:00,Observada
TX-004408,003-582229,Elena Vargas,PagoServicio,2586.74,2026-03-03,17:11:52,Rechazada
TX-004409,007-553252,Sofia Rojas,PagoServicio,7725.70,2026-09-26,09:47:49,Anulada
TX-004410,001-697558,Fernando Diaz,Retiro,6718.72,2026-06-04,05:04:22,Aprobada
TX-004411,007-956710,Pedro Castillo,Retiro,2817.05,2026-12-23,00:58:41,Anulada
TX-004412,009-738788,Ana Torres,PagoServicio,4378.59,2026-08-15,16:46:37,Rechazada
TX-004413,006-693075,Valeria Leon,Transferencia,2042.33,2026-05-13,14:03:49,Anulada
TX-004414,008-603601,Jorge Medina,Retiro,6513.17,2026-08-23,06:48:20,Observada
TX-004415,007-410783,Ana Torres,Retiro,13682.90,2026-05-24,10:39:41,Anulada
TX-004416,001-432490,Ana Torres,Transferencia,13777.66,2026-12-30,03:27:51,Pendiente
TX-004417,002-910765,Jorge Medina,Transferencia,13380.20,2026-10-31,04:43:48,Observada
TX-004418,006-606300,Valeria Leon,Retiro,8579.14,2026-11-16,14:35:17,Rechazada
TX-004419,006-515741,Pedro Castillo,Transferencia,8020.40,2026-06-21,10:09:26,Aprobada
TX-004420,002-982390,Lucia Vega,PagoServicio,600.27,2026-12-06,01:17:56,Pendiente
TX-004421,001-104574,Fernando Diaz,Retiro,3935.73,2026-08-19,19:53:28,Rechazada
TX-004422,009-568929,Valeria Leon,PagoServicio,5250.22,2026-06-29,19:59:25,Aprobada
TX-004423,004-773773,Ana Torres,Retiro,8848.86,2026-01-07,23:56:18,Aprobada
TX-004424,002-866599,Elena Vargas,Retiro,5105.03,2026-01-06,02:57:55,Aprobada
TX-004425,009-510438,Miguel Castro,Transferencia,7406.18,2026-03-08,09:02:47,Anulada
TX-004426,001-521003,Camila Ruiz,Deposito,2247.03,2026-03-12,08:30:57,Rechazada
TX-004427,004-992319,Carlos Perez,PagoServicio,9074.87,2026-11-15,18:46:53,Aprobada
TX-004428,009-116438,Sofia Rojas,Retiro,13297.67,2026-01-06,07:08:05,Observada
TX-004429,004-120775,Maria Soto,Deposito,11784.59,2026-12-18,08:24:05,Observada
TX-004430,007-245639,Lucia Vega,PagoServicio,5458.57,2026-07-02,08:44:33,Pendiente
TX-004431,001-831157,Rosa Herrera,Deposito,7427.32,2026-10-31,15:47:09,Aprobada
TX-004432,005-419894,Sofia Rojas,Deposito,13520.36,2026-09-21,10:06:53,Observada
TX-004433,005-152113,Fernando Diaz,PagoServicio,8145.82,2026-07-11,10:35:50,Rechazada
TX-004434,006-777318,Lucia Vega,Deposito,14096.77,2026-03-27,00:00:52,Pendiente
TX-004435,006-859749,Luis Ramos,Deposito,5718.45,2026-06-16,15:51:00,Anulada
TX-004436,009-794849,Miguel Castro,PagoServicio,5315.50,2026-12-06,10:15:20,Anulada
TX-004437,004-798621,Fernando Diaz,Deposito,7605.08,2026-11-02,11:10:01,Pendiente
TX-004438,009-877424,Miguel Castro,Retiro,9923.64,2026-12-26,22:40:23,Pendiente
TX-004439,009-549796,Camila Ruiz,Retiro,12821.59,2026-11-20,03:58:01,Observada
TX-004440,004-555267,Sofia Rojas,Deposito,7768.60,2026-04-04,08:06:30,Rechazada
TX-004441,001-795201,Rosa Herrera,PagoServicio,7096.71,2026-07-23,16:55:35,Observada
TX-004442,001-632563,Elena Vargas,Deposito,3663.11,2026-10-28,06:10:58,Observada
TX-004443,009-329054,Camila Ruiz,Deposito,4518.48,2026-12-05,08:48:06,Observada
TX-004444,006-661587,Ana Torres,Deposito,366.45,2026-10-09,04:43:32,Pendiente
TX-004445,006-938556,Ana Torres,Deposito,14917.95,2026-01-13,09:09:11,Anulada
TX-004446,003-657854,Lucia Vega,PagoServicio,6957.58,2026-10-12,14:20:36,Aprobada
TX-004447,001-580127,Carlos Perez,Deposito,2591.51,2026-10-22,10:32:50,Anulada
TX-004448,004-694694,Ana Torres,PagoServicio,6708.08,2026-12-22,05:25:11,Observada
TX-004449,003-985560,Diego Flores,Deposito,4051.92,2026-11-03,05:03:48,Pendiente
TX-004450,001-353429,Valeria Leon,Transferencia,960.90,2026-02-23,11:31:29,Pendiente
TX-004451,009-468222,Luis Ramos,Deposito,586.39,2026-02-21,12:26:11,Aprobada
TX-004452,005-460182,Ana Torres,Retiro,14391.73,2026-02-06,14:07:52,Pendiente
TX-004453,004-460099,Carlos Perez,Transferencia,2097.64,2026-06-30,04:44:55,Anulada
TX-004454,005-909268,Camila Ruiz,Retiro,12367.22,2026-10-19,12:04:08,Observada
TX-004455,006-297227,Luis Ramos,Transferencia,1684.01,2026-04-03,19:38:49,Pendiente
TX-004456,001-388118,Miguel Castro,Retiro,6022.56,2026-03-13,17:04:05,Observada
TX-004457,005-256224,Valeria Leon,PagoServicio,12608.99,2026-05-28,16:41:30,Rechazada
TX-004458,006-216401,Fernando Diaz,Transferencia,7858.35,2026-07-12,14:13:04,Rechazada
TX-004459,009-301786,Valeria Leon,Deposito,5234.94,2026-05-13,21:44:08,Aprobada
TX-004460,005-762616,Rosa Herrera,PagoServicio,14652.22,2026-11-06,23:38:08,Anulada
TX-004461,002-712997,Carlos Perez,Deposito,1415.57,2026-07-05,02:34:25,Pendiente
TX-004462,006-969056,Pedro Castillo,Deposito,11339.43,2026-03-27,09:47:54,Observada
TX-004463,001-902023,Sofia Rojas,Retiro,7113.86,2026-07-31,04:44:05,Aprobada
TX-004464,007-577760,Carlos Perez,Retiro,6639.51,2026-05-30,14:59:17,Aprobada
TX-004465,003-986944,Luis Ramos,Deposito,12458.53,2026-05-26,11:04:32,Observada
TX-004466,003-898019,Sofia Rojas,Deposito,13245.72,2026-03-09,11:55:54,Observada
TX-004467,001-638648,Lucia Vega,Transferencia,7672.35,2026-11-01,07:05:09,Observada
TX-004468,007-267545,Ana Torres,Transferencia,6364.21,2026-04-01,21:25:25,Aprobada
TX-004469,007-352181,Ana Torres,Retiro,13844.98,2026-08-21,03:05:16,Pendiente
TX-004470,002-556997,Fernando Diaz,PagoServicio,14115.96,2026-05-01,16:32:11,Pendiente
TX-004471,001-846876,Pedro Castillo,Retiro,13766.10,2026-02-18,13:28:56,Observada
TX-004472,008-338618,Camila Ruiz,Transferencia,14215.17,2026-10-23,09:12:12,Rechazada
TX-004473,005-919613,Carlos Perez,Transferencia,4635.56,2026-05-14,15:46:09,Aprobada
TX-004474,005-781797,Maria Soto,Transferencia,2187.29,2026-08-25,01:10:08,Rechazada
TX-004475,007-412244,Pedro Castillo,Transferencia,12886.72,2026-02-26,05:11:35,Anulada
TX-004476,003-923586,Fernando Diaz,Retiro,1614.93,2026-04-10,04:03:01,Rechazada
TX-004477,008-479387,Rosa Herrera,Deposito,6629.04,2026-07-01,04:38:17,Rechazada
TX-004478,002-215552,Fernando Diaz,Deposito,4399.14,2026-01-10,10:19:57,Pendiente
TX-004479,005-303510,Elena Vargas,Transferencia,7824.85,2026-10-02,16:01:43,Rechazada
TX-004480,005-360813,Sofia Rojas,Deposito,3383.11,2026-11-05,23:01:14,Aprobada
TX-004481,001-818983,Camila Ruiz,Retiro,9970.44,2026-08-16,06:58:44,Observada
TX-004482,008-224468,Camila Ruiz,Transferencia,4817.19,2026-06-08,10:50:16,Rechazada
TX-004483,002-805845,Elena Vargas,PagoServicio,9078.30,2026-06-01,09:26:58,Pendiente
TX-004484,002-573866,Carlos Perez,Retiro,7643.41,2026-11-23,22:38:16,Observada
TX-004485,003-818597,Diego Flores,Transferencia,11157.15,2026-10-11,22:51:06,Anulada
TX-004486,008-339691,Miguel Castro,Retiro,2359.40,2026-08-19,13:43:18,Anulada
TX-004487,004-516358,Diego Flores,Transferencia,11804.83,2026-06-21,21:49:49,Rechazada
TX-004488,008-556287,Rosa Herrera,PagoServicio,1717.49,2026-01-11,10:46:22,Pendiente
TX-004489,003-692319,Valeria Leon,PagoServicio,7314.99,2026-06-21,16:23:58,Pendiente
TX-004490,006-991753,Diego Flores,Transferencia,5603.67,2026-03-18,07:28:56,Aprobada
TX-004491,005-387481,Pedro Castillo,Transferencia,165.18,2026-03-10,23:10:50,Aprobada
TX-004492,003-913814,Camila Ruiz,PagoServicio,11138.59,2026-07-22,05:40:37,Rechazada
TX-004493,009-618381,Valeria Leon,Transferencia,13306.94,2026-10-17,05:48:58,Pendiente
TX-004494,006-157975,Maria Soto,Deposito,7549.95,2026-06-25,18:26:09,Observada
TX-004495,001-349288,Camila Ruiz,Transferencia,4090.29,2026-08-23,19:09:32,Rechazada
TX-004496,005-527910,Camila Ruiz,PagoServicio,10194.51,2026-04-26,13:48:33,Aprobada
TX-004497,009-845520,Fernando Diaz,Retiro,3609.00,2026-06-14,15:37:55,Anulada
TX-004498,009-200934,Ana Torres,Transferencia,13331.10,2026-11-19,09:08:05,Anulada
TX-004499,003-568091,Maria Soto,Transferencia,736.54,2026-10-19,09:41:58,Pendiente
TX-004500,002-355521,Carlos Perez,Deposito,5635.70,2026-02-09,01:11:39,Anulada
TX-004501,005-267439,Maria Soto,Transferencia,1487.12,2026-07-27,22:26:59,Anulada
TX-004502,003-479230,Rosa Herrera,Retiro,2615.45,2026-10-27,09:45:30,Anulada
TX-004503,004-818422,Fernando Diaz,Transferencia,13223.44,2026-09-19,00:35:50,Observada
TX-004504,009-227463,Fernando Diaz,PagoServicio,3341.73,2026-11-23,15:35:02,Aprobada
TX-004505,004-663579,Diego Flores,Transferencia,9731.21,2026-09-30,09:39:00,Observada
TX-004506,004-874142,Sofia Rojas,Transferencia,6993.19,2026-07-18,04:09:39,Anulada
TX-004507,005-779494,Jorge Medina,PagoServicio,7237.32,2026-01-18,22:21:48,Aprobada
TX-004508,001-470764,Maria Soto,Transferencia,3862.12,2026-10-06,13:27:13,Aprobada
TX-004509,001-596908,Elena Vargas,Transferencia,6856.71,2026-06-18,10:23:31,Rechazada
TX-004510,005-687861,Pedro Castillo,Transferencia,11918.89,2026-09-18,16:53:36,Anulada
TX-004511,006-209261,Maria Soto,Retiro,6887.08,2026-07-25,11:26:31,Pendiente
TX-004512,002-901896,Luis Ramos,Transferencia,9337.01,2026-11-07,03:00:08,Pendiente
TX-004513,006-372149,Elena Vargas,Deposito,6310.53,2026-07-03,13:03:11,Rechazada
TX-004514,007-460832,Pedro Castillo,PagoServicio,12342.31,2026-08-22,00:46:35,Rechazada
TX-004515,008-548566,Jorge Medina,Transferencia,3552.55,2026-06-23,06:23:36,Aprobada
TX-004516,009-624787,Sofia Rojas,Retiro,12698.40,2026-04-04,09:47:13,Anulada
TX-004517,006-520260,Luis Ramos,Retiro,11135.36,2026-10-25,01:30:01,Observada
TX-004518,008-670323,Carlos Perez,Transferencia,5590.11,2026-07-12,00:19:04,Rechazada
TX-004519,008-203227,Carlos Perez,PagoServicio,11214.12,2026-11-16,16:26:50,Aprobada
TX-004520,003-864871,Maria Soto,Retiro,10313.98,2026-12-27,06:07:55,Pendiente
TX-004521,007-172191,Lucia Vega,Deposito,11814.01,2026-12-10,23:45:15,Observada
TX-004522,003-618247,Sofia Rojas,Retiro,10915.54,2026-01-01,07:54:30,Pendiente
TX-004523,002-175097,Rosa Herrera,PagoServicio,6247.28,2026-02-07,13:53:24,Pendiente
TX-004524,003-756628,Camila Ruiz,Transferencia,5625.15,2026-04-25,18:27:39,Anulada
TX-004525,004-218168,Diego Flores,PagoServicio,14855.35,2026-10-14,06:28:28,Observada
TX-004526,004-535849,Lucia Vega,PagoServicio,417.93,2026-04-08,04:31:01,Observada
TX-004527,006-495426,Valeria Leon,PagoServicio,8901.40,2026-12-17,10:55:20,Observada
TX-004528,001-326964,Sofia Rojas,Retiro,54.82,2026-04-19,01:58:50,Anulada
TX-004529,004-610049,Camila Ruiz,Retiro,6029.45,2026-03-30,03:54:58,Aprobada
TX-004530,006-704664,Maria Soto,Retiro,11694.17,2026-10-02,13:13:20,Anulada
TX-004531,002-793444,Camila Ruiz,Retiro,7243.49,2026-01-23,09:20:49,Observada
TX-004532,006-727373,Carlos Perez,Deposito,975.56,2026-12-19,13:42:30,Pendiente
TX-004533,001-495439,Fernando Diaz,Retiro,8689.35,2026-02-01,19:53:07,Anulada
TX-004534,008-278613,Maria Soto,Retiro,4218.68,2026-02-18,04:29:00,Anulada
TX-004535,004-121414,Luis Ramos,Transferencia,6700.79,2026-08-15,13:34:44,Observada
TX-004536,001-989173,Miguel Castro,PagoServicio,5026.64,2026-06-24,01:31:22,Anulada
TX-004537,009-788042,Lucia Vega,PagoServicio,13416.91,2026-08-14,21:14:01,Anulada
TX-004538,008-754607,Diego Flores,Transferencia,4742.70,2026-12-28,02:54:33,Rechazada
TX-004539,002-614150,Luis Ramos,Transferencia,4194.60,2026-11-28,12:45:21,Observada
TX-004540,006-537789,Pedro Castillo,Transferencia,8297.85,2026-07-27,14:14:50,Aprobada
TX-004541,001-553685,Luis Ramos,PagoServicio,3176.78,2026-11-07,23:53:29,Pendiente
TX-004542,007-355070,Luis Ramos,PagoServicio,3009.74,2026-02-06,13:14:48,Rechazada
TX-004543,008-484327,Miguel Castro,Deposito,6734.98,2026-03-11,03:09:33,Observada
TX-004544,002-538884,Diego Flores,Deposito,9135.95,2026-03-26,15:08:54,Observada
TX-004545,009-631750,Luis Ramos,Transferencia,8613.64,2026-12-13,06:39:32,Rechazada
TX-004546,009-994378,Fernando Diaz,Transferencia,5885.54,2026-03-06,17:39:36,Aprobada
TX-004547,002-900702,Carlos Perez,Transferencia,7498.87,2026-06-15,10:46:40,Observada
TX-004548,006-297682,Rosa Herrera,Retiro,1732.64,2026-03-28,03:21:26,Rechazada
TX-004549,007-226389,Rosa Herrera,Retiro,1162.46,2026-08-27,10:09:04,Anulada
TX-004550,006-380767,Diego Flores,Transferencia,11317.15,2026-01-18,15:14:32,Pendiente
TX-004551,001-354460,Jorge Medina,Retiro,9024.64,2026-10-19,04:02:14,Pendiente
TX-004552,006-640948,Rosa Herrera,Deposito,7557.80,2026-05-13,17:18:25,Observada
TX-004553,004-813118,Diego Flores,Transferencia,2305.70,2026-11-27,08:16:22,Pendiente
TX-004554,004-733084,Camila Ruiz,Retiro,2191.04,2026-05-06,02:43:03,Pendiente
TX-004555,002-559218,Rosa Herrera,Deposito,1055.40,2026-08-22,02:15:32,Rechazada
TX-004556,006-684739,Elena Vargas,Transferencia,9443.96,2026-11-24,09:43:39,Pendiente
TX-004557,008-541420,Elena Vargas,Retiro,13570.01,2026-02-11,06:43:44,Rechazada
TX-004558,004-525528,Rosa Herrera,Transferencia,1831.50,2026-07-30,11:48:22,Observada
TX-004559,004-699206,Diego Flores,Deposito,5376.53,2026-02-07,22:19:50,Rechazada
TX-004560,009-363915,Pedro Castillo,Retiro,1416.30,2026-06-01,07:26:42,Rechazada
TX-004561,001-732404,Carlos Perez,Transferencia,13422.40,2026-11-08,01:40:19,Observada
TX-004562,007-646639,Camila Ruiz,Deposito,11629.80,2026-08-30,11:14:43,Aprobada
TX-004563,007-829560,Camila Ruiz,Deposito,5441.81,2026-11-03,03:06:54,Anulada
TX-004564,009-587392,Maria Soto,Deposito,13720.85,2026-01-13,11:17:27,Anulada
TX-004565,003-836748,Luis Ramos,PagoServicio,7256.99,2026-10-29,12:34:14,Rechazada
TX-004566,006-782466,Rosa Herrera,Transferencia,6283.87,2026-07-17,08:58:29,Aprobada
TX-004567,002-316211,Carlos Perez,PagoServicio,2889.72,2026-06-16,12:38:03,Observada
TX-004568,001-601449,Fernando Diaz,Retiro,1824.15,2026-09-13,02:24:02,Rechazada
TX-004569,005-111749,Fernando Diaz,Retiro,4591.39,2026-09-10,14:41:29,Rechazada
TX-004570,003-870677,Miguel Castro,Deposito,1419.92,2026-08-28,12:20:03,Anulada
TX-004571,004-950141,Rosa Herrera,Transferencia,6182.80,2026-12-21,07:50:12,Rechazada
TX-004572,003-869151,Carlos Perez,PagoServicio,4696.94,2026-12-17,05:16:04,Aprobada
TX-004573,002-670716,Luis Ramos,Deposito,4359.94,2026-03-07,07:41:57,Pendiente
TX-004574,009-994442,Lucia Vega,Retiro,10044.34,2026-09-17,11:38:21,Aprobada
TX-004575,003-826796,Lucia Vega,Retiro,12129.56,2026-10-20,19:12:31,Pendiente
TX-004576,001-831598,Diego Flores,Deposito,6593.88,2026-05-17,07:54:16,Aprobada
TX-004577,002-800771,Fernando Diaz,PagoServicio,9863.98,2026-05-11,15:07:50,Observada
TX-004578,005-108456,Diego Flores,Deposito,1554.72,2026-07-12,05:40:02,Pendiente
TX-004579,004-751162,Valeria Leon,Transferencia,13459.85,2026-07-01,13:01:31,Aprobada
TX-004580,006-426155,Miguel Castro,Retiro,4508.23,2026-05-07,03:14:34,Aprobada
TX-004581,001-633275,Elena Vargas,Retiro,5789.30,2026-01-30,13:14:27,Aprobada
TX-004582,001-774238,Carlos Perez,Deposito,5756.13,2026-08-28,10:13:24,Pendiente
TX-004583,003-885749,Diego Flores,Retiro,538.14,2026-03-09,18:27:12,Rechazada
TX-004584,008-500798,Fernando Diaz,PagoServicio,6497.41,2026-09-15,20:36:10,Observada
TX-004585,003-913031,Maria Soto,Deposito,3513.58,2026-07-28,15:37:16,Observada
TX-004586,002-696305,Lucia Vega,Transferencia,12523.12,2026-08-31,18:28:15,Anulada
TX-004587,004-738404,Camila Ruiz,Transferencia,12538.26,2026-11-04,23:45:26,Rechazada
TX-004588,005-232976,Lucia Vega,Retiro,4417.90,2026-05-28,00:18:39,Observada
TX-004589,003-637277,Fernando Diaz,Retiro,4059.68,2026-03-16,07:11:21,Rechazada
TX-004590,005-807312,Valeria Leon,Retiro,14284.56,2026-04-10,22:42:56,Rechazada
TX-004591,008-488945,Luis Ramos,PagoServicio,6548.34,2026-08-26,18:59:38,Pendiente
TX-004592,001-632393,Sofia Rojas,Deposito,12180.91,2026-03-10,05:54:08,Pendiente
TX-004593,004-862795,Valeria Leon,Retiro,5761.95,2026-08-29,20:53:22,Rechazada
TX-004594,009-445788,Pedro Castillo,Transferencia,6752.00,2026-03-21,07:18:16,Pendiente
TX-004595,001-705676,Miguel Castro,Deposito,2454.71,2026-10-22,19:29:42,Anulada
TX-004596,009-946159,Diego Flores,Deposito,9135.59,2026-12-08,10:09:34,Observada
TX-004597,001-360821,Diego Flores,PagoServicio,12101.96,2026-08-23,23:28:00,Observada
TX-004598,005-442631,Carlos Perez,Deposito,9018.09,2026-11-23,00:46:15,Observada
TX-004599,007-444076,Ana Torres,Deposito,6874.02,2026-11-08,16:28:25,Anulada
TX-004600,009-311192,Ana Torres,Transferencia,11432.71,2026-11-06,23:28:51,Anulada
TX-004601,006-387277,Maria Soto,PagoServicio,3191.88,2026-04-17,17:03:27,Pendiente
TX-004602,007-799360,Sofia Rojas,PagoServicio,6451.20,2026-08-17,18:16:38,Anulada
TX-004603,005-579183,Ana Torres,PagoServicio,10514.94,2026-06-27,16:55:05,Aprobada
TX-004604,007-712622,Ana Torres,Transferencia,12695.73,2026-08-30,06:14:28,Observada
TX-004605,002-184718,Ana Torres,Retiro,11978.33,2026-04-12,05:59:34,Observada
TX-004606,002-453078,Sofia Rojas,PagoServicio,12440.75,2026-06-12,15:47:27,Observada
TX-004607,006-100054,Camila Ruiz,Deposito,1157.84,2026-10-10,17:11:04,Anulada
TX-004608,007-120974,Camila Ruiz,Transferencia,5771.55,2026-09-15,04:01:27,Pendiente
TX-004609,005-690322,Elena Vargas,Retiro,3074.11,2026-09-27,15:17:29,Rechazada
TX-004610,006-740361,Elena Vargas,PagoServicio,8636.50,2026-05-08,06:04:13,Aprobada
TX-004611,005-439953,Rosa Herrera,Transferencia,9689.24,2026-10-31,12:28:45,Observada
TX-004612,007-998495,Fernando Diaz,Retiro,7272.24,2026-05-01,17:29:14,Aprobada
TX-004613,003-964890,Fernando Diaz,Deposito,13519.60,2026-11-05,21:42:35,Anulada
TX-004614,007-175603,Jorge Medina,Retiro,13493.63,2026-11-08,06:52:08,Observada
TX-004615,002-415267,Ana Torres,Retiro,4963.27,2026-12-01,20:19:36,Rechazada
TX-004616,009-439451,Miguel Castro,PagoServicio,6423.21,2026-03-08,23:09:39,Observada
TX-004617,005-639138,Rosa Herrera,Transferencia,9441.48,2026-10-23,09:13:23,Rechazada
TX-004618,009-778245,Lucia Vega,Retiro,11383.53,2026-06-08,03:24:55,Anulada
TX-004619,001-803776,Sofia Rojas,Retiro,4852.91,2026-05-17,05:38:12,Rechazada
TX-004620,001-855069,Miguel Castro,Transferencia,335.82,2026-01-31,20:40:49,Rechazada
TX-004621,008-675952,Diego Flores,PagoServicio,9020.22,2026-02-02,15:29:17,Anulada
TX-004622,004-101608,Rosa Herrera,Deposito,9644.08,2026-07-15,14:57:53,Pendiente
TX-004623,003-842510,Jorge Medina,PagoServicio,5260.67,2026-05-27,01:01:11,Observada
TX-004624,001-326738,Sofia Rojas,Deposito,6230.16,2026-01-21,00:59:53,Rechazada
TX-004625,007-326106,Lucia Vega,Deposito,10203.24,2026-03-24,01:19:02,Anulada
TX-004626,005-522540,Valeria Leon,PagoServicio,11210.65,2026-10-07,03:03:24,Rechazada
TX-004627,004-210049,Valeria Leon,Transferencia,10117.24,2026-02-28,11:07:37,Rechazada
TX-004628,004-488794,Jorge Medina,PagoServicio,1340.77,2026-10-05,07:33:45,Aprobada
TX-004629,008-330519,Miguel Castro,Transferencia,13289.77,2026-04-28,01:44:49,Pendiente
TX-004630,006-583376,Jorge Medina,PagoServicio,2604.16,2026-06-10,13:52:46,Rechazada
TX-004631,007-356904,Sofia Rojas,PagoServicio,8077.36,2026-09-28,12:58:22,Aprobada
TX-004632,009-744091,Elena Vargas,PagoServicio,12207.62,2026-04-13,21:39:47,Observada
TX-004633,006-743066,Lucia Vega,Deposito,9754.45,2026-04-21,18:48:47,Anulada
TX-004634,006-245057,Diego Flores,Deposito,12728.14,2026-06-23,06:11:15,Observada
TX-004635,005-965942,Miguel Castro,Transferencia,14434.92,2026-11-01,11:29:08,Rechazada
TX-004636,008-508203,Jorge Medina,PagoServicio,8368.01,2026-04-20,06:46:07,Aprobada
TX-004637,005-257598,Ana Torres,PagoServicio,6324.54,2026-05-18,17:57:51,Aprobada
TX-004638,005-725761,Jorge Medina,Deposito,3003.82,2026-02-04,06:42:25,Aprobada
TX-004639,006-891025,Jorge Medina,Retiro,9779.59,2026-03-22,18:20:10,Aprobada
TX-004640,001-927081,Ana Torres,Transferencia,8568.92,2026-04-18,20:56:26,Aprobada
TX-004641,007-490700,Sofia Rojas,Deposito,10892.33,2026-02-28,06:14:32,Rechazada
TX-004642,005-857440,Lucia Vega,Deposito,3670.05,2026-11-07,21:06:34,Pendiente
TX-004643,007-483209,Carlos Perez,Deposito,14307.93,2026-12-21,21:07:20,Rechazada
TX-004644,003-531612,Sofia Rojas,Transferencia,9473.15,2026-12-22,12:20:52,Aprobada
TX-004645,001-372869,Jorge Medina,Transferencia,12833.45,2026-08-10,14:33:45,Aprobada
TX-004646,002-162841,Fernando Diaz,Retiro,12225.84,2026-08-16,03:47:47,Pendiente
TX-004647,007-181575,Luis Ramos,PagoServicio,12504.89,2026-02-01,04:54:51,Aprobada
TX-004648,009-206747,Camila Ruiz,Deposito,7540.71,2026-10-18,20:01:40,Observada
TX-004649,005-521310,Sofia Rojas,Transferencia,4686.26,2026-04-29,23:58:22,Observada
TX-004650,008-545697,Elena Vargas,Transferencia,7665.79,2026-10-24,18:03:57,Observada
TX-004651,009-610510,Camila Ruiz,Transferencia,4217.16,2026-06-29,06:02:05,Anulada
TX-004652,007-519320,Camila Ruiz,PagoServicio,8217.93,2026-02-27,04:34:26,Anulada
TX-004653,001-876338,Pedro Castillo,Retiro,5539.21,2026-05-14,05:51:45,Anulada
TX-004654,006-117590,Valeria Leon,Transferencia,4150.63,2026-03-05,17:15:18,Rechazada
TX-004655,004-103784,Fernando Diaz,Retiro,8618.03,2026-03-14,05:02:50,Observada
TX-004656,007-399654,Miguel Castro,Transferencia,4740.03,2026-11-22,12:21:56,Observada
TX-004657,004-753411,Valeria Leon,PagoServicio,2629.28,2026-03-02,09:58:50,Aprobada
TX-004658,005-157456,Pedro Castillo,Transferencia,3252.06,2026-02-04,06:27:03,Anulada
TX-004659,007-494365,Ana Torres,Deposito,7273.46,2026-06-25,04:15:04,Rechazada
TX-004660,004-678565,Diego Flores,Transferencia,3807.42,2026-10-12,18:13:14,Anulada
TX-004661,006-275803,Lucia Vega,PagoServicio,4495.49,2026-04-28,10:59:49,Rechazada
TX-004662,001-297108,Pedro Castillo,Deposito,4237.57,2026-01-07,11:32:03,Rechazada
TX-004663,004-921130,Valeria Leon,PagoServicio,9680.64,2026-11-22,13:32:51,Pendiente
TX-004664,002-663369,Elena Vargas,PagoServicio,6210.16,2026-12-26,11:52:50,Observada
TX-004665,008-417137,Luis Ramos,Retiro,1361.69,2026-03-21,01:16:38,Pendiente
TX-004666,002-630036,Camila Ruiz,Retiro,139.85,2026-05-19,00:01:22,Anulada
TX-004667,006-305096,Lucia Vega,PagoServicio,11588.97,2026-07-27,14:00:37,Aprobada
TX-004668,006-320240,Diego Flores,Deposito,9569.05,2026-09-27,10:22:19,Aprobada
TX-004669,008-677112,Diego Flores,Deposito,5162.47,2026-08-30,19:13:06,Anulada
TX-004670,001-948136,Diego Flores,Deposito,10591.17,2026-09-21,01:58:50,Aprobada
TX-004671,003-680911,Sofia Rojas,Deposito,5421.48,2026-07-21,11:50:20,Aprobada
TX-004672,007-583095,Pedro Castillo,Retiro,3234.83,2026-03-21,19:42:57,Aprobada
TX-004673,004-426158,Valeria Leon,Transferencia,8220.50,2026-10-06,06:02:51,Aprobada
TX-004674,001-305602,Valeria Leon,Transferencia,12288.67,2026-12-03,09:05:25,Observada
TX-004675,004-371702,Maria Soto,Retiro,4683.23,2026-03-02,23:13:02,Aprobada
TX-004676,006-702127,Jorge Medina,Retiro,14671.34,2026-11-25,22:32:04,Aprobada
TX-004677,002-281811,Luis Ramos,Deposito,2329.52,2026-12-18,07:30:30,Rechazada
TX-004678,005-195082,Luis Ramos,Deposito,10858.70,2026-02-04,05:20:52,Rechazada
TX-004679,004-187920,Pedro Castillo,Deposito,5443.02,2026-11-26,17:01:10,Aprobada
TX-004680,002-436307,Carlos Perez,Transferencia,2855.24,2026-11-10,23:27:42,Pendiente
TX-004681,005-110761,Jorge Medina,PagoServicio,7997.03,2026-09-18,20:52:17,Aprobada
TX-004682,001-746592,Elena Vargas,PagoServicio,5414.83,2026-08-02,05:19:35,Pendiente
TX-004683,006-435299,Jorge Medina,PagoServicio,11123.92,2026-10-02,22:17:47,Observada
TX-004684,004-885710,Rosa Herrera,Deposito,4889.79,2026-12-11,05:20:10,Pendiente
TX-004685,002-921124,Valeria Leon,Retiro,8968.56,2026-02-08,04:02:27,Rechazada
TX-004686,007-743694,Miguel Castro,Deposito,5125.24,2026-01-22,09:20:57,Observada
TX-004687,005-817683,Luis Ramos,Transferencia,353.39,2026-02-10,15:19:47,Observada
TX-004688,007-823540,Diego Flores,Transferencia,268.87,2026-12-14,15:36:12,Anulada
TX-004689,003-267811,Camila Ruiz,Deposito,2018.62,2026-10-15,09:47:52,Aprobada
TX-004690,007-661561,Maria Soto,PagoServicio,12365.16,2026-12-26,06:08:22,Rechazada
TX-004691,003-820386,Luis Ramos,PagoServicio,5344.04,2026-09-05,18:55:55,Observada
TX-004692,003-781976,Rosa Herrera,PagoServicio,12536.52,2026-08-09,18:37:28,Observada
TX-004693,003-131957,Valeria Leon,Retiro,9475.09,2026-07-12,20:21:42,Anulada
TX-004694,002-881981,Ana Torres,Transferencia,5185.49,2026-03-31,11:25:58,Rechazada
TX-004695,006-616189,Maria Soto,Retiro,8273.51,2026-06-27,00:58:13,Aprobada
TX-004696,004-265570,Maria Soto,Transferencia,708.93,2026-09-08,15:27:22,Observada
TX-004697,005-686003,Pedro Castillo,PagoServicio,11027.89,2026-04-09,16:16:39,Rechazada
TX-004698,009-585575,Luis Ramos,Retiro,9154.80,2026-02-04,07:41:22,Pendiente
TX-004699,006-295314,Elena Vargas,Transferencia,4974.43,2026-07-18,17:34:22,Aprobada
TX-004700,003-762440,Valeria Leon,PagoServicio,248.87,2026-05-28,14:49:11,Aprobada
TX-004701,005-679252,Ana Torres,Retiro,11871.51,2026-11-20,00:30:17,Rechazada
TX-004702,005-113415,Sofia Rojas,Deposito,12709.50,2026-12-11,05:55:46,Observada
TX-004703,005-573070,Rosa Herrera,PagoServicio,10391.92,2026-08-24,17:31:49,Pendiente
TX-004704,001-852895,Diego Flores,Transferencia,3865.06,2026-02-02,09:38:19,Anulada
TX-004705,009-446535,Sofia Rojas,PagoServicio,14444.42,2026-04-11,19:30:36,Rechazada
TX-004706,001-198323,Elena Vargas,PagoServicio,4945.14,2026-11-23,14:39:57,Pendiente
TX-004707,007-944375,Maria Soto,Retiro,7727.20,2026-07-11,03:02:56,Anulada
TX-004708,009-635246,Jorge Medina,PagoServicio,5220.44,2026-09-28,18:54:21,Anulada
TX-004709,004-177666,Carlos Perez,PagoServicio,9888.44,2026-01-21,09:01:34,Observada
TX-004710,003-244758,Miguel Castro,Transferencia,13271.97,2026-02-07,22:30:28,Rechazada
TX-004711,009-500755,Ana Torres,Deposito,7235.10,2026-08-17,19:00:44,Pendiente
TX-004712,008-183510,Rosa Herrera,Transferencia,3222.64,2026-01-07,11:26:04,Rechazada
TX-004713,006-227143,Rosa Herrera,Deposito,12854.00,2026-07-22,08:35:17,Anulada
TX-004714,006-865305,Carlos Perez,Retiro,14261.57,2026-08-10,04:28:37,Pendiente
TX-004715,005-176984,Diego Flores,Transferencia,3901.64,2026-11-11,03:17:58,Anulada
TX-004716,001-479256,Carlos Perez,Deposito,6613.09,2026-08-06,18:58:52,Rechazada
TX-004717,006-197492,Fernando Diaz,PagoServicio,7118.74,2026-09-06,09:32:53,Aprobada
TX-004718,006-864110,Carlos Perez,Retiro,9866.04,2026-06-02,22:53:04,Observada
TX-004719,001-947069,Valeria Leon,Deposito,12969.33,2026-10-22,19:41:24,Anulada
TX-004720,007-954266,Camila Ruiz,PagoServicio,12522.35,2026-05-09,19:56:07,Observada
TX-004721,003-721806,Elena Vargas,Retiro,5519.72,2026-09-15,16:34:26,Anulada
TX-004722,003-266566,Valeria Leon,Retiro,10756.39,2026-12-16,22:34:57,Aprobada
TX-004723,002-652539,Carlos Perez,Retiro,3689.59,2026-03-23,10:15:10,Aprobada
TX-004724,007-634724,Valeria Leon,Deposito,6412.14,2026-10-10,12:43:37,Pendiente
TX-004725,007-608515,Elena Vargas,PagoServicio,9590.69,2026-07-15,02:32:16,Aprobada
TX-004726,007-392072,Pedro Castillo,Retiro,7199.65,2026-04-15,09:24:18,Pendiente
TX-004727,006-971315,Diego Flores,PagoServicio,5027.50,2026-01-31,19:35:24,Rechazada
TX-004728,006-767081,Carlos Perez,Transferencia,14065.05,2026-05-06,04:46:24,Pendiente
TX-004729,006-728831,Camila Ruiz,Retiro,13857.25,2026-09-29,20:39:40,Anulada
TX-004730,008-387873,Valeria Leon,PagoServicio,14480.87,2026-02-03,18:45:52,Aprobada
TX-004731,005-652141,Sofia Rojas,Retiro,6433.85,2026-05-06,12:43:37,Aprobada
TX-004732,002-928279,Diego Flores,PagoServicio,6371.77,2026-05-10,23:07:08,Rechazada
TX-004733,005-742911,Sofia Rojas,Deposito,11809.08,2026-01-28,22:32:35,Pendiente
TX-004734,007-425772,Elena Vargas,Transferencia,9174.55,2026-06-21,02:41:13,Anulada
TX-004735,007-349123,Elena Vargas,Transferencia,13703.59,2026-01-20,08:21:34,Anulada
TX-004736,004-468010,Fernando Diaz,Retiro,924.77,2026-02-12,19:40:20,Observada
TX-004737,004-977787,Ana Torres,Transferencia,11381.43,2026-05-08,02:28:48,Anulada
TX-004738,008-783889,Camila Ruiz,Retiro,2596.55,2026-04-20,01:04:35,Rechazada
TX-004739,003-649795,Lucia Vega,Retiro,4586.59,2026-09-15,09:54:58,Anulada
TX-004740,003-602894,Sofia Rojas,PagoServicio,8303.93,2026-08-09,11:35:10,Anulada
TX-004741,005-557067,Camila Ruiz,Transferencia,14324.22,2026-11-09,10:09:05,Anulada
TX-004742,001-387932,Ana Torres,Retiro,2956.06,2026-04-27,12:18:55,Anulada
TX-004743,001-175486,Miguel Castro,Deposito,13058.30,2026-06-20,08:21:40,Rechazada
TX-004744,006-933157,Elena Vargas,PagoServicio,6009.67,2026-10-18,01:20:26,Observada
TX-004745,002-462723,Pedro Castillo,Deposito,4095.76,2026-12-09,01:11:45,Aprobada
TX-004746,006-356951,Diego Flores,Retiro,13388.52,2026-01-16,21:14:33,Anulada
TX-004747,007-608093,Miguel Castro,Deposito,13971.61,2026-11-17,06:43:05,Observada
TX-004748,003-619855,Maria Soto,Transferencia,9440.60,2026-10-19,00:47:28,Rechazada
TX-004749,007-830609,Miguel Castro,Deposito,9364.52,2026-01-25,10:53:25,Aprobada
TX-004750,003-845115,Valeria Leon,Deposito,6137.43,2026-10-14,22:54:55,Rechazada
TX-004751,009-482133,Fernando Diaz,Transferencia,2568.98,2026-02-03,04:50:12,Pendiente
TX-004752,006-857758,Elena Vargas,Retiro,8360.67,2026-12-01,08:07:35,Aprobada
TX-004753,008-576041,Pedro Castillo,Deposito,8239.85,2026-02-04,16:43:00,Rechazada
TX-004754,007-291252,Sofia Rojas,Deposito,3270.99,2026-08-24,20:49:06,Pendiente
TX-004755,007-600896,Camila Ruiz,Deposito,4335.68,2026-06-03,13:37:07,Aprobada
TX-004756,008-688438,Diego Flores,Transferencia,12469.53,2026-11-19,09:25:42,Pendiente
TX-004757,002-798670,Rosa Herrera,Transferencia,9111.18,2026-01-26,02:48:22,Observada
TX-004758,008-492843,Pedro Castillo,Transferencia,2306.12,2026-09-21,03:33:39,Pendiente
TX-004759,005-200639,Rosa Herrera,Deposito,9064.19,2026-03-06,03:52:53,Pendiente
TX-004760,004-804836,Luis Ramos,PagoServicio,13765.62,2026-08-29,18:00:12,Anulada
TX-004761,003-645273,Rosa Herrera,Retiro,7765.07,2026-09-08,03:22:47,Pendiente
TX-004762,008-385331,Jorge Medina,PagoServicio,6521.25,2026-05-28,06:43:46,Pendiente
TX-004763,001-604793,Ana Torres,Deposito,4898.89,2026-10-09,16:08:19,Anulada
TX-004764,005-780150,Rosa Herrera,Retiro,9583.32,2026-04-29,19:21:31,Rechazada
TX-004765,007-663130,Jorge Medina,PagoServicio,1536.71,2026-11-30,22:08:06,Observada
TX-004766,003-247706,Fernando Diaz,Transferencia,12452.73,2026-04-14,03:51:53,Anulada
TX-004767,001-610527,Sofia Rojas,Retiro,4483.89,2026-02-13,17:04:22,Pendiente
TX-004768,004-477426,Diego Flores,PagoServicio,7004.65,2026-01-20,18:55:05,Aprobada
TX-004769,002-229047,Pedro Castillo,Deposito,6940.53,2026-11-30,12:40:23,Rechazada
TX-004770,005-744414,Lucia Vega,Retiro,9951.55,2026-11-14,22:20:41,Pendiente
TX-004771,009-607255,Maria Soto,Retiro,5292.44,2026-05-22,20:40:43,Observada
TX-004772,009-453125,Sofia Rojas,Deposito,1566.90,2026-05-14,01:20:43,Pendiente
TX-004773,008-424031,Luis Ramos,PagoServicio,8014.17,2026-12-07,00:35:20,Pendiente
TX-004774,008-324391,Diego Flores,Deposito,2283.21,2026-12-01,06:20:14,Rechazada
TX-004775,009-484532,Pedro Castillo,Deposito,8294.79,2026-11-20,21:20:55,Anulada
TX-004776,006-609591,Fernando Diaz,Deposito,12494.64,2026-05-21,15:15:11,Anulada
TX-004777,002-785371,Sofia Rojas,PagoServicio,674.23,2026-11-02,19:14:17,Anulada
TX-004778,005-758578,Camila Ruiz,Transferencia,11652.65,2026-06-09,10:33:11,Rechazada
TX-004779,004-323771,Fernando Diaz,Deposito,6666.15,2026-04-27,17:38:12,Aprobada
TX-004780,008-206705,Lucia Vega,PagoServicio,12104.89,2026-06-22,15:51:48,Aprobada
TX-004781,005-864971,Jorge Medina,PagoServicio,10808.26,2026-11-10,06:24:05,Rechazada
TX-004782,005-230532,Valeria Leon,Deposito,10707.53,2026-08-11,02:32:48,Pendiente
TX-004783,001-643373,Fernando Diaz,Retiro,7494.71,2026-04-21,01:29:24,Pendiente
TX-004784,007-138880,Luis Ramos,PagoServicio,390.72,2026-08-25,07:28:25,Observada
TX-004785,002-120232,Luis Ramos,PagoServicio,5225.54,2026-09-21,05:35:45,Aprobada
TX-004786,001-894798,Luis Ramos,PagoServicio,11248.07,2026-05-29,19:50:49,Observada
TX-004787,005-702536,Ana Torres,PagoServicio,8149.51,2026-09-30,03:16:07,Anulada
TX-004788,003-654698,Pedro Castillo,Deposito,10201.76,2026-06-04,12:24:10,Rechazada
TX-004789,002-885657,Rosa Herrera,Deposito,8678.73,2026-10-31,03:39:31,Rechazada
TX-004790,009-908085,Rosa Herrera,PagoServicio,6683.09,2026-09-20,20:45:15,Rechazada
TX-004791,006-307557,Rosa Herrera,PagoServicio,7307.24,2026-04-04,06:23:09,Pendiente
TX-004792,006-837391,Valeria Leon,PagoServicio,691.68,2026-01-23,10:40:08,Observada
TX-004793,003-239292,Valeria Leon,Retiro,4058.66,2026-02-03,03:45:01,Rechazada
TX-004794,004-939747,Pedro Castillo,Transferencia,11301.69,2026-08-26,17:06:31,Aprobada
TX-004795,002-385322,Carlos Perez,Transferencia,9057.98,2026-12-20,17:02:36,Pendiente
TX-004796,003-616422,Camila Ruiz,Deposito,14633.95,2026-03-30,01:05:58,Observada
TX-004797,007-992407,Camila Ruiz,Retiro,4711.59,2026-10-04,14:48:50,Anulada
TX-004798,007-563082,Rosa Herrera,Transferencia,14260.90,2026-04-15,02:13:18,Anulada
TX-004799,001-305538,Fernando Diaz,Transferencia,9966.25,2026-12-22,00:42:35,Observada
TX-004800,004-943676,Pedro Castillo,PagoServicio,12653.78,2026-08-06,18:17:15,Rechazada
TX-004801,007-964406,Ana Torres,Retiro,14614.90,2026-05-14,02:14:36,Rechazada
TX-004802,007-348810,Elena Vargas,PagoServicio,12148.57,2026-04-13,16:32:26,Aprobada
TX-004803,003-631187,Miguel Castro,PagoServicio,6443.17,2026-08-15,12:30:26,Aprobada
TX-004804,002-949606,Maria Soto,Retiro,14354.14,2026-11-06,10:22:39,Rechazada
TX-004805,002-376671,Camila Ruiz,Retiro,4840.85,2026-03-03,18:36:32,Observada
TX-004806,002-213461,Diego Flores,PagoServicio,11847.87,2026-08-01,06:15:16,Anulada
TX-004807,003-983846,Pedro Castillo,Deposito,5920.77,2026-10-22,11:09:11,Pendiente
TX-004808,008-376935,Camila Ruiz,Deposito,5669.36,2026-05-25,14:06:06,Rechazada
TX-004809,003-492990,Camila Ruiz,Deposito,4209.66,2026-12-26,01:17:04,Aprobada
TX-004810,002-646068,Luis Ramos,Deposito,1289.07,2026-05-29,08:55:54,Observada
TX-004811,004-636041,Ana Torres,Deposito,2174.32,2026-03-22,00:46:54,Anulada
TX-004812,009-205137,Fernando Diaz,Retiro,6673.94,2026-10-08,12:06:35,Observada
TX-004813,009-415525,Rosa Herrera,Transferencia,8060.50,2026-12-15,16:11:09,Pendiente
TX-004814,008-184170,Lucia Vega,PagoServicio,10064.70,2026-03-06,09:29:04,Aprobada
TX-004815,002-373715,Camila Ruiz,Retiro,2982.91,2026-05-06,16:34:23,Pendiente
TX-004816,001-202179,Luis Ramos,Retiro,6649.31,2026-07-30,09:02:05,Rechazada
TX-004817,007-111972,Carlos Perez,Transferencia,7627.29,2026-12-08,03:44:41,Observada
TX-004818,005-591481,Elena Vargas,PagoServicio,702.69,2026-08-11,12:50:23,Aprobada
TX-004819,007-793528,Camila Ruiz,PagoServicio,6538.00,2026-07-31,01:26:35,Rechazada
TX-004820,008-495540,Maria Soto,Deposito,48.73,2026-06-13,12:38:08,Observada
TX-004821,002-767427,Sofia Rojas,Retiro,14377.33,2026-07-13,18:54:07,Rechazada
TX-004822,001-395634,Valeria Leon,PagoServicio,8418.10,2026-09-13,01:32:47,Pendiente
TX-004823,002-625340,Sofia Rojas,Retiro,680.29,2026-12-11,02:34:04,Rechazada
TX-004824,007-985994,Lucia Vega,Deposito,11939.72,2026-04-10,16:38:30,Anulada
TX-004825,007-589966,Lucia Vega,Transferencia,8836.45,2026-02-02,08:32:52,Observada
TX-004826,001-438586,Fernando Diaz,Retiro,9142.30,2026-01-08,22:27:03,Observada
TX-004827,005-934755,Rosa Herrera,Transferencia,14479.19,2026-10-07,08:31:51,Observada
TX-004828,001-340614,Lucia Vega,Retiro,5051.03,2026-09-15,02:19:17,Aprobada
TX-004829,008-815838,Ana Torres,Transferencia,8289.15,2026-10-14,09:00:01,Pendiente
TX-004830,009-701744,Luis Ramos,Retiro,5962.62,2026-07-31,14:10:33,Rechazada
TX-004831,007-587112,Ana Torres,PagoServicio,4166.31,2026-02-15,18:35:16,Pendiente
TX-004832,004-170238,Diego Flores,Retiro,9567.87,2026-06-04,13:22:42,Rechazada
TX-004833,006-280221,Sofia Rojas,Transferencia,2117.53,2026-02-13,21:59:48,Observada
TX-004834,001-677139,Fernando Diaz,PagoServicio,5508.91,2026-04-18,07:42:59,Anulada
TX-004835,001-248441,Miguel Castro,Retiro,2992.81,2026-05-23,22:32:30,Anulada
TX-004836,004-892729,Valeria Leon,Deposito,2889.94,2026-11-22,21:52:28,Anulada
TX-004837,002-104468,Sofia Rojas,Deposito,6735.03,2026-12-10,20:25:41,Pendiente
TX-004838,002-603335,Lucia Vega,Deposito,13774.96,2026-05-27,13:27:11,Anulada
TX-004839,004-908964,Fernando Diaz,Deposito,1840.54,2026-12-07,05:40:27,Rechazada
TX-004840,002-419037,Ana Torres,Transferencia,2266.62,2026-07-30,21:52:14,Rechazada
TX-004841,004-190996,Diego Flores,Deposito,5520.97,2026-09-04,12:38:03,Anulada
TX-004842,008-693768,Diego Flores,Transferencia,13976.66,2026-05-12,14:32:30,Anulada
TX-004843,008-204822,Jorge Medina,PagoServicio,1230.87,2026-07-08,17:13:07,Aprobada
TX-004844,004-134244,Pedro Castillo,PagoServicio,7509.75,2026-12-19,11:01:21,Aprobada
TX-004845,005-177294,Maria Soto,Deposito,13652.04,2026-09-29,07:51:44,Observada
TX-004846,001-445987,Luis Ramos,PagoServicio,3808.02,2026-11-11,05:50:14,Rechazada
TX-004847,009-719285,Pedro Castillo,Retiro,3593.63,2026-05-30,14:10:59,Anulada
TX-004848,005-220904,Rosa Herrera,PagoServicio,11461.82,2026-06-06,18:52:01,Observada
TX-004849,008-799642,Sofia Rojas,Transferencia,150.76,2026-04-19,16:04:04,Rechazada
TX-004850,005-440365,Camila Ruiz,PagoServicio,10148.07,2026-09-17,12:58:27,Rechazada
TX-004851,002-770095,Rosa Herrera,PagoServicio,11406.96,2026-01-18,07:46:09,Rechazada
TX-004852,004-285647,Lucia Vega,PagoServicio,11228.77,2026-10-08,14:46:08,Observada
TX-004853,006-891601,Jorge Medina,Deposito,14918.23,2026-05-13,03:41:38,Aprobada
TX-004854,001-416874,Valeria Leon,Deposito,13454.61,2026-11-30,12:27:31,Aprobada
TX-004855,005-834956,Miguel Castro,PagoServicio,10883.17,2026-03-26,08:36:18,Aprobada
TX-004856,009-197234,Pedro Castillo,PagoServicio,302.81,2026-05-13,09:27:59,Pendiente
TX-004857,003-607142,Ana Torres,PagoServicio,8919.33,2026-11-26,14:33:02,Anulada
TX-004858,006-957345,Diego Flores,Deposito,12043.17,2026-06-10,14:37:35,Aprobada
TX-004859,002-212724,Ana Torres,PagoServicio,14300.91,2026-08-12,17:55:26,Observada
TX-004860,007-421570,Elena Vargas,PagoServicio,5437.24,2026-09-19,14:30:31,Pendiente
TX-004861,007-458005,Jorge Medina,Retiro,7680.92,2026-11-03,21:39:11,Observada
TX-004862,003-274503,Sofia Rojas,Retiro,4447.69,2026-05-12,05:01:17,Pendiente
TX-004863,001-895042,Carlos Perez,Transferencia,9136.74,2026-04-11,03:04:01,Observada
TX-004864,009-999962,Pedro Castillo,PagoServicio,181.00,2026-06-18,11:59:30,Observada
TX-004865,003-781526,Fernando Diaz,PagoServicio,1024.51,2026-07-21,17:11:11,Rechazada
TX-004866,007-919763,Valeria Leon,PagoServicio,516.21,2026-10-26,01:53:44,Observada
TX-004867,008-578376,Jorge Medina,Deposito,7031.13,2026-10-21,22:31:43,Rechazada
TX-004868,007-251325,Sofia Rojas,Retiro,7460.07,2026-08-17,20:17:50,Rechazada
TX-004869,008-173147,Camila Ruiz,Transferencia,837.06,2026-06-20,00:38:12,Rechazada
TX-004870,006-229187,Maria Soto,PagoServicio,2594.15,2026-09-14,14:03:59,Aprobada
TX-004871,007-665852,Elena Vargas,Retiro,4318.42,2026-03-05,16:15:00,Rechazada
TX-004872,004-817656,Rosa Herrera,Retiro,787.77,2026-02-25,13:45:56,Rechazada
TX-004873,004-364483,Lucia Vega,PagoServicio,348.14,2026-06-05,18:51:16,Aprobada
TX-004874,007-693492,Lucia Vega,Retiro,10203.96,2026-01-01,21:29:40,Observada
TX-004875,006-786152,Maria Soto,Retiro,5121.94,2026-07-28,19:35:39,Observada
TX-004876,006-916345,Maria Soto,Deposito,1364.26,2026-07-16,10:50:52,Pendiente
TX-004877,004-605826,Fernando Diaz,Transferencia,504.76,2026-05-29,13:31:58,Pendiente
TX-004878,005-656859,Elena Vargas,Deposito,4316.15,2026-07-05,23:27:07,Pendiente
TX-004879,004-211813,Luis Ramos,Transferencia,3846.32,2026-05-21,15:06:35,Pendiente
TX-004880,005-250127,Valeria Leon,Transferencia,4866.51,2026-06-22,10:59:55,Observada
TX-004881,005-238424,Pedro Castillo,Deposito,12012.71,2026-07-06,06:51:37,Anulada
TX-004882,007-677396,Valeria Leon,PagoServicio,8169.90,2026-01-11,15:30:28,Rechazada
TX-004883,001-339793,Fernando Diaz,Retiro,2540.07,2026-04-07,17:50:24,Aprobada
TX-004884,008-135843,Elena Vargas,Transferencia,9325.27,2026-10-06,11:41:13,Pendiente
TX-004885,009-520776,Sofia Rojas,Retiro,14271.79,2026-10-29,05:54:58,Anulada
TX-004886,003-666173,Rosa Herrera,PagoServicio,8492.25,2026-10-29,15:42:22,Observada
TX-004887,003-644624,Jorge Medina,Retiro,12397.23,2026-09-29,17:22:36,Aprobada
TX-004888,005-940369,Maria Soto,Deposito,8515.09,2026-11-06,14:28:32,Observada
TX-004889,003-704270,Miguel Castro,Transferencia,7113.60,2026-09-16,20:32:16,Anulada
TX-004890,007-424753,Lucia Vega,Transferencia,6412.38,2026-04-02,01:16:37,Rechazada
TX-004891,003-668225,Valeria Leon,Transferencia,7070.40,2026-01-08,12:41:30,Pendiente
TX-004892,002-835663,Ana Torres,Retiro,7910.80,2026-05-02,06:05:46,Pendiente
TX-004893,002-257352,Ana Torres,Retiro,10219.77,2026-10-11,17:53:43,Aprobada
TX-004894,002-858286,Elena Vargas,PagoServicio,5419.18,2026-05-23,08:43:03,Pendiente
TX-004895,002-517699,Lucia Vega,PagoServicio,9296.51,2026-09-13,18:07:01,Aprobada
TX-004896,001-382130,Sofia Rojas,PagoServicio,1982.80,2026-07-01,03:47:33,Pendiente
TX-004897,001-917804,Luis Ramos,Deposito,2575.05,2026-09-22,10:52:34,Anulada
TX-004898,008-365145,Lucia Vega,Retiro,12380.30,2026-03-31,06:00:04,Observada
TX-004899,001-604660,Valeria Leon,Deposito,4392.40,2026-07-30,19:45:21,Rechazada
TX-004900,004-114047,Diego Flores,Deposito,7620.25,2026-07-11,14:55:34,Rechazada
TX-004901,004-822253,Valeria Leon,Retiro,5974.47,2026-10-02,15:44:51,Aprobada
TX-004902,007-151353,Rosa Herrera,Transferencia,12967.78,2026-05-11,07:46:00,Observada
TX-004903,003-340249,Maria Soto,PagoServicio,7286.54,2026-04-15,00:55:33,Anulada
TX-004904,006-624463,Fernando Diaz,Transferencia,9318.20,2026-06-28,18:20:19,Aprobada
TX-004905,002-482711,Ana Torres,Transferencia,8486.79,2026-07-12,18:19:50,Anulada
TX-004906,008-801821,Maria Soto,Transferencia,9265.20,2026-05-17,01:56:31,Aprobada
TX-004907,003-148465,Luis Ramos,Retiro,8250.13,2026-10-07,23:00:00,Pendiente
TX-004908,003-349849,Carlos Perez,Retiro,14543.28,2026-06-24,17:57:42,Aprobada
TX-004909,005-703297,Camila Ruiz,Retiro,11311.72,2026-08-16,09:10:03,Pendiente
TX-004910,009-269371,Diego Flores,Transferencia,5161.63,2026-12-31,05:56:29,Pendiente
TX-004911,006-949927,Luis Ramos,Transferencia,6446.05,2026-03-23,22:46:47,Anulada
TX-004912,008-187327,Lucia Vega,Retiro,14604.20,2026-12-18,02:14:33,Observada
TX-004913,006-970831,Elena Vargas,PagoServicio,4547.53,2026-11-30,16:25:50,Aprobada
TX-004914,005-292433,Lucia Vega,PagoServicio,12402.62,2026-08-15,08:18:44,Observada
TX-004915,003-504203,Maria Soto,Deposito,9023.34,2026-07-20,20:00:52,Anulada
TX-004916,004-826768,Luis Ramos,Retiro,4512.68,2026-08-12,08:21:53,Observada
TX-004917,008-347080,Rosa Herrera,PagoServicio,10627.12,2026-06-29,01:39:05,Observada
TX-004918,003-888000,Lucia Vega,Deposito,2877.13,2026-04-29,17:29:07,Rechazada
TX-004919,006-419082,Diego Flores,PagoServicio,7788.19,2026-03-05,23:57:45,Anulada
TX-004920,007-479482,Jorge Medina,Transferencia,5070.00,2026-06-07,17:07:55,Pendiente
TX-004921,004-643715,Miguel Castro,Transferencia,12525.42,2026-08-27,05:08:49,Anulada
TX-004922,001-899957,Rosa Herrera,Retiro,4060.46,2026-07-27,08:41:25,Aprobada
TX-004923,005-231450,Lucia Vega,PagoServicio,8721.92,2026-06-12,15:08:30,Aprobada
TX-004924,001-856018,Ana Torres,Deposito,152.16,2026-01-26,13:26:42,Observada
TX-004925,006-606387,Carlos Perez,PagoServicio,6233.84,2026-04-22,20:12:15,Rechazada
TX-004926,007-500496,Fernando Diaz,Retiro,1897.10,2026-04-12,15:12:43,Anulada
TX-004927,003-134658,Carlos Perez,PagoServicio,11730.53,2026-03-31,16:24:47,Aprobada
TX-004928,002-852701,Lucia Vega,Transferencia,13686.44,2026-09-21,14:35:38,Pendiente
TX-004929,003-589434,Carlos Perez,Transferencia,14163.90,2026-02-14,03:17:03,Observada
TX-004930,003-959404,Maria Soto,PagoServicio,4667.98,2026-01-26,13:36:48,Pendiente
TX-004931,008-444204,Sofia Rojas,Transferencia,13183.24,2026-09-04,06:33:40,Aprobada
TX-004932,009-378811,Maria Soto,Retiro,3269.24,2026-05-09,03:26:31,Anulada
TX-004933,009-872760,Lucia Vega,PagoServicio,12018.90,2026-03-05,12:42:45,Rechazada
TX-004934,009-768332,Carlos Perez,Deposito,9250.69,2026-09-23,18:59:41,Observada
TX-004935,008-925771,Jorge Medina,Transferencia,14744.24,2026-04-07,18:40:40,Anulada
TX-004936,001-928001,Maria Soto,Retiro,6474.83,2026-12-21,11:41:11,Rechazada
TX-004937,005-587559,Fernando Diaz,Retiro,6046.23,2026-01-05,02:46:42,Aprobada
TX-004938,004-250208,Diego Flores,Transferencia,8623.99,2026-10-01,02:01:43,Aprobada
TX-004939,007-415216,Miguel Castro,PagoServicio,6104.62,2026-12-02,19:15:52,Pendiente
TX-004940,005-252724,Jorge Medina,PagoServicio,3748.80,2026-10-14,10:25:25,Pendiente
TX-004941,006-372428,Camila Ruiz,Transferencia,10718.83,2026-04-21,08:22:42,Rechazada
TX-004942,004-231010,Sofia Rojas,PagoServicio,8984.38,2026-10-09,05:16:21,Aprobada
TX-004943,007-564387,Pedro Castillo,Deposito,14191.88,2026-03-29,05:44:21,Anulada
TX-004944,004-420630,Carlos Perez,PagoServicio,8816.36,2026-04-18,15:28:23,Pendiente
TX-004945,004-875255,Rosa Herrera,Retiro,11869.86,2026-09-25,12:55:00,Pendiente
TX-004946,003-638322,Jorge Medina,Retiro,5022.26,2026-03-18,22:41:13,Rechazada
TX-004947,009-203397,Elena Vargas,Retiro,3701.64,2026-12-29,19:52:34,Observada
TX-004948,004-390701,Pedro Castillo,Retiro,9439.78,2026-11-22,13:07:25,Rechazada
TX-004949,001-289570,Carlos Perez,PagoServicio,4660.29,2026-11-25,05:13:06,Rechazada
TX-004950,003-407358,Rosa Herrera,PagoServicio,14001.74,2026-01-09,09:41:17,Anulada
TX-004951,009-492490,Carlos Perez,PagoServicio,2367.67,2026-04-04,21:03:49,Rechazada
TX-004952,006-146999,Pedro Castillo,Transferencia,6002.42,2026-02-18,17:52:14,Rechazada
TX-004953,003-442521,Luis Ramos,Transferencia,7317.23,2026-02-04,20:45:29,Pendiente
TX-004954,006-440017,Valeria Leon,PagoServicio,821.54,2026-08-17,06:18:26,Pendiente
TX-004955,001-386662,Maria Soto,Retiro,13431.46,2026-11-14,14:37:54,Pendiente
TX-004956,006-512373,Lucia Vega,Transferencia,1189.66,2026-08-30,00:52:32,Rechazada
TX-004957,006-952505,Pedro Castillo,Transferencia,1982.62,2026-04-01,07:42:41,Anulada
TX-004958,001-609937,Rosa Herrera,Transferencia,8799.87,2026-11-24,23:07:43,Rechazada
TX-004959,006-122357,Pedro Castillo,Retiro,10941.10,2026-05-01,09:58:19,Anulada
TX-004960,005-899111,Luis Ramos,PagoServicio,1660.03,2026-09-26,17:58:05,Observada
TX-004961,006-475329,Jorge Medina,Transferencia,13413.11,2026-06-02,08:47:53,Observada
TX-004962,004-282114,Valeria Leon,Retiro,14710.12,2026-06-09,01:33:30,Rechazada
TX-004963,001-980694,Rosa Herrera,PagoServicio,1813.67,2026-06-09,10:17:55,Rechazada
TX-004964,002-803962,Camila Ruiz,Deposito,13377.74,2026-10-06,02:42:44,Observada
TX-004965,004-431289,Maria Soto,Transferencia,13111.27,2026-01-01,07:13:53,Observada
TX-004966,007-176711,Pedro Castillo,Transferencia,4344.53,2026-01-22,06:10:00,Pendiente
TX-004967,009-791567,Sofia Rojas,Deposito,10017.99,2026-06-13,02:56:04,Anulada
TX-004968,008-582952,Elena Vargas,Transferencia,4598.02,2026-09-24,08:28:45,Rechazada
TX-004969,007-125143,Elena Vargas,Transferencia,11179.99,2026-08-19,05:51:43,Aprobada
TX-004970,002-146275,Luis Ramos,Deposito,11481.70,2026-06-12,04:17:37,Aprobada
TX-004971,001-868270,Carlos Perez,Retiro,7289.03,2026-07-19,09:38:50,Anulada
TX-004972,009-684337,Luis Ramos,Retiro,583.59,2026-11-07,09:32:15,Observada
TX-004973,002-504617,Carlos Perez,Transferencia,6120.40,2026-07-17,09:17:27,Observada
TX-004974,009-869507,Pedro Castillo,Transferencia,7916.36,2026-09-24,01:08:34,Pendiente
TX-004975,007-724830,Ana Torres,Deposito,9419.38,2026-09-14,15:27:35,Anulada
TX-004976,007-450299,Sofia Rojas,Retiro,5709.10,2026-03-10,09:20:41,Anulada
TX-004977,001-112615,Jorge Medina,Retiro,10720.89,2026-03-02,19:33:08,Aprobada
TX-004978,009-217712,Camila Ruiz,Deposito,6716.95,2026-09-03,13:13:02,Rechazada
TX-004979,008-321017,Pedro Castillo,PagoServicio,4247.94,2026-07-01,00:27:36,Anulada
TX-004980,004-862473,Fernando Diaz,Transferencia,14391.82,2026-03-28,04:40:42,Aprobada
TX-004981,007-732983,Jorge Medina,Deposito,1557.57,2026-04-10,03:35:55,Pendiente
TX-004982,005-737077,Valeria Leon,Retiro,6180.73,2026-12-13,07:14:05,Aprobada
TX-004983,005-506352,Jorge Medina,Deposito,8468.84,2026-06-18,20:27:26,Observada
TX-004984,009-640123,Fernando Diaz,PagoServicio,6747.11,2026-01-27,13:19:48,Anulada
TX-004985,006-899918,Jorge Medina,Transferencia,1269.18,2026-04-29,04:29:10,Pendiente
TX-004986,007-147640,Pedro Castillo,Deposito,12317.19,2026-03-22,11:30:25,Pendiente
TX-004987,004-886950,Luis Ramos,Transferencia,13742.41,2026-09-12,16:41:44,Observada
TX-004988,004-717161,Elena Vargas,Retiro,253.70,2026-01-13,13:43:58,Rechazada
TX-004989,006-654965,Miguel Castro,Deposito,6433.55,2026-10-22,13:00:10,Rechazada
TX-004990,004-907959,Jorge Medina,PagoServicio,7236.84,2026-04-04,23:10:35,Aprobada
TX-004991,004-204251,Sofia Rojas,PagoServicio,10315.82,2026-07-06,19:32:14,Aprobada
TX-004992,003-980436,Sofia Rojas,Transferencia,5573.94,2026-08-01,15:07:30,Observada
TX-004993,003-113228,Miguel Castro,Transferencia,2162.22,2026-09-16,04:15:28,Aprobada
TX-004994,003-493162,Miguel Castro,Deposito,5061.86,2026-01-10,05:35:59,Aprobada
TX-004995,006-410155,Diego Flores,Transferencia,7614.14,2026-10-17,02:05:07,Aprobada
TX-004996,009-983877,Carlos Perez,PagoServicio,6027.91,2026-06-27,23:10:39,Rechazada
TX-004997,009-634775,Jorge Medina,Retiro,4654.75,2026-02-07,19:48:11,Observada
TX-004998,004-113830,Carlos Perez,Deposito,3738.47,2026-03-27,08:18:08,Aprobada
TX-004999,001-131361,Diego Flores,Transferencia,4372.83,2026-05-02,12:10:20,Rechazada
TX-005000,005-748503,Elena Vargas,Retiro,14788.88,2026-07-10,23:08:58,Pendiente
TX-005001,002-558943,Diego Flores,PagoServicio,4718.24,2026-04-16,10:16:57,Observada
TX-005002,007-260016,Valeria Leon,PagoServicio,10400.87,2026-05-20,12:13:54,Aprobada
TX-005003,009-735054,Rosa Herrera,PagoServicio,2359.87,2026-05-11,19:25:29,Rechazada
TX-005004,008-915780,Pedro Castillo,PagoServicio,844.75,2026-03-06,10:36:47,Rechazada
TX-005005,004-139169,Maria Soto,Retiro,13450.63,2026-04-22,10:45:14,Aprobada
TX-005006,006-500809,Fernando Diaz,PagoServicio,6779.60,2026-11-26,07:59:49,Aprobada
TX-005007,003-476885,Luis Ramos,Deposito,7784.67,2026-10-14,01:24:44,Aprobada
TX-005008,005-207257,Elena Vargas,Retiro,11585.32,2026-07-16,20:06:01,Aprobada
TX-005009,006-172823,Sofia Rojas,PagoServicio,6476.03,2026-10-03,14:18:16,Anulada
TX-005010,002-991080,Maria Soto,Retiro,8690.93,2026-07-09,10:35:38,Anulada
TX-005011,009-408189,Rosa Herrera,Deposito,7293.85,2026-08-27,12:51:53,Aprobada
TX-005012,009-500154,Rosa Herrera,Retiro,6250.10,2026-05-07,18:07:44,Rechazada
TX-005013,008-509896,Diego Flores,Deposito,12438.63,2026-11-11,16:40:11,Pendiente
TX-005014,005-417646,Maria Soto,Transferencia,2179.77,2026-11-07,09:30:02,Pendiente
TX-005015,009-256421,Lucia Vega,PagoServicio,2878.98,2026-01-28,09:04:33,Rechazada
TX-005016,008-346106,Jorge Medina,Transferencia,4510.05,2026-01-17,03:17:46,Rechazada
TX-005017,002-978285,Miguel Castro,Transferencia,13701.86,2026-01-13,06:13:04,Rechazada
TX-005018,007-812025,Sofia Rojas,Transferencia,13802.10,2026-11-03,00:33:51,Aprobada
TX-005019,004-802059,Diego Flores,PagoServicio,105.95,2026-02-03,02:46:18,Aprobada
TX-005020,005-576263,Elena Vargas,Transferencia,13101.63,2026-08-09,12:50:50,Aprobada
TX-005021,002-954151,Diego Flores,Retiro,11007.23,2026-11-25,22:36:07,Observada
TX-005022,003-418529,Fernando Diaz,PagoServicio,6144.01,2026-08-03,10:59:05,Rechazada
TX-005023,005-166469,Ana Torres,Retiro,3934.89,2026-04-20,02:12:43,Aprobada
TX-005024,004-892323,Luis Ramos,Transferencia,1671.86,2026-11-30,03:53:04,Anulada
TX-005025,002-427208,Ana Torres,Deposito,13825.23,2026-09-28,20:18:35,Rechazada
TX-005026,003-430157,Camila Ruiz,Transferencia,6679.56,2026-08-17,01:31:58,Aprobada
TX-005027,005-426966,Jorge Medina,Transferencia,7539.90,2026-06-10,19:25:00,Aprobada
TX-005028,005-930875,Ana Torres,PagoServicio,6804.00,2026-04-25,22:06:05,Anulada
TX-005029,008-652145,Carlos Perez,Transferencia,336.50,2026-02-10,14:37:48,Pendiente
TX-005030,006-899987,Elena Vargas,PagoServicio,4083.78,2026-07-04,00:08:52,Rechazada
TX-005031,003-579959,Pedro Castillo,PagoServicio,8998.66,2026-11-04,00:32:54,Aprobada
TX-005032,008-860892,Lucia Vega,Transferencia,3345.04,2026-11-30,03:45:17,Observada
TX-005033,005-370817,Diego Flores,PagoServicio,65.61,2026-03-31,04:41:02,Rechazada
TX-005034,002-842411,Carlos Perez,PagoServicio,11219.43,2026-08-27,19:00:34,Pendiente
TX-005035,002-294848,Miguel Castro,PagoServicio,14452.44,2026-01-28,11:58:54,Aprobada
TX-005036,007-117743,Carlos Perez,Retiro,6405.14,2026-11-11,05:01:48,Observada
TX-005037,006-345097,Luis Ramos,Transferencia,5221.77,2026-12-26,09:54:32,Observada
TX-005038,004-191843,Camila Ruiz,Transferencia,1227.40,2026-07-27,07:31:13,Anulada
TX-005039,007-775290,Pedro Castillo,Deposito,6110.99,2026-02-06,17:55:57,Rechazada
TX-005040,006-336830,Sofia Rojas,Transferencia,5833.58,2026-04-23,02:08:14,Aprobada
TX-005041,001-394543,Jorge Medina,Deposito,14259.24,2026-06-05,08:19:24,Observada
TX-005042,005-688702,Sofia Rojas,Deposito,7636.40,2026-07-20,16:35:39,Aprobada
TX-005043,008-112705,Elena Vargas,Retiro,6085.26,2026-02-11,08:52:21,Aprobada
TX-005044,001-578145,Rosa Herrera,PagoServicio,68.89,2026-01-28,21:22:24,Observada
TX-005045,008-902390,Miguel Castro,Retiro,9811.09,2026-05-02,15:13:22,Anulada
TX-005046,005-724446,Carlos Perez,Retiro,12239.94,2026-12-29,19:40:25,Aprobada
TX-005047,008-653443,Luis Ramos,Transferencia,13974.34,2026-01-29,16:39:08,Observada
TX-005048,002-701604,Fernando Diaz,PagoServicio,12483.89,2026-01-15,04:19:55,Pendiente
TX-005049,001-278489,Elena Vargas,Transferencia,4028.06,2026-04-25,01:42:44,Aprobada
TX-005050,006-450421,Miguel Castro,PagoServicio,6721.61,2026-03-30,07:59:02,Rechazada
TX-005051,004-797914,Camila Ruiz,Deposito,9957.24,2026-10-11,15:55:34,Observada
TX-005052,006-492194,Maria Soto,Retiro,8517.53,2026-02-12,07:00:09,Observada
TX-005053,001-958305,Carlos Perez,Retiro,5409.29,2026-12-19,04:39:18,Aprobada
TX-005054,001-426229,Diego Flores,Retiro,5777.05,2026-06-06,23:35:20,Pendiente
TX-005055,004-854283,Sofia Rojas,Transferencia,14359.10,2026-08-27,05:31:19,Observada
TX-005056,008-346790,Luis Ramos,PagoServicio,3254.67,2026-08-09,13:26:41,Pendiente
TX-005057,007-828205,Elena Vargas,Retiro,4102.96,2026-07-12,08:37:23,Rechazada
TX-005058,004-931289,Fernando Diaz,Deposito,12688.50,2026-05-27,01:39:11,Pendiente
TX-005059,004-976183,Diego Flores,Retiro,12987.69,2026-09-13,20:57:20,Observada
TX-005060,009-575251,Camila Ruiz,Transferencia,3919.01,2026-01-31,09:15:28,Rechazada
TX-005061,005-704511,Carlos Perez,Transferencia,13419.25,2026-07-07,00:53:03,Anulada
TX-005062,007-561707,Elena Vargas,Transferencia,6462.01,2026-05-22,20:45:41,Pendiente
TX-005063,009-772225,Luis Ramos,PagoServicio,13091.98,2026-11-17,07:17:16,Pendiente
TX-005064,008-737036,Maria Soto,Transferencia,13213.74,2026-02-17,03:51:27,Observada
TX-005065,003-455468,Ana Torres,PagoServicio,10465.31,2026-08-17,03:24:41,Anulada
TX-005066,004-489015,Rosa Herrera,Deposito,5903.24,2026-06-05,14:16:25,Rechazada
TX-005067,009-827671,Diego Flores,PagoServicio,243.48,2026-12-31,13:03:09,Pendiente
TX-005068,006-478136,Jorge Medina,Transferencia,12705.86,2026-03-31,14:59:34,Anulada
TX-005069,004-362707,Camila Ruiz,Retiro,7136.79,2026-11-23,04:41:46,Aprobada
TX-005070,009-514313,Sofia Rojas,Retiro,5438.12,2026-02-18,23:44:22,Anulada
TX-005071,001-445261,Ana Torres,Retiro,5847.56,2026-01-21,19:33:02,Aprobada
TX-005072,001-799200,Luis Ramos,Transferencia,10011.66,2026-10-19,05:04:14,Aprobada
TX-005073,002-957710,Pedro Castillo,PagoServicio,1116.26,2026-01-28,08:17:54,Anulada
TX-005074,008-301878,Valeria Leon,Deposito,11818.84,2026-10-27,13:11:12,Anulada
TX-005075,009-185879,Maria Soto,Transferencia,12832.68,2026-01-01,11:15:11,Aprobada
TX-005076,009-636864,Maria Soto,Retiro,7967.53,2026-04-28,15:44:53,Observada
TX-005077,001-901281,Camila Ruiz,PagoServicio,7176.29,2026-03-18,08:50:15,Rechazada
TX-005078,002-164342,Lucia Vega,Deposito,7943.09,2026-07-11,18:27:30,Observada
TX-005079,004-758641,Sofia Rojas,Deposito,14541.71,2026-10-09,10:07:41,Observada
TX-005080,002-735341,Maria Soto,Retiro,14817.51,2026-10-27,20:29:39,Anulada
TX-005081,009-242829,Elena Vargas,Retiro,324.66,2026-03-24,20:18:48,Aprobada
TX-005082,009-862561,Sofia Rojas,Deposito,1832.25,2026-05-30,06:55:41,Aprobada
TX-005083,004-968713,Ana Torres,Retiro,2851.85,2026-04-12,16:08:17,Aprobada
TX-005084,007-737063,Carlos Perez,PagoServicio,7606.08,2026-05-04,01:23:16,Anulada
TX-005085,002-533929,Miguel Castro,PagoServicio,6523.84,2026-01-06,19:20:56,Rechazada
TX-005086,003-336273,Rosa Herrera,Transferencia,10698.13,2026-10-13,02:59:06,Rechazada
TX-005087,003-459965,Maria Soto,Retiro,13283.81,2026-09-04,15:13:51,Observada
TX-005088,008-206639,Maria Soto,PagoServicio,13322.07,2026-04-04,08:41:16,Observada
TX-005089,005-734402,Miguel Castro,Deposito,12686.44,2026-03-06,05:47:14,Rechazada
TX-005090,006-293996,Elena Vargas,PagoServicio,11426.54,2026-04-11,06:01:20,Pendiente
TX-005091,009-391945,Rosa Herrera,Retiro,12023.51,2026-10-18,02:28:39,Observada
TX-005092,009-556137,Valeria Leon,Transferencia,13082.90,2026-12-10,05:33:16,Aprobada
TX-005093,002-424125,Rosa Herrera,Retiro,3319.59,2026-06-15,11:24:23,Pendiente
TX-005094,001-734388,Fernando Diaz,Transferencia,4813.91,2026-07-14,01:22:30,Observada
TX-005095,002-981759,Pedro Castillo,Deposito,10540.18,2026-08-19,14:55:01,Aprobada
TX-005096,007-832535,Elena Vargas,Retiro,11702.18,2026-07-26,01:59:06,Observada
TX-005097,001-280072,Elena Vargas,Deposito,8661.14,2026-09-25,05:30:51,Rechazada
TX-005098,001-847885,Fernando Diaz,Deposito,14318.40,2026-04-02,09:54:21,Observada
TX-005099,003-221875,Sofia Rojas,Retiro,13296.00,2026-06-04,02:47:19,Observada
TX-005100,001-326874,Maria Soto,Retiro,4866.77,2026-04-26,07:50:14,Aprobada
TX-005101,009-934985,Ana Torres,Retiro,9341.11,2026-05-14,20:50:30,Anulada
TX-005102,008-591160,Rosa Herrera,Retiro,10825.04,2026-12-23,02:35:56,Anulada
TX-005103,004-730869,Miguel Castro,Deposito,14651.42,2026-11-28,03:52:44,Anulada
TX-005104,006-900735,Pedro Castillo,Transferencia,8469.23,2026-09-07,21:50:34,Rechazada
TX-005105,005-854777,Jorge Medina,Deposito,10236.02,2026-01-29,12:58:50,Aprobada
TX-005106,008-808221,Carlos Perez,PagoServicio,14448.00,2026-06-27,02:41:25,Aprobada
TX-005107,004-844996,Valeria Leon,PagoServicio,2234.78,2026-05-18,22:12:14,Observada
TX-005108,008-552029,Luis Ramos,Transferencia,2413.09,2026-08-04,18:40:11,Pendiente
TX-005109,003-315258,Carlos Perez,Transferencia,11949.28,2026-07-30,21:30:14,Aprobada
TX-005110,006-517252,Carlos Perez,Transferencia,11149.30,2026-07-17,08:25:37,Rechazada
TX-005111,003-758797,Lucia Vega,Retiro,7674.03,2026-03-28,16:06:37,Rechazada
TX-005112,002-141225,Elena Vargas,PagoServicio,10247.45,2026-07-22,14:37:08,Anulada
TX-005113,004-187267,Maria Soto,PagoServicio,3450.62,2026-06-15,17:41:01,Pendiente
TX-005114,005-671231,Pedro Castillo,Retiro,2766.54,2026-07-03,06:45:52,Rechazada
TX-005115,001-167164,Diego Flores,PagoServicio,12675.86,2026-08-02,18:13:21,Pendiente
TX-005116,003-671232,Jorge Medina,Deposito,12445.77,2026-01-27,22:25:59,Observada
TX-005117,003-613861,Diego Flores,PagoServicio,11432.87,2026-03-23,07:11:45,Observada
TX-005118,006-169439,Maria Soto,Deposito,5308.70,2026-02-05,11:40:16,Aprobada
TX-005119,001-481086,Elena Vargas,Transferencia,495.09,2026-02-14,14:13:55,Anulada
TX-005120,005-822086,Valeria Leon,Deposito,10652.98,2026-02-20,00:42:06,Observada
TX-005121,003-318094,Fernando Diaz,Transferencia,202.84,2026-06-12,11:13:34,Aprobada
TX-005122,008-241180,Maria Soto,Retiro,4840.36,2026-03-01,15:06:12,Anulada
TX-005123,004-102957,Fernando Diaz,Retiro,10048.29,2026-09-23,04:11:01,Rechazada
TX-005124,005-307084,Jorge Medina,Deposito,12105.11,2026-08-12,01:00:35,Aprobada
TX-005125,007-904803,Diego Flores,Retiro,12742.82,2026-08-06,13:56:56,Aprobada
TX-005126,002-535728,Fernando Diaz,PagoServicio,3324.49,2026-06-13,21:34:31,Observada
TX-005127,007-976765,Valeria Leon,PagoServicio,10905.98,2026-04-29,15:55:14,Aprobada
TX-005128,004-316364,Miguel Castro,Transferencia,3821.04,2026-04-19,03:19:30,Pendiente
TX-005129,002-119776,Sofia Rojas,Transferencia,6544.05,2026-04-13,11:45:21,Anulada
TX-005130,008-104492,Ana Torres,Deposito,4359.35,2026-10-13,04:55:30,Pendiente
TX-005131,009-128803,Luis Ramos,Deposito,10935.73,2026-02-06,21:18:43,Observada
TX-005132,007-413863,Maria Soto,PagoServicio,12453.73,2026-03-08,00:06:30,Anulada
TX-005133,001-714831,Maria Soto,Deposito,1447.43,2026-05-20,06:59:53,Aprobada
TX-005134,006-957857,Ana Torres,PagoServicio,9232.96,2026-10-01,19:48:50,Observada
TX-005135,002-866307,Fernando Diaz,Retiro,1841.31,2026-11-21,20:20:48,Rechazada
TX-005136,006-490571,Maria Soto,Retiro,10447.75,2026-02-21,17:07:58,Anulada
TX-005137,001-440134,Valeria Leon,Retiro,14761.75,2026-09-09,15:04:02,Observada
TX-005138,005-346427,Pedro Castillo,Deposito,11105.15,2026-09-29,15:13:20,Pendiente
TX-005139,008-524245,Maria Soto,Deposito,11194.82,2026-09-20,16:09:08,Rechazada
TX-005140,006-148992,Rosa Herrera,Transferencia,1313.22,2026-12-22,05:01:12,Pendiente
TX-005141,003-956761,Pedro Castillo,Deposito,7603.07,2026-06-19,02:14:24,Rechazada
TX-005142,008-566953,Fernando Diaz,Retiro,6033.97,2026-03-27,20:19:36,Aprobada
TX-005143,008-389784,Valeria Leon,Transferencia,14540.85,2026-01-08,17:13:15,Pendiente
TX-005144,006-941316,Elena Vargas,Transferencia,10603.41,2026-08-19,07:14:36,Observada
TX-005145,002-977416,Valeria Leon,PagoServicio,1020.43,2026-12-12,04:39:12,Pendiente
TX-005146,003-286741,Diego Flores,Retiro,5525.96,2026-09-30,19:56:38,Pendiente
TX-005147,005-792847,Fernando Diaz,Deposito,8947.90,2026-03-12,07:28:38,Aprobada
TX-005148,006-872226,Rosa Herrera,Deposito,8457.33,2026-06-22,00:38:12,Pendiente
TX-005149,008-620015,Diego Flores,Transferencia,1613.55,2026-03-15,03:42:24,Observada
TX-005150,009-334356,Ana Torres,Deposito,11381.36,2026-07-01,15:36:52,Observada
TX-005151,003-563629,Miguel Castro,Deposito,4883.83,2026-12-04,02:10:45,Aprobada
TX-005152,002-507953,Ana Torres,Deposito,14520.02,2026-08-10,12:53:14,Observada
TX-005153,001-936755,Rosa Herrera,Transferencia,13174.14,2026-09-14,01:05:54,Rechazada
TX-005154,003-221934,Rosa Herrera,Retiro,3029.25,2026-10-03,11:20:26,Anulada
TX-005155,007-163740,Ana Torres,Retiro,4091.70,2026-06-18,00:20:17,Aprobada
TX-005156,003-804243,Valeria Leon,Retiro,115.42,2026-12-24,13:22:32,Observada
TX-005157,005-509380,Elena Vargas,Transferencia,11109.70,2026-10-18,09:04:45,Rechazada
TX-005158,008-705359,Elena Vargas,Retiro,7003.47,2026-09-03,23:43:37,Pendiente
TX-005159,007-151001,Elena Vargas,Retiro,3176.54,2026-09-20,19:51:02,Observada
TX-005160,009-644262,Camila Ruiz,Deposito,13238.90,2026-02-26,12:28:24,Anulada
TX-005161,006-869529,Camila Ruiz,PagoServicio,7692.82,2026-02-10,17:51:49,Anulada
TX-005162,005-913634,Carlos Perez,PagoServicio,5944.93,2026-04-05,06:14:47,Aprobada
TX-005163,001-776383,Ana Torres,PagoServicio,3565.81,2026-08-17,02:49:47,Pendiente
TX-005164,005-919812,Lucia Vega,Deposito,6943.70,2026-12-16,18:42:48,Pendiente
TX-005165,005-390564,Luis Ramos,Transferencia,6783.97,2026-08-14,20:15:22,Rechazada
TX-005166,007-242016,Sofia Rojas,Deposito,4279.29,2026-04-01,04:48:58,Pendiente
TX-005167,008-970679,Pedro Castillo,Transferencia,10343.65,2026-01-13,00:52:17,Pendiente
TX-005168,004-457441,Diego Flores,Retiro,13814.31,2026-07-20,06:54:09,Pendiente
TX-005169,001-584506,Rosa Herrera,PagoServicio,5464.48,2026-11-29,01:50:56,Pendiente
TX-005170,008-632029,Rosa Herrera,Retiro,13829.77,2026-07-12,23:15:01,Pendiente
TX-005171,007-798344,Rosa Herrera,Transferencia,5682.47,2026-07-24,08:59:00,Pendiente
TX-005172,004-421475,Camila Ruiz,Transferencia,7337.20,2026-09-27,07:10:37,Rechazada
TX-005173,001-564368,Camila Ruiz,Transferencia,12097.49,2026-11-23,07:12:25,Observada
TX-005174,008-506773,Luis Ramos,Retiro,4751.38,2026-01-10,22:03:20,Aprobada
TX-005175,008-632530,Valeria Leon,Retiro,5824.68,2026-03-02,20:45:24,Rechazada
TX-005176,004-306958,Fernando Diaz,Deposito,4244.99,2026-04-02,18:26:28,Rechazada
TX-005177,007-709896,Diego Flores,Deposito,1957.14,2026-08-04,06:41:21,Pendiente
TX-005178,001-863410,Maria Soto,Retiro,1314.11,2026-02-23,16:31:59,Observada
TX-005179,006-305067,Maria Soto,PagoServicio,3576.01,2026-09-27,15:51:52,Pendiente
TX-005180,002-398575,Diego Flores,PagoServicio,2346.57,2026-08-19,18:40:35,Aprobada
TX-005181,004-246437,Maria Soto,Retiro,4024.90,2026-07-09,05:57:16,Aprobada
TX-005182,005-544471,Rosa Herrera,Deposito,13294.59,2026-08-16,06:05:13,Rechazada
TX-005183,006-429214,Pedro Castillo,Deposito,10425.96,2026-01-17,06:33:05,Rechazada
TX-005184,001-142943,Sofia Rojas,Transferencia,7059.25,2026-01-29,14:24:05,Rechazada
TX-005185,007-424186,Lucia Vega,Deposito,8458.38,2026-11-07,10:12:31,Observada
TX-005186,007-216556,Rosa Herrera,Retiro,1625.53,2026-08-07,22:14:12,Rechazada
TX-005187,002-765706,Maria Soto,PagoServicio,10158.24,2026-10-21,12:47:51,Aprobada
TX-005188,007-440711,Ana Torres,PagoServicio,11026.79,2026-02-10,03:27:33,Rechazada
TX-005189,003-256685,Elena Vargas,Retiro,9846.67,2026-09-03,13:39:12,Aprobada
TX-005190,006-504963,Lucia Vega,Deposito,6294.50,2026-09-27,21:38:00,Pendiente
TX-005191,004-803800,Ana Torres,Deposito,5570.97,2026-05-06,18:25:35,Pendiente
TX-005192,006-153535,Maria Soto,PagoServicio,3191.57,2026-05-10,06:12:11,Observada
TX-005193,001-623996,Jorge Medina,PagoServicio,11524.72,2026-08-24,05:40:27,Pendiente
TX-005194,004-343360,Camila Ruiz,Retiro,7327.50,2026-11-30,03:30:54,Rechazada
TX-005195,001-375621,Camila Ruiz,PagoServicio,540.13,2026-07-21,18:32:37,Rechazada
TX-005196,004-519752,Diego Flores,PagoServicio,10815.88,2026-11-15,07:23:07,Rechazada
TX-005197,007-690144,Ana Torres,Retiro,14204.72,2026-03-13,08:46:55,Rechazada
TX-005198,001-691641,Jorge Medina,Deposito,14233.97,2026-09-20,17:45:33,Aprobada
TX-005199,007-209244,Jorge Medina,Transferencia,6480.67,2026-12-31,11:55:47,Observada
TX-005200,001-856340,Luis Ramos,Deposito,10176.45,2026-03-09,01:09:13,Aprobada
TX-005201,001-317271,Diego Flores,Retiro,3800.24,2026-08-26,12:32:17,Aprobada
TX-005202,008-557623,Diego Flores,PagoServicio,13411.76,2026-12-21,07:51:12,Aprobada
TX-005203,007-291177,Fernando Diaz,Transferencia,8272.98,2026-03-17,04:49:52,Rechazada
TX-005204,004-716736,Fernando Diaz,Transferencia,11112.08,2026-03-03,04:29:04,Anulada
TX-005205,007-921241,Camila Ruiz,Retiro,1696.00,2026-11-27,03:30:51,Pendiente
TX-005206,004-126099,Jorge Medina,Transferencia,2402.64,2026-12-24,03:42:21,Observada
TX-005207,001-158356,Elena Vargas,Retiro,13268.06,2026-07-18,10:00:22,Rechazada
TX-005208,008-566062,Fernando Diaz,Deposito,2735.65,2026-10-30,16:34:12,Aprobada
TX-005209,006-399968,Diego Flores,Deposito,7370.02,2026-07-30,06:54:02,Anulada
TX-005210,008-927626,Maria Soto,Retiro,941.47,2026-03-17,03:41:48,Rechazada
TX-005211,003-826631,Camila Ruiz,Transferencia,14400.19,2026-03-07,00:23:02,Observada
TX-005212,009-155591,Elena Vargas,Deposito,3887.71,2026-10-01,06:51:05,Observada
TX-005213,006-627716,Diego Flores,Deposito,2068.94,2026-12-09,03:52:50,Pendiente
TX-005214,008-528187,Ana Torres,PagoServicio,12278.92,2026-11-16,04:48:30,Aprobada
TX-005215,007-970648,Lucia Vega,PagoServicio,2342.92,2026-09-01,17:54:33,Pendiente
TX-005216,006-285476,Pedro Castillo,PagoServicio,3270.61,2026-08-02,15:25:05,Observada
TX-005217,005-592068,Jorge Medina,Deposito,221.27,2026-01-02,09:35:14,Anulada
TX-005218,005-536809,Pedro Castillo,PagoServicio,7026.86,2026-10-29,03:35:20,Aprobada
TX-005219,007-190608,Maria Soto,PagoServicio,14302.90,2026-03-01,11:29:27,Anulada
TX-005220,005-262595,Sofia Rojas,Transferencia,11935.53,2026-02-22,22:41:44,Anulada
TX-005221,003-520535,Camila Ruiz,Transferencia,10614.58,2026-10-21,13:24:01,Observada
TX-005222,005-225332,Jorge Medina,Transferencia,29.63,2026-03-18,01:41:18,Observada
TX-005223,002-776828,Valeria Leon,PagoServicio,508.80,2026-05-31,08:53:46,Observada
TX-005224,009-640342,Ana Torres,Retiro,1123.32,2026-11-22,23:07:20,Observada
TX-005225,007-420459,Jorge Medina,Deposito,9543.30,2026-02-26,01:23:42,Observada
TX-005226,009-300181,Elena Vargas,Transferencia,13202.96,2026-10-23,12:44:58,Pendiente
TX-005227,003-683683,Camila Ruiz,Deposito,3580.95,2026-05-25,21:21:48,Pendiente
TX-005228,002-979183,Sofia Rojas,Transferencia,1280.26,2026-08-23,13:02:17,Aprobada
TX-005229,009-813989,Lucia Vega,Transferencia,7839.27,2026-01-02,01:45:13,Aprobada
TX-005230,008-101231,Fernando Diaz,PagoServicio,7293.62,2026-12-15,21:48:27,Aprobada
TX-005231,006-278834,Ana Torres,PagoServicio,7015.42,2026-02-10,04:19:20,Aprobada
TX-005232,008-967183,Lucia Vega,Transferencia,4281.87,2026-03-29,08:32:59,Observada
TX-005233,009-707105,Pedro Castillo,PagoServicio,8960.57,2026-06-25,22:22:30,Rechazada
TX-005234,005-532310,Luis Ramos,Transferencia,4919.57,2026-01-27,03:58:04,Aprobada
TX-005235,001-968931,Diego Flores,Transferencia,778.11,2026-07-02,03:13:39,Aprobada
TX-005236,002-620473,Valeria Leon,Deposito,430.87,2026-03-10,14:07:45,Aprobada
TX-005237,006-150400,Maria Soto,Deposito,9980.21,2026-08-08,13:24:25,Observada
TX-005238,003-819404,Rosa Herrera,Retiro,10552.91,2026-08-28,22:04:02,Rechazada
TX-005239,001-185887,Ana Torres,Retiro,9305.36,2026-12-10,23:17:04,Observada
TX-005240,006-754699,Rosa Herrera,PagoServicio,4042.77,2026-06-28,22:09:02,Pendiente
TX-005241,004-728250,Sofia Rojas,Deposito,8929.10,2026-10-18,16:15:22,Observada
TX-005242,005-366762,Miguel Castro,Retiro,5204.76,2026-05-29,23:12:16,Anulada
TX-005243,005-801443,Camila Ruiz,Retiro,851.78,2026-02-02,09:09:48,Observada
TX-005244,005-218495,Pedro Castillo,Retiro,6617.72,2026-01-16,06:45:45,Pendiente
TX-005245,002-296769,Carlos Perez,PagoServicio,14062.10,2026-08-26,21:56:15,Rechazada
TX-005246,008-927761,Sofia Rojas,PagoServicio,11125.96,2026-10-27,14:24:05,Anulada
TX-005247,008-497746,Valeria Leon,Transferencia,11155.70,2026-12-16,17:21:28,Observada
TX-005248,001-978164,Valeria Leon,Deposito,5159.14,2026-10-25,19:17:49,Aprobada
TX-005249,008-415808,Diego Flores,Transferencia,12001.08,2026-07-22,07:44:44,Pendiente
TX-005250,007-641286,Valeria Leon,Transferencia,4132.74,2026-08-17,10:42:29,Anulada
TX-005251,001-640549,Ana Torres,Retiro,14340.48,2026-11-06,12:14:26,Pendiente
TX-005252,009-520235,Maria Soto,Deposito,11019.73,2026-09-19,16:38:53,Pendiente
TX-005253,008-367902,Lucia Vega,Deposito,411.87,2026-08-28,16:44:45,Anulada
TX-005254,009-557944,Carlos Perez,Retiro,3883.97,2026-10-25,00:56:35,Rechazada
TX-005255,006-252417,Jorge Medina,Transferencia,1466.60,2026-02-15,06:25:04,Aprobada
TX-005256,001-835192,Valeria Leon,Deposito,12012.21,2026-12-01,14:42:54,Aprobada
TX-005257,009-362443,Sofia Rojas,PagoServicio,13457.04,2026-08-25,18:42:16,Anulada
TX-005258,006-725427,Carlos Perez,Retiro,1154.85,2026-05-19,15:09:46,Anulada
TX-005259,007-223505,Valeria Leon,Retiro,794.21,2026-09-13,23:04:00,Observada
TX-005260,004-782449,Lucia Vega,Transferencia,13164.99,2026-01-16,11:44:17,Rechazada
TX-005261,003-788538,Miguel Castro,PagoServicio,3977.81,2026-05-15,10:29:42,Anulada
TX-005262,008-794888,Elena Vargas,Retiro,139.69,2026-11-27,17:08:05,Pendiente
TX-005263,005-673202,Miguel Castro,Retiro,12341.31,2026-07-20,19:10:38,Observada
TX-005264,009-206928,Fernando Diaz,Retiro,14526.10,2026-11-28,14:36:00,Pendiente
TX-005265,008-816270,Lucia Vega,Deposito,6708.38,2026-05-31,03:20:24,Aprobada
TX-005266,005-282981,Diego Flores,Retiro,14032.78,2026-02-10,06:29:41,Observada
TX-005267,009-364314,Camila Ruiz,PagoServicio,14800.13,2026-12-08,14:16:14,Rechazada
TX-005268,002-374989,Sofia Rojas,Transferencia,6875.59,2026-07-13,19:21:26,Pendiente
TX-005269,009-149722,Rosa Herrera,Deposito,5168.62,2026-02-25,22:42:25,Anulada
TX-005270,003-544410,Jorge Medina,PagoServicio,9298.91,2026-07-15,12:27:58,Anulada
TX-005271,008-718324,Valeria Leon,PagoServicio,14111.22,2026-05-09,09:48:54,Pendiente
TX-005272,005-445389,Valeria Leon,Deposito,13253.33,2026-10-22,13:39:18,Pendiente
TX-005273,002-347044,Lucia Vega,Transferencia,1742.04,2026-08-26,01:07:22,Rechazada
TX-005274,004-536153,Elena Vargas,Transferencia,10371.92,2026-08-22,19:40:13,Observada
TX-005275,003-829158,Jorge Medina,Deposito,9955.69,2026-01-25,20:32:46,Anulada
TX-005276,004-363368,Sofia Rojas,Retiro,7743.83,2026-01-11,13:39:56,Aprobada
TX-005277,003-981114,Lucia Vega,Deposito,11816.51,2026-07-05,20:06:06,Anulada
TX-005278,004-542428,Fernando Diaz,Deposito,6112.78,2026-12-24,17:28:42,Aprobada
TX-005279,006-529485,Valeria Leon,PagoServicio,2050.19,2026-02-21,09:14:44,Rechazada
TX-005280,001-950804,Jorge Medina,Transferencia,9861.89,2026-05-11,05:06:34,Anulada
TX-005281,005-643644,Ana Torres,Deposito,14517.33,2026-02-09,15:59:46,Observada
TX-005282,001-237698,Fernando Diaz,Retiro,6748.17,2026-12-25,18:28:10,Pendiente
TX-005283,004-360126,Ana Torres,Retiro,12556.58,2026-09-20,05:12:05,Rechazada
TX-005284,008-170680,Valeria Leon,PagoServicio,9539.74,2026-03-04,21:29:36,Pendiente
TX-005285,005-578746,Miguel Castro,Deposito,6281.36,2026-12-01,14:29:01,Aprobada
TX-005286,002-236376,Camila Ruiz,Transferencia,3153.51,2026-09-29,06:45:27,Aprobada
TX-005287,008-670981,Miguel Castro,Retiro,8368.43,2026-07-09,15:00:23,Anulada
TX-005288,001-514284,Sofia Rojas,Transferencia,4791.06,2026-12-09,12:52:39,Pendiente
TX-005289,006-752825,Miguel Castro,Deposito,7708.86,2026-05-27,07:10:55,Rechazada
TX-005290,006-554042,Pedro Castillo,Deposito,1207.77,2026-12-28,05:05:19,Aprobada
TX-005291,003-759007,Miguel Castro,Retiro,5085.44,2026-01-30,12:37:05,Rechazada
TX-005292,009-839133,Valeria Leon,PagoServicio,6497.54,2026-01-17,02:50:30,Pendiente
TX-005293,005-509063,Diego Flores,Deposito,2642.29,2026-07-14,18:19:58,Rechazada
TX-005294,009-400478,Jorge Medina,Transferencia,4931.80,2026-01-18,06:21:36,Rechazada
TX-005295,002-802387,Carlos Perez,Retiro,12219.22,2026-07-29,20:50:14,Anulada
TX-005296,008-195599,Rosa Herrera,Retiro,3152.03,2026-03-03,21:10:32,Aprobada
TX-005297,004-553604,Sofia Rojas,PagoServicio,14702.64,2026-02-19,05:38:17,Observada
TX-005298,008-671620,Sofia Rojas,Retiro,6417.86,2026-07-30,07:52:40,Pendiente
TX-005299,003-594087,Maria Soto,PagoServicio,11084.33,2026-01-12,06:51:40,Rechazada
TX-005300,003-106597,Valeria Leon,PagoServicio,6738.05,2026-03-29,23:06:07,Pendiente
TX-005301,008-183879,Fernando Diaz,Transferencia,6106.43,2026-09-16,14:03:38,Anulada
TX-005302,004-963899,Carlos Perez,Deposito,9569.52,2026-05-15,17:53:23,Pendiente
TX-005303,008-354508,Pedro Castillo,PagoServicio,2610.53,2026-09-10,13:55:32,Rechazada
TX-005304,008-623979,Camila Ruiz,Transferencia,848.46,2026-05-09,09:20:15,Rechazada
TX-005305,006-656521,Pedro Castillo,PagoServicio,3282.68,2026-02-18,20:47:37,Observada
TX-005306,004-881675,Camila Ruiz,Retiro,2561.53,2026-05-14,17:57:21,Observada
TX-005307,001-427336,Fernando Diaz,Retiro,11832.00,2026-01-17,05:13:13,Rechazada
TX-005308,006-458804,Pedro Castillo,Deposito,13624.54,2026-07-22,10:00:23,Anulada
TX-005309,004-706965,Rosa Herrera,PagoServicio,13386.67,2026-06-27,22:17:55,Aprobada
TX-005310,005-209325,Luis Ramos,PagoServicio,7155.38,2026-08-05,16:10:07,Anulada
TX-005311,002-477157,Rosa Herrera,PagoServicio,9568.10,2026-12-02,15:10:42,Pendiente
TX-005312,007-776251,Jorge Medina,Retiro,7919.38,2026-11-23,18:29:57,Pendiente
TX-005313,007-738291,Ana Torres,Deposito,14459.01,2026-04-19,04:09:26,Anulada
TX-005314,005-882371,Camila Ruiz,PagoServicio,7496.92,2026-03-30,15:34:32,Rechazada
TX-005315,003-846245,Maria Soto,Transferencia,14472.99,2026-03-05,07:35:40,Pendiente
TX-005316,009-731544,Pedro Castillo,Deposito,8024.54,2026-12-23,12:33:52,Observada
TX-005317,001-111080,Camila Ruiz,PagoServicio,13368.60,2026-04-03,21:03:26,Anulada
TX-005318,005-427979,Diego Flores,Deposito,14383.72,2026-06-13,18:57:21,Pendiente
TX-005319,001-611904,Sofia Rojas,Transferencia,9546.34,2026-08-19,22:26:42,Pendiente
TX-005320,004-162030,Luis Ramos,Retiro,14161.38,2026-01-19,07:55:18,Rechazada
TX-005321,004-703896,Valeria Leon,Transferencia,10410.20,2026-04-04,17:18:05,Anulada
TX-005322,008-195543,Miguel Castro,PagoServicio,2165.27,2026-03-28,22:23:33,Rechazada
TX-005323,006-544909,Valeria Leon,Transferencia,4813.82,2026-12-11,17:10:29,Anulada
TX-005324,002-140046,Valeria Leon,Transferencia,14200.22,2026-05-23,03:08:13,Rechazada
TX-005325,004-579235,Lucia Vega,Retiro,4897.90,2026-06-28,00:27:01,Aprobada
TX-005326,003-766776,Camila Ruiz,PagoServicio,7370.12,2026-07-18,15:28:02,Observada
TX-005327,002-434254,Elena Vargas,PagoServicio,5493.56,2026-06-17,13:48:35,Anulada
TX-005328,006-585155,Fernando Diaz,Deposito,5308.26,2026-07-12,02:21:17,Pendiente
TX-005329,006-741314,Diego Flores,Deposito,14644.18,2026-01-10,20:54:48,Pendiente
TX-005330,006-780041,Carlos Perez,PagoServicio,2018.72,2026-10-03,18:21:56,Aprobada
TX-005331,008-220306,Lucia Vega,Deposito,13131.22,2026-11-23,03:53:08,Pendiente
TX-005332,002-686312,Carlos Perez,Deposito,14131.48,2026-09-25,20:16:20,Pendiente
TX-005333,003-874969,Miguel Castro,Deposito,2159.75,2026-12-29,08:27:24,Aprobada
TX-005334,008-801219,Rosa Herrera,Retiro,11624.88,2026-01-29,20:34:52,Observada
TX-005335,006-200957,Miguel Castro,Transferencia,9157.77,2026-10-03,15:29:45,Rechazada
TX-005336,002-413911,Miguel Castro,Deposito,7376.48,2026-10-03,22:38:35,Pendiente
TX-005337,006-256172,Ana Torres,Retiro,615.00,2026-11-10,08:13:44,Rechazada
TX-005338,008-761310,Sofia Rojas,Deposito,6953.81,2026-01-10,23:44:01,Anulada
TX-005339,009-248369,Lucia Vega,Transferencia,2836.41,2026-10-11,00:44:19,Pendiente
TX-005340,004-280672,Fernando Diaz,Transferencia,11788.75,2026-10-14,13:02:35,Pendiente
TX-005341,005-110073,Fernando Diaz,Retiro,8745.42,2026-10-28,03:59:05,Observada
TX-005342,004-403627,Camila Ruiz,Transferencia,8642.36,2026-02-05,01:13:47,Rechazada
TX-005343,002-962706,Valeria Leon,Transferencia,5431.84,2026-11-19,12:23:01,Rechazada
TX-005344,006-601424,Diego Flores,Deposito,8749.09,2026-01-24,17:46:43,Aprobada
TX-005345,005-957000,Jorge Medina,Deposito,1337.22,2026-11-07,20:59:19,Rechazada
TX-005346,003-440700,Lucia Vega,PagoServicio,132.33,2026-08-04,00:44:51,Anulada
TX-005347,002-919701,Luis Ramos,Retiro,12000.74,2026-10-15,18:45:19,Rechazada
TX-005348,005-939956,Valeria Leon,Deposito,7100.14,2026-03-20,11:58:30,Rechazada
TX-005349,007-825514,Maria Soto,PagoServicio,6418.51,2026-06-11,13:30:04,Aprobada
TX-005350,003-617544,Carlos Perez,Deposito,12292.60,2026-02-15,00:57:39,Aprobada
TX-005351,003-127178,Rosa Herrera,Retiro,9292.49,2026-12-09,20:46:08,Rechazada
TX-005352,009-187643,Carlos Perez,Transferencia,1393.08,2026-08-18,22:25:38,Pendiente
TX-005353,009-136039,Maria Soto,Transferencia,8345.31,2026-09-08,09:16:16,Anulada
TX-005354,002-706491,Sofia Rojas,PagoServicio,4537.26,2026-05-20,23:45:52,Rechazada
TX-005355,004-222701,Miguel Castro,Transferencia,10144.74,2026-12-04,10:21:31,Anulada
TX-005356,001-638063,Maria Soto,Transferencia,10063.81,2026-03-16,15:22:16,Pendiente
TX-005357,007-688867,Fernando Diaz,Retiro,1420.56,2026-02-28,21:03:21,Rechazada
TX-005358,007-756445,Sofia Rojas,PagoServicio,816.98,2026-04-27,15:51:50,Aprobada
TX-005359,008-189208,Ana Torres,Retiro,10364.82,2026-12-17,06:26:19,Anulada
TX-005360,002-748419,Luis Ramos,PagoServicio,4365.53,2026-05-05,16:29:27,Aprobada
TX-005361,002-350796,Fernando Diaz,Retiro,11728.01,2026-01-09,21:41:17,Rechazada
TX-005362,005-937825,Lucia Vega,Deposito,6453.56,2026-07-11,11:57:26,Aprobada
TX-005363,005-644461,Jorge Medina,PagoServicio,5180.69,2026-11-17,22:23:08,Observada
TX-005364,008-463596,Rosa Herrera,Retiro,5378.01,2026-11-30,20:38:34,Observada
TX-005365,003-337076,Luis Ramos,PagoServicio,11340.98,2026-03-23,03:43:08,Aprobada
TX-005366,007-127365,Miguel Castro,Retiro,9935.43,2026-09-07,12:26:18,Anulada
TX-005367,002-197330,Camila Ruiz,Transferencia,4738.70,2026-12-12,04:20:09,Observada
TX-005368,001-297093,Rosa Herrera,PagoServicio,12897.11,2026-03-21,21:57:18,Aprobada
TX-005369,007-518316,Miguel Castro,PagoServicio,350.42,2026-05-15,03:04:53,Anulada
TX-005370,005-522150,Elena Vargas,PagoServicio,5964.22,2026-08-23,19:14:37,Rechazada
TX-005371,003-903070,Carlos Perez,Retiro,10353.43,2026-01-24,00:23:30,Aprobada
TX-005372,008-213345,Fernando Diaz,Deposito,7848.50,2026-01-04,10:58:39,Aprobada
TX-005373,008-168892,Lucia Vega,Transferencia,8395.90,2026-03-18,20:34:06,Rechazada
TX-005374,003-326704,Lucia Vega,Retiro,12667.26,2026-11-07,07:58:43,Observada
TX-005375,006-660481,Rosa Herrera,PagoServicio,4404.36,2026-12-09,09:53:58,Anulada
TX-005376,009-678876,Carlos Perez,Retiro,3658.65,2026-05-11,02:55:38,Anulada
TX-005377,001-981568,Diego Flores,PagoServicio,2805.70,2026-07-23,17:36:58,Pendiente
TX-005378,009-979196,Fernando Diaz,Retiro,10291.59,2026-08-02,18:11:22,Pendiente
TX-005379,005-473367,Pedro Castillo,Transferencia,3181.48,2026-10-26,18:21:29,Aprobada
TX-005380,007-919695,Ana Torres,Retiro,13790.88,2026-07-21,16:58:28,Rechazada
TX-005381,004-549173,Jorge Medina,Retiro,8221.58,2026-07-09,22:10:28,Rechazada
TX-005382,007-689920,Miguel Castro,Retiro,2189.10,2026-04-04,09:48:52,Anulada
TX-005383,001-134122,Lucia Vega,Retiro,6173.81,2026-06-20,11:33:01,Pendiente
TX-005384,009-426317,Sofia Rojas,PagoServicio,13479.80,2026-04-17,04:55:31,Anulada
TX-005385,007-873905,Jorge Medina,Deposito,1482.99,2026-03-31,16:02:05,Observada
TX-005386,002-236597,Ana Torres,PagoServicio,3427.49,2026-06-27,14:58:58,Pendiente
TX-005387,006-276849,Diego Flores,PagoServicio,7216.98,2026-01-15,11:48:50,Aprobada
TX-005388,005-475757,Valeria Leon,Deposito,83.01,2026-02-10,04:07:03,Aprobada
TX-005389,005-365354,Rosa Herrera,Transferencia,5554.37,2026-03-11,05:31:40,Anulada
TX-005390,002-841063,Lucia Vega,Retiro,10548.68,2026-12-13,06:37:01,Aprobada
TX-005391,002-534185,Valeria Leon,PagoServicio,1782.76,2026-04-30,04:39:43,Observada
TX-005392,001-307873,Elena Vargas,PagoServicio,1151.16,2026-07-20,13:10:08,Anulada
TX-005393,003-519082,Fernando Diaz,Transferencia,11742.58,2026-05-13,16:49:45,Pendiente
TX-005394,005-497498,Pedro Castillo,Deposito,2639.99,2026-06-04,15:50:00,Anulada
TX-005395,004-498222,Valeria Leon,Deposito,13874.24,2026-10-30,11:23:16,Rechazada
TX-005396,008-574037,Luis Ramos,Deposito,12106.25,2026-03-19,01:15:53,Pendiente
TX-005397,005-762577,Camila Ruiz,Deposito,4219.34,2026-05-12,06:02:20,Anulada
TX-005398,006-807334,Sofia Rojas,PagoServicio,439.65,2026-03-31,15:50:23,Aprobada
TX-005399,002-197219,Diego Flores,PagoServicio,9656.50,2026-02-23,11:08:51,Rechazada
TX-005400,008-913103,Maria Soto,Retiro,14530.42,2026-05-27,04:22:11,Anulada
TX-005401,008-380028,Camila Ruiz,Retiro,10360.08,2026-09-11,01:39:36,Observada
TX-005402,004-509551,Rosa Herrera,Retiro,8030.84,2026-09-13,14:07:29,Aprobada
TX-005403,006-978425,Camila Ruiz,PagoServicio,331.93,2026-11-03,19:16:21,Anulada
TX-005404,004-371201,Ana Torres,Transferencia,6101.75,2026-12-23,19:06:23,Pendiente
TX-005405,001-670001,Luis Ramos,Transferencia,2842.75,2026-11-09,01:25:31,Pendiente
TX-005406,001-352232,Lucia Vega,Deposito,8433.97,2026-03-15,07:55:28,Observada
TX-005407,008-135574,Ana Torres,PagoServicio,2599.08,2026-07-09,03:18:04,Anulada
TX-005408,006-847139,Camila Ruiz,Deposito,13145.33,2026-02-18,04:49:20,Pendiente
TX-005409,003-722767,Pedro Castillo,Deposito,4283.41,2026-10-18,19:45:21,Observada
TX-005410,007-704061,Pedro Castillo,Deposito,2081.44,2026-02-02,20:00:09,Observada
TX-005411,006-985774,Sofia Rojas,Retiro,7125.01,2026-03-07,11:03:23,Anulada
TX-005412,001-112562,Luis Ramos,PagoServicio,14502.99,2026-10-16,08:28:13,Aprobada
TX-005413,008-314636,Lucia Vega,Deposito,6919.75,2026-09-15,04:44:52,Pendiente
TX-005414,006-713496,Maria Soto,Retiro,4702.54,2026-02-15,15:34:49,Observada
TX-005415,004-677558,Carlos Perez,Retiro,6344.21,2026-12-20,04:39:31,Anulada
TX-005416,008-853330,Luis Ramos,Transferencia,804.78,2026-06-22,19:17:26,Aprobada
TX-005417,008-683202,Luis Ramos,Retiro,10249.49,2026-08-30,22:25:52,Pendiente
TX-005418,006-570256,Sofia Rojas,Transferencia,11067.63,2026-04-03,23:26:27,Aprobada
TX-005419,005-915987,Diego Flores,Deposito,8395.96,2026-02-04,21:34:34,Pendiente
TX-005420,003-755898,Fernando Diaz,Retiro,4707.55,2026-05-17,03:52:18,Rechazada
TX-005421,009-311805,Camila Ruiz,Retiro,7256.06,2026-09-19,22:49:22,Anulada
TX-005422,008-847573,Pedro Castillo,PagoServicio,9879.94,2026-08-11,20:00:04,Anulada
TX-005423,002-791582,Carlos Perez,Transferencia,13775.38,2026-06-10,23:56:31,Pendiente
TX-005424,007-387224,Camila Ruiz,PagoServicio,14259.28,2026-07-03,10:39:00,Aprobada
TX-005425,002-458247,Valeria Leon,Retiro,13254.14,2026-10-11,02:17:24,Aprobada
TX-005426,009-591513,Ana Torres,Deposito,1104.03,2026-10-08,05:10:26,Aprobada
TX-005427,008-863071,Diego Flores,Transferencia,1748.74,2026-06-11,18:15:54,Aprobada
TX-005428,002-415303,Elena Vargas,PagoServicio,3874.35,2026-05-29,06:51:50,Aprobada
TX-005429,002-710820,Miguel Castro,Retiro,914.66,2026-08-12,21:57:02,Observada
TX-005430,006-939117,Lucia Vega,Retiro,10974.50,2026-04-28,06:35:54,Observada
TX-005431,004-867210,Miguel Castro,Deposito,14551.32,2026-03-13,17:45:31,Rechazada
TX-005432,008-856665,Camila Ruiz,PagoServicio,14557.62,2026-08-06,07:33:01,Observada
TX-005433,008-104961,Ana Torres,PagoServicio,8409.16,2026-12-11,14:45:30,Aprobada
TX-005434,003-457183,Carlos Perez,Retiro,5021.67,2026-02-06,19:39:48,Rechazada
TX-005435,002-887443,Camila Ruiz,Transferencia,8263.51,2026-03-05,11:13:36,Rechazada
TX-005436,007-606536,Diego Flores,Transferencia,9221.43,2026-09-16,14:07:04,Observada
TX-005437,007-863376,Ana Torres,Retiro,8121.73,2026-05-21,00:54:10,Rechazada
TX-005438,009-325451,Miguel Castro,Deposito,6896.02,2026-06-09,04:14:20,Pendiente
TX-005439,007-894800,Miguel Castro,Retiro,14626.62,2026-10-26,11:16:27,Aprobada
TX-005440,001-298088,Camila Ruiz,PagoServicio,154.30,2026-10-21,23:52:16,Anulada
TX-005441,001-568732,Ana Torres,Retiro,7316.40,2026-10-29,15:28:52,Aprobada
TX-005442,009-762190,Valeria Leon,PagoServicio,13786.54,2026-10-01,19:31:49,Observada
TX-005443,004-272198,Ana Torres,PagoServicio,12010.22,2026-11-05,13:02:43,Aprobada
TX-005444,009-345973,Lucia Vega,Deposito,8912.08,2026-09-19,03:05:48,Observada
TX-005445,008-857634,Lucia Vega,PagoServicio,12979.83,2026-12-29,16:17:47,Rechazada
TX-005446,007-464498,Ana Torres,PagoServicio,11978.67,2026-09-19,10:39:23,Pendiente
TX-005447,006-514153,Pedro Castillo,PagoServicio,2007.14,2026-07-02,21:01:22,Observada
TX-005448,006-809866,Lucia Vega,Transferencia,11603.48,2026-07-17,23:58:16,Rechazada
TX-005449,009-207964,Jorge Medina,Deposito,7481.19,2026-08-13,05:42:34,Pendiente
TX-005450,001-945640,Ana Torres,Retiro,4616.90,2026-10-24,23:39:10,Rechazada
TX-005451,003-163973,Maria Soto,PagoServicio,14624.78,2026-06-04,06:11:24,Anulada
TX-005452,004-161181,Carlos Perez,Retiro,12678.90,2026-06-01,01:11:01,Pendiente
TX-005453,006-280177,Elena Vargas,Deposito,14287.18,2026-03-28,11:31:59,Rechazada
TX-005454,001-741505,Elena Vargas,Transferencia,14986.43,2026-06-29,04:59:34,Pendiente
TX-005455,001-868019,Sofia Rojas,Retiro,5031.82,2026-06-18,00:52:29,Anulada
TX-005456,006-253760,Camila Ruiz,Retiro,4083.73,2026-06-05,05:35:11,Observada
TX-005457,006-228106,Maria Soto,Deposito,10624.27,2026-03-19,17:07:12,Observada
TX-005458,001-164853,Fernando Diaz,Deposito,12610.03,2026-12-08,15:46:45,Rechazada
TX-005459,007-858466,Elena Vargas,PagoServicio,9011.18,2026-03-23,02:46:20,Rechazada
TX-005460,003-616493,Sofia Rojas,Retiro,3264.32,2026-04-11,03:32:27,Rechazada
TX-005461,003-658671,Pedro Castillo,PagoServicio,2398.52,2026-10-27,08:10:22,Anulada
TX-005462,004-587958,Maria Soto,Retiro,7464.41,2026-03-10,15:05:33,Rechazada
TX-005463,006-887391,Diego Flores,Retiro,1539.09,2026-04-01,12:26:27,Rechazada
TX-005464,008-964605,Rosa Herrera,Transferencia,113.52,2026-09-27,02:32:30,Anulada
TX-005465,005-249500,Camila Ruiz,Retiro,3772.24,2026-12-15,00:23:53,Aprobada
TX-005466,004-879158,Jorge Medina,Transferencia,4013.80,2026-03-16,05:03:48,Rechazada
TX-005467,004-815967,Luis Ramos,Retiro,8005.29,2026-05-23,13:56:24,Observada
TX-005468,002-234094,Pedro Castillo,PagoServicio,13363.87,2026-09-01,02:09:16,Aprobada
TX-005469,005-587315,Carlos Perez,PagoServicio,1524.40,2026-07-23,09:50:30,Pendiente
TX-005470,002-600714,Sofia Rojas,PagoServicio,8109.90,2026-12-14,01:22:44,Observada
TX-005471,005-487479,Miguel Castro,Deposito,4614.38,2026-10-10,16:34:46,Rechazada
TX-005472,002-485508,Jorge Medina,Retiro,6958.88,2026-09-17,16:53:46,Rechazada
TX-005473,007-403421,Ana Torres,Deposito,3101.82,2026-02-26,11:52:29,Observada
TX-005474,004-779155,Diego Flores,PagoServicio,7840.70,2026-05-21,20:13:54,Anulada
TX-005475,004-375853,Fernando Diaz,Retiro,7897.33,2026-08-04,23:09:33,Rechazada
TX-005476,001-331681,Diego Flores,PagoServicio,9208.00,2026-08-24,19:24:35,Observada
TX-005477,009-328267,Camila Ruiz,Retiro,1213.74,2026-05-25,14:02:08,Aprobada
TX-005478,004-272994,Luis Ramos,Deposito,11365.84,2026-11-17,02:47:54,Observada
TX-005479,006-936625,Pedro Castillo,Transferencia,10217.22,2026-10-10,12:38:40,Aprobada
TX-005480,003-447730,Ana Torres,PagoServicio,6544.32,2026-12-07,13:46:30,Anulada
TX-005481,007-768882,Camila Ruiz,Transferencia,6055.05,2026-06-27,18:28:14,Rechazada
TX-005482,005-618219,Sofia Rojas,PagoServicio,1413.37,2026-04-26,16:05:51,Anulada
TX-005483,009-549379,Carlos Perez,Retiro,8397.11,2026-05-20,04:17:45,Anulada
TX-005484,002-866208,Ana Torres,Retiro,7920.78,2026-03-13,22:10:30,Pendiente
TX-005485,003-998122,Jorge Medina,PagoServicio,2541.76,2026-02-10,01:33:08,Pendiente
TX-005486,006-693472,Rosa Herrera,PagoServicio,3637.78,2026-09-20,22:08:25,Observada
TX-005487,005-315899,Diego Flores,PagoServicio,3425.50,2026-08-23,11:03:15,Pendiente
TX-005488,006-725448,Lucia Vega,Transferencia,3023.93,2026-08-07,14:26:32,Pendiente
TX-005489,006-926147,Fernando Diaz,Deposito,6227.22,2026-06-19,02:57:55,Pendiente
TX-005490,004-178104,Jorge Medina,Transferencia,7708.08,2026-03-26,08:27:17,Aprobada
TX-005491,001-256884,Fernando Diaz,Transferencia,245.35,2026-02-26,21:12:43,Observada
TX-005492,004-498636,Camila Ruiz,PagoServicio,3329.50,2026-10-16,12:22:36,Rechazada
TX-005493,006-871574,Sofia Rojas,PagoServicio,3081.27,2026-10-01,14:12:01,Rechazada
TX-005494,003-865160,Carlos Perez,Deposito,13772.68,2026-06-25,13:06:32,Pendiente
TX-005495,004-727456,Luis Ramos,PagoServicio,10016.30,2026-01-02,23:25:38,Aprobada
TX-005496,002-135006,Diego Flores,Transferencia,4542.43,2026-07-21,17:08:01,Observada
TX-005497,007-854972,Fernando Diaz,Transferencia,11219.37,2026-03-22,17:30:50,Rechazada
TX-005498,007-424578,Lucia Vega,PagoServicio,11605.51,2026-08-05,13:23:58,Anulada
TX-005499,004-796751,Jorge Medina,Deposito,9214.43,2026-09-02,16:57:58,Pendiente
TX-005500,002-607871,Sofia Rojas,Transferencia,11805.51,2026-08-28,08:53:31,Aprobada
TX-005501,004-619725,Luis Ramos,PagoServicio,4396.61,2026-12-31,04:05:26,Pendiente
TX-005502,009-212661,Ana Torres,Deposito,5257.54,2026-07-10,14:58:58,Rechazada
TX-005503,005-538794,Sofia Rojas,Deposito,3831.57,2026-07-11,18:09:14,Rechazada
TX-005504,004-665771,Jorge Medina,Transferencia,11165.56,2026-11-02,09:35:04,Pendiente
TX-005505,003-625518,Diego Flores,Transferencia,9891.12,2026-06-01,01:39:34,Observada
TX-005506,006-192144,Valeria Leon,Retiro,6643.11,2026-11-07,05:47:57,Pendiente
TX-005507,008-564039,Luis Ramos,Retiro,14650.20,2026-04-17,04:38:07,Rechazada
TX-005508,005-471993,Ana Torres,PagoServicio,7626.59,2026-08-29,09:12:54,Rechazada
TX-005509,009-142547,Sofia Rojas,Retiro,11206.13,2026-01-23,10:20:31,Rechazada
TX-005510,004-147268,Valeria Leon,PagoServicio,4213.48,2026-11-08,13:11:11,Anulada
TX-005511,003-378100,Elena Vargas,Retiro,4479.57,2026-12-06,18:20:11,Rechazada
TX-005512,006-363334,Valeria Leon,PagoServicio,8927.02,2026-03-10,15:56:01,Aprobada
TX-005513,003-960092,Luis Ramos,Deposito,5839.25,2026-11-16,10:40:15,Rechazada
TX-005514,009-573823,Luis Ramos,Transferencia,7821.48,2026-01-18,11:29:39,Rechazada
TX-005515,006-425416,Sofia Rojas,Deposito,5732.59,2026-01-01,06:26:51,Pendiente
TX-005516,001-322232,Jorge Medina,PagoServicio,3900.76,2026-04-18,06:24:50,Observada
TX-005517,007-870341,Elena Vargas,Transferencia,9859.53,2026-12-09,06:41:29,Aprobada
TX-005518,007-185001,Maria Soto,Retiro,1745.73,2026-05-12,06:39:38,Aprobada
TX-005519,004-862340,Diego Flores,PagoServicio,10484.30,2026-05-17,08:56:06,Anulada
TX-005520,007-844657,Valeria Leon,Transferencia,9580.72,2026-12-17,16:01:06,Aprobada
TX-005521,001-926098,Miguel Castro,Deposito,1848.12,2026-07-22,09:19:08,Anulada
TX-005522,004-325294,Carlos Perez,Deposito,1974.02,2026-07-31,04:39:30,Observada
TX-005523,007-101331,Luis Ramos,Retiro,7739.22,2026-05-03,14:06:11,Aprobada
TX-005524,001-275479,Diego Flores,Deposito,11783.21,2026-07-07,03:49:23,Rechazada
TX-005525,009-112123,Luis Ramos,Transferencia,1038.01,2026-11-29,06:27:50,Pendiente
TX-005526,006-997738,Jorge Medina,Transferencia,14447.00,2026-02-05,23:29:29,Pendiente
TX-005527,009-157460,Sofia Rojas,Transferencia,8970.08,2026-08-24,23:06:25,Anulada
TX-005528,002-298907,Elena Vargas,PagoServicio,9385.83,2026-10-09,04:23:12,Pendiente
TX-005529,001-473546,Pedro Castillo,Transferencia,8638.05,2026-09-18,22:01:48,Anulada
TX-005530,004-973793,Elena Vargas,PagoServicio,7988.50,2026-02-01,15:29:06,Anulada
TX-005531,007-933569,Camila Ruiz,PagoServicio,1161.28,2026-01-04,00:34:42,Anulada
TX-005532,001-773196,Lucia Vega,Retiro,8965.71,2026-03-21,05:29:14,Rechazada
TX-005533,009-850139,Rosa Herrera,Deposito,268.92,2026-12-23,16:11:34,Aprobada
TX-005534,007-187796,Maria Soto,Retiro,3120.96,2026-02-24,13:31:43,Aprobada
TX-005535,004-393023,Diego Flores,Deposito,2456.27,2026-02-22,08:08:21,Aprobada
TX-005536,005-143357,Camila Ruiz,Transferencia,14155.60,2026-11-18,02:44:32,Rechazada
TX-005537,008-809070,Luis Ramos,PagoServicio,7445.44,2026-07-22,18:47:36,Anulada
TX-005538,006-504075,Maria Soto,PagoServicio,3830.75,2026-01-03,16:21:35,Observada
TX-005539,007-211376,Luis Ramos,Retiro,13577.68,2026-11-03,09:56:59,Rechazada
TX-005540,001-781224,Carlos Perez,Transferencia,14920.21,2026-08-18,20:59:30,Pendiente
TX-005541,002-550181,Pedro Castillo,PagoServicio,10109.88,2026-03-07,06:02:39,Aprobada
TX-005542,002-681296,Sofia Rojas,Transferencia,12473.62,2026-01-25,15:36:19,Anulada
TX-005543,002-227337,Camila Ruiz,Retiro,12953.56,2026-10-03,21:55:34,Rechazada
TX-005544,004-305171,Ana Torres,Retiro,4874.95,2026-08-15,16:37:55,Anulada
TX-005545,008-709022,Fernando Diaz,Retiro,902.92,2026-11-03,00:58:34,Rechazada
TX-005546,004-220609,Rosa Herrera,Deposito,12241.75,2026-05-13,08:53:34,Anulada
TX-005547,007-681929,Camila Ruiz,Transferencia,12688.82,2026-12-09,07:55:30,Anulada
TX-005548,007-764027,Luis Ramos,PagoServicio,12904.07,2026-01-19,19:08:30,Pendiente
TX-005549,006-132339,Pedro Castillo,Retiro,1344.92,2026-02-24,18:02:42,Aprobada
TX-005550,004-931108,Sofia Rojas,Transferencia,7787.81,2026-06-07,06:23:27,Pendiente
TX-005551,002-822507,Elena Vargas,Transferencia,3805.06,2026-10-18,03:57:15,Observada
TX-005552,001-667400,Fernando Diaz,Transferencia,10379.96,2026-07-14,00:15:58,Aprobada
TX-005553,005-139993,Rosa Herrera,Retiro,4104.90,2026-08-08,00:08:35,Pendiente
TX-005554,005-394114,Diego Flores,Deposito,457.26,2026-06-06,20:59:39,Aprobada
TX-005555,006-968886,Elena Vargas,Transferencia,6215.42,2026-02-21,03:33:37,Observada
TX-005556,005-457019,Sofia Rojas,PagoServicio,8915.87,2026-03-27,14:38:11,Anulada
TX-005557,009-973558,Pedro Castillo,Transferencia,7311.80,2026-02-25,00:21:46,Anulada
TX-005558,005-181971,Lucia Vega,Retiro,9980.68,2026-09-13,12:18:28,Aprobada
TX-005559,005-750429,Pedro Castillo,PagoServicio,13949.39,2026-09-10,15:29:42,Observada
TX-005560,007-287843,Pedro Castillo,Retiro,10120.50,2026-09-01,13:00:09,Anulada
TX-005561,005-576199,Sofia Rojas,PagoServicio,9076.25,2026-12-08,00:49:55,Anulada
TX-005562,006-304735,Ana Torres,Transferencia,5867.28,2026-11-29,16:50:29,Pendiente
TX-005563,008-245735,Valeria Leon,PagoServicio,1860.71,2026-04-24,23:33:14,Observada
TX-005564,009-435721,Diego Flores,Transferencia,2029.91,2026-10-31,19:43:54,Observada
TX-005565,003-738320,Rosa Herrera,PagoServicio,14360.15,2026-02-02,22:24:54,Aprobada
TX-005566,007-505742,Maria Soto,PagoServicio,6536.44,2026-10-26,06:13:11,Rechazada
TX-005567,005-725752,Valeria Leon,Retiro,4058.32,2026-06-05,08:27:44,Anulada
TX-005568,007-606584,Camila Ruiz,Transferencia,1882.79,2026-05-24,12:42:51,Observada
TX-005569,003-979951,Jorge Medina,PagoServicio,12324.59,2026-04-25,16:53:01,Aprobada
TX-005570,003-165961,Elena Vargas,Deposito,12329.68,2026-07-13,02:36:57,Rechazada
TX-005571,004-190950,Fernando Diaz,Retiro,4841.12,2026-04-17,05:21:27,Rechazada
TX-005572,004-456728,Maria Soto,Deposito,12418.78,2026-06-01,13:39:27,Aprobada
TX-005573,001-646306,Pedro Castillo,Deposito,9007.05,2026-12-08,04:52:00,Aprobada
TX-005574,008-288484,Luis Ramos,Deposito,14337.29,2026-01-22,23:13:37,Pendiente
TX-005575,003-108655,Camila Ruiz,Deposito,13623.81,2026-12-15,09:31:22,Rechazada
TX-005576,006-308895,Rosa Herrera,Transferencia,2834.38,2026-02-16,05:24:44,Anulada
TX-005577,005-489511,Elena Vargas,PagoServicio,259.71,2026-08-26,22:01:41,Anulada
TX-005578,004-402152,Camila Ruiz,Retiro,3640.58,2026-02-19,06:33:51,Aprobada
TX-005579,001-733897,Luis Ramos,Retiro,13821.14,2026-08-13,17:25:46,Pendiente
TX-005580,005-880319,Carlos Perez,Transferencia,11894.53,2026-04-18,15:21:11,Aprobada
TX-005581,005-132473,Rosa Herrera,PagoServicio,7684.79,2026-04-14,00:12:30,Rechazada
TX-005582,008-975008,Jorge Medina,Retiro,10340.73,2026-04-28,23:01:58,Aprobada
TX-005583,003-201364,Elena Vargas,Transferencia,6411.99,2026-07-26,04:22:51,Rechazada
TX-005584,004-197233,Carlos Perez,PagoServicio,9344.41,2026-08-08,18:05:59,Anulada
TX-005585,002-626645,Luis Ramos,Transferencia,14402.11,2026-11-09,05:59:42,Anulada
TX-005586,007-257919,Miguel Castro,Deposito,2447.75,2026-06-08,14:33:46,Pendiente
TX-005587,008-644544,Rosa Herrera,PagoServicio,12163.42,2026-09-21,19:22:24,Pendiente
TX-005588,006-628413,Jorge Medina,PagoServicio,14586.33,2026-10-29,11:39:28,Pendiente
TX-005589,003-537268,Carlos Perez,Deposito,7539.01,2026-07-27,01:39:29,Rechazada
TX-005590,004-885368,Rosa Herrera,PagoServicio,12361.24,2026-02-27,21:39:16,Pendiente
TX-005591,005-409778,Fernando Diaz,Retiro,1932.64,2026-05-06,00:36:10,Rechazada
TX-005592,006-222426,Luis Ramos,PagoServicio,14550.26,2026-09-21,21:59:21,Anulada
TX-005593,003-680427,Ana Torres,Deposito,700.48,2026-04-07,21:46:10,Pendiente
TX-005594,006-483279,Carlos Perez,Retiro,7666.66,2026-07-03,04:48:54,Rechazada
TX-005595,001-374722,Jorge Medina,PagoServicio,7097.50,2026-05-28,10:58:32,Observada
TX-005596,001-658132,Maria Soto,PagoServicio,4495.43,2026-10-02,11:34:00,Anulada
TX-005597,008-182869,Fernando Diaz,Retiro,843.68,2026-07-03,13:18:20,Pendiente
TX-005598,004-175765,Camila Ruiz,Retiro,10754.57,2026-06-01,11:18:19,Anulada
TX-005599,006-733525,Carlos Perez,Transferencia,5577.55,2026-10-19,07:06:58,Rechazada
TX-005600,007-234631,Luis Ramos,Transferencia,7216.66,2026-04-25,18:34:44,Aprobada
TX-005601,005-928744,Lucia Vega,Retiro,66.85,2026-11-15,01:59:36,Aprobada
TX-005602,001-944386,Sofia Rojas,Transferencia,4167.67,2026-04-22,03:09:58,Pendiente
TX-005603,003-719583,Rosa Herrera,PagoServicio,13971.29,2026-05-17,21:47:30,Observada
TX-005604,005-384395,Elena Vargas,Retiro,3210.87,2026-08-20,03:17:08,Anulada
TX-005605,008-201381,Rosa Herrera,Transferencia,10256.04,2026-05-21,18:02:31,Rechazada
TX-005606,004-958456,Carlos Perez,Deposito,11784.51,2026-12-29,06:40:11,Observada
TX-005607,003-752446,Sofia Rojas,PagoServicio,437.07,2026-01-10,18:25:12,Aprobada
TX-005608,004-930287,Camila Ruiz,Deposito,3402.04,2026-04-28,02:26:38,Anulada
TX-005609,008-481992,Fernando Diaz,Deposito,12207.71,2026-10-06,10:22:33,Observada
TX-005610,002-869300,Valeria Leon,Transferencia,12569.66,2026-07-04,22:09:26,Anulada
TX-005611,007-156295,Fernando Diaz,Retiro,1742.90,2026-08-11,09:50:05,Anulada
TX-005612,003-623387,Diego Flores,Deposito,3268.08,2026-06-19,18:06:47,Rechazada
TX-005613,009-233760,Jorge Medina,Deposito,8754.74,2026-01-18,11:46:04,Rechazada
TX-005614,004-223233,Maria Soto,Retiro,2801.39,2026-12-05,05:47:01,Anulada
TX-005615,006-376864,Valeria Leon,Transferencia,13941.39,2026-06-20,11:30:53,Aprobada
TX-005616,005-572350,Carlos Perez,Transferencia,14708.60,2026-10-12,05:12:15,Anulada
TX-005617,004-936297,Sofia Rojas,PagoServicio,4651.71,2026-07-03,03:37:04,Observada
TX-005618,005-106687,Jorge Medina,Transferencia,3325.49,2026-05-30,12:25:19,Observada
TX-005619,006-521754,Ana Torres,Transferencia,10086.43,2026-06-24,11:36:01,Observada
TX-005620,003-269926,Miguel Castro,Retiro,1810.99,2026-03-12,06:54:22,Anulada
TX-005621,003-226796,Diego Flores,Retiro,12882.17,2026-07-15,12:27:01,Observada
TX-005622,009-273049,Jorge Medina,Deposito,11440.74,2026-02-21,21:49:56,Observada
TX-005623,005-842722,Rosa Herrera,Retiro,8984.46,2026-03-18,17:24:19,Aprobada
TX-005624,005-856990,Rosa Herrera,Deposito,9661.27,2026-11-22,15:38:25,Observada
TX-005625,003-794427,Rosa Herrera,Transferencia,13503.01,2026-06-05,16:32:04,Observada
TX-005626,001-386433,Valeria Leon,Deposito,14828.17,2026-02-06,16:48:38,Rechazada
TX-005627,004-364633,Camila Ruiz,Deposito,3091.70,2026-05-13,01:30:42,Anulada
TX-005628,005-706368,Elena Vargas,Transferencia,1695.85,2026-07-22,06:43:05,Pendiente
TX-005629,007-468557,Luis Ramos,Retiro,14503.40,2026-03-12,09:59:01,Aprobada
TX-005630,001-507684,Fernando Diaz,Retiro,7020.56,2026-09-22,22:39:06,Aprobada
TX-005631,008-893921,Fernando Diaz,Transferencia,4610.88,2026-10-03,20:40:29,Rechazada
TX-005632,007-364681,Camila Ruiz,Transferencia,1256.62,2026-06-09,12:39:04,Pendiente
TX-005633,006-478986,Fernando Diaz,Deposito,8595.02,2026-04-11,04:49:04,Rechazada
TX-005634,002-752911,Carlos Perez,PagoServicio,8611.39,2026-03-18,15:16:55,Aprobada
TX-005635,004-900128,Miguel Castro,PagoServicio,2909.38,2026-09-25,17:11:03,Observada
TX-005636,006-704190,Jorge Medina,Retiro,7338.03,2026-06-29,02:50:40,Observada
TX-005637,009-616288,Jorge Medina,PagoServicio,5497.95,2026-03-23,09:36:39,Pendiente
TX-005638,009-545797,Luis Ramos,Retiro,12503.40,2026-04-30,20:20:44,Aprobada
TX-005639,008-369314,Diego Flores,Transferencia,8776.51,2026-03-27,11:05:48,Anulada
TX-005640,001-674332,Camila Ruiz,Deposito,2695.55,2026-11-02,11:51:23,Observada
TX-005641,003-301314,Carlos Perez,Transferencia,10196.86,2026-07-10,07:12:37,Observada
TX-005642,002-480968,Miguel Castro,Transferencia,507.04,2026-01-30,03:00:44,Aprobada
TX-005643,004-739410,Luis Ramos,Deposito,4626.14,2026-01-01,02:04:29,Pendiente
TX-005644,005-292338,Fernando Diaz,Retiro,6196.35,2026-04-08,12:33:16,Observada
TX-005645,003-894968,Luis Ramos,Deposito,14892.41,2026-08-23,10:58:28,Aprobada
TX-005646,002-102658,Miguel Castro,PagoServicio,1467.76,2026-12-29,15:21:32,Observada
TX-005647,005-965618,Jorge Medina,Transferencia,4684.87,2026-09-02,05:13:07,Anulada
TX-005648,002-459270,Elena Vargas,PagoServicio,3370.33,2026-09-14,21:26:44,Aprobada
TX-005649,007-576252,Diego Flores,PagoServicio,6932.23,2026-03-31,18:37:38,Observada
TX-005650,008-290324,Ana Torres,PagoServicio,1781.39,2026-11-08,01:31:15,Rechazada
TX-005651,004-580320,Maria Soto,PagoServicio,4590.23,2026-09-19,23:58:37,Rechazada
TX-005652,001-481506,Valeria Leon,PagoServicio,8518.53,2026-06-20,10:12:28,Rechazada
TX-005653,005-480708,Diego Flores,PagoServicio,1562.34,2026-11-24,20:58:54,Pendiente
TX-005654,006-815154,Jorge Medina,Retiro,2362.77,2026-12-07,09:02:50,Observada
TX-005655,008-107458,Luis Ramos,Transferencia,10222.54,2026-04-30,17:08:23,Anulada
TX-005656,002-974026,Jorge Medina,PagoServicio,3091.97,2026-11-10,22:35:46,Rechazada
TX-005657,007-104825,Miguel Castro,PagoServicio,7624.57,2026-06-07,18:59:56,Anulada
TX-005658,009-821273,Valeria Leon,PagoServicio,11317.33,2026-01-14,13:36:10,Anulada
TX-005659,006-806268,Diego Flores,PagoServicio,3014.99,2026-05-15,16:07:13,Anulada
TX-005660,007-602109,Miguel Castro,Deposito,12440.87,2026-09-28,15:12:57,Rechazada
TX-005661,007-387107,Lucia Vega,PagoServicio,775.39,2026-05-29,14:49:30,Rechazada
TX-005662,003-613804,Sofia Rojas,PagoServicio,9871.22,2026-12-10,16:59:30,Pendiente
TX-005663,007-947747,Miguel Castro,Deposito,11032.92,2026-07-21,06:22:15,Observada
TX-005664,007-503713,Diego Flores,Deposito,12290.78,2026-09-03,20:06:39,Pendiente
TX-005665,008-880750,Luis Ramos,Deposito,5310.21,2026-09-02,00:42:46,Rechazada
TX-005666,005-995136,Jorge Medina,Deposito,12954.38,2026-09-09,13:41:44,Aprobada
TX-005667,003-365486,Ana Torres,Deposito,3627.65,2026-07-12,07:10:44,Rechazada
TX-005668,001-686319,Fernando Diaz,Deposito,10191.60,2026-10-18,12:12:42,Anulada
TX-005669,007-430113,Elena Vargas,Retiro,9628.82,2026-04-11,11:14:33,Pendiente
TX-005670,001-348537,Jorge Medina,Deposito,4202.07,2026-12-03,16:05:23,Aprobada
TX-005671,008-650478,Ana Torres,Deposito,3451.29,2026-03-25,20:26:50,Rechazada
TX-005672,009-489937,Elena Vargas,PagoServicio,8709.38,2026-03-14,10:34:57,Anulada
TX-005673,002-359705,Sofia Rojas,PagoServicio,4551.13,2026-10-15,12:24:10,Anulada
TX-005674,001-830466,Elena Vargas,Deposito,12173.22,2026-01-12,07:56:09,Observada
TX-005675,004-580874,Carlos Perez,Transferencia,14514.18,2026-12-07,00:00:18,Pendiente
TX-005676,002-468834,Ana Torres,PagoServicio,3284.17,2026-11-11,21:11:01,Pendiente
TX-005677,001-429489,Luis Ramos,Transferencia,12034.46,2026-12-08,13:31:47,Rechazada
TX-005678,007-478498,Valeria Leon,Retiro,13041.55,2026-06-25,12:31:54,Anulada
TX-005679,007-315980,Carlos Perez,Deposito,13868.63,2026-07-01,11:21:24,Pendiente
TX-005680,007-379422,Fernando Diaz,PagoServicio,12957.90,2026-10-17,13:11:16,Aprobada
TX-005681,004-329020,Miguel Castro,Retiro,13552.40,2026-03-18,08:07:40,Anulada
TX-005682,008-377302,Luis Ramos,Deposito,8923.58,2026-10-31,21:59:02,Aprobada
TX-005683,005-957904,Miguel Castro,Transferencia,810.05,2026-02-04,11:33:48,Aprobada
TX-005684,003-758804,Jorge Medina,PagoServicio,683.36,2026-11-09,07:37:53,Anulada
TX-005685,002-815193,Miguel Castro,Deposito,1733.62,2026-04-27,03:09:31,Anulada
TX-005686,005-720651,Elena Vargas,PagoServicio,7141.89,2026-09-04,03:53:15,Observada
TX-005687,004-643549,Carlos Perez,Retiro,12947.00,2026-01-09,10:31:08,Observada
TX-005688,002-376389,Lucia Vega,Retiro,13342.80,2026-06-23,16:05:12,Pendiente
TX-005689,005-840100,Jorge Medina,Retiro,12826.64,2026-01-09,21:41:38,Pendiente
TX-005690,003-529805,Ana Torres,Retiro,11410.29,2026-01-12,06:14:14,Observada
TX-005691,009-593219,Pedro Castillo,PagoServicio,11345.70,2026-01-24,11:33:07,Observada
TX-005692,002-767427,Miguel Castro,Transferencia,14122.18,2026-08-21,21:44:30,Rechazada
TX-005693,004-853694,Sofia Rojas,Transferencia,12941.80,2026-08-10,08:38:54,Aprobada
TX-005694,003-296716,Jorge Medina,PagoServicio,3810.77,2026-08-21,07:49:48,Anulada
TX-005695,009-412051,Camila Ruiz,Transferencia,10501.24,2026-03-22,10:19:30,Rechazada
TX-005696,008-531201,Elena Vargas,PagoServicio,144.63,2026-12-22,23:57:00,Anulada
TX-005697,001-613046,Diego Flores,Transferencia,11379.83,2026-09-01,21:05:26,Observada
TX-005698,006-224891,Elena Vargas,Transferencia,12281.86,2026-04-14,19:40:43,Aprobada
TX-005699,008-137552,Jorge Medina,Retiro,11422.66,2026-09-22,08:52:00,Pendiente
TX-005700,008-656697,Fernando Diaz,Deposito,7689.23,2026-03-18,05:26:26,Aprobada
TX-005701,004-366658,Valeria Leon,Deposito,6941.98,2026-06-18,02:32:34,Pendiente
TX-005702,005-823622,Camila Ruiz,Transferencia,13020.97,2026-12-07,20:12:22,Pendiente
TX-005703,003-602486,Maria Soto,Transferencia,9218.94,2026-03-15,10:55:59,Aprobada
TX-005704,008-680996,Miguel Castro,Retiro,11879.99,2026-11-02,04:53:11,Observada
TX-005705,005-357639,Fernando Diaz,Transferencia,6426.06,2026-10-17,00:30:03,Anulada
TX-005706,006-882355,Diego Flores,Deposito,14223.00,2026-04-14,18:01:47,Aprobada
TX-005707,009-689266,Camila Ruiz,Deposito,14947.77,2026-08-17,05:02:58,Rechazada
TX-005708,001-309613,Maria Soto,Transferencia,6922.90,2026-12-11,15:46:15,Pendiente
TX-005709,007-105325,Miguel Castro,Deposito,2326.18,2026-08-29,12:25:22,Anulada
TX-005710,001-230230,Fernando Diaz,Deposito,2392.72,2026-11-20,15:53:52,Aprobada
TX-005711,003-736539,Diego Flores,PagoServicio,5722.65,2026-03-27,00:42:50,Aprobada
TX-005712,003-357831,Pedro Castillo,PagoServicio,5295.84,2026-01-02,05:59:06,Rechazada
TX-005713,001-561548,Diego Flores,Transferencia,12050.66,2026-04-17,20:50:58,Aprobada
TX-005714,003-815776,Jorge Medina,Retiro,13866.63,2026-01-11,00:03:48,Aprobada
TX-005715,003-758459,Diego Flores,Deposito,3232.88,2026-08-05,20:54:33,Pendiente
TX-005716,001-123059,Lucia Vega,Retiro,3015.16,2026-09-15,23:44:10,Anulada
TX-005717,003-833775,Ana Torres,PagoServicio,13999.87,2026-02-19,01:20:33,Aprobada
TX-005718,005-654010,Miguel Castro,Transferencia,11728.61,2026-01-13,15:13:35,Anulada
TX-005719,004-158631,Elena Vargas,Deposito,4466.85,2026-04-22,19:16:56,Observada
TX-005720,004-641280,Pedro Castillo,PagoServicio,11349.74,2026-07-08,12:22:53,Anulada
TX-005721,008-314510,Diego Flores,Retiro,4070.72,2026-10-06,08:02:08,Pendiente
TX-005722,006-348200,Valeria Leon,Transferencia,5627.47,2026-02-02,20:57:18,Anulada
TX-005723,003-609628,Maria Soto,Retiro,11472.68,2026-12-05,00:09:17,Rechazada
TX-005724,007-387821,Miguel Castro,Retiro,8807.35,2026-12-04,03:01:49,Aprobada
TX-005725,009-459971,Maria Soto,Deposito,5483.29,2026-07-01,09:06:32,Observada
TX-005726,009-921498,Valeria Leon,Transferencia,5054.79,2026-05-12,10:33:43,Anulada
TX-005727,001-355515,Ana Torres,Transferencia,8632.06,2026-10-10,16:48:25,Anulada
TX-005728,006-986011,Lucia Vega,Deposito,11128.70,2026-06-26,02:45:52,Observada
TX-005729,002-808005,Rosa Herrera,Deposito,233.25,2026-10-03,04:41:58,Pendiente
TX-005730,009-681337,Lucia Vega,Transferencia,13272.78,2026-11-25,06:49:47,Pendiente
TX-005731,001-635215,Diego Flores,Retiro,9819.56,2026-04-22,21:21:01,Observada
TX-005732,005-143066,Carlos Perez,Deposito,411.17,2026-12-29,06:06:26,Observada
TX-005733,006-463509,Rosa Herrera,Deposito,9024.00,2026-11-07,15:49:33,Rechazada
TX-005734,006-448799,Valeria Leon,Transferencia,12883.46,2026-07-17,04:56:31,Rechazada
TX-005735,003-568332,Jorge Medina,Deposito,4507.38,2026-10-26,02:54:55,Observada
TX-005736,008-617115,Lucia Vega,Deposito,8620.61,2026-03-11,20:58:22,Pendiente
TX-005737,005-842433,Luis Ramos,Retiro,3260.21,2026-06-23,17:51:33,Rechazada
TX-005738,005-872444,Diego Flores,Retiro,7243.09,2026-07-02,12:07:54,Anulada
TX-005739,001-117853,Jorge Medina,Transferencia,10663.32,2026-12-06,11:48:58,Pendiente
TX-005740,006-728983,Lucia Vega,Deposito,8542.17,2026-10-14,07:18:36,Observada
TX-005741,008-378031,Elena Vargas,Transferencia,6551.29,2026-02-21,11:39:32,Rechazada
TX-005742,006-926374,Sofia Rojas,PagoServicio,1770.02,2026-05-09,02:49:02,Pendiente
TX-005743,004-460192,Elena Vargas,Transferencia,13952.64,2026-10-29,13:43:16,Observada
TX-005744,007-568452,Lucia Vega,Transferencia,5640.31,2026-02-18,03:03:49,Rechazada
TX-005745,003-614661,Maria Soto,PagoServicio,5965.54,2026-03-18,15:22:59,Aprobada
TX-005746,005-956724,Pedro Castillo,Transferencia,10404.53,2026-03-20,10:23:14,Pendiente
TX-005747,002-620551,Elena Vargas,Transferencia,847.67,2026-04-20,20:59:01,Pendiente
TX-005748,006-682677,Carlos Perez,Deposito,5304.35,2026-08-30,17:59:58,Pendiente
TX-005749,006-556278,Rosa Herrera,Retiro,14373.71,2026-06-14,15:37:06,Anulada
TX-005750,004-313424,Pedro Castillo,PagoServicio,10493.34,2026-12-01,05:46:26,Observada
TX-005751,007-633698,Ana Torres,Deposito,11381.83,2026-04-28,02:23:26,Anulada
TX-005752,002-131425,Valeria Leon,PagoServicio,11389.39,2026-01-20,17:37:52,Pendiente
TX-005753,004-183317,Jorge Medina,Transferencia,5564.65,2026-05-09,00:21:52,Observada
TX-005754,009-436655,Rosa Herrera,Retiro,1411.41,2026-10-06,22:05:01,Anulada
TX-005755,008-711394,Carlos Perez,Retiro,5870.63,2026-05-30,00:29:16,Aprobada
TX-005756,004-171897,Camila Ruiz,PagoServicio,550.34,2026-08-12,14:24:49,Anulada
TX-005757,009-672859,Pedro Castillo,Transferencia,14692.99,2026-01-13,23:25:18,Pendiente
TX-005758,006-928433,Rosa Herrera,Retiro,8962.29,2026-02-06,01:16:53,Aprobada
TX-005759,006-982082,Carlos Perez,Retiro,665.22,2026-06-07,15:14:11,Pendiente
TX-005760,001-134580,Diego Flores,Retiro,10292.73,2026-10-12,21:20:48,Rechazada
TX-005761,004-698384,Sofia Rojas,Retiro,7501.62,2026-01-17,12:44:01,Rechazada
TX-005762,001-798025,Camila Ruiz,Retiro,8154.71,2026-09-05,02:34:24,Observada
TX-005763,009-277796,Camila Ruiz,Transferencia,8398.37,2026-08-27,19:38:23,Rechazada
TX-005764,009-411588,Lucia Vega,PagoServicio,7800.80,2026-10-20,07:35:04,Observada
TX-005765,008-553275,Sofia Rojas,Retiro,11218.49,2026-04-17,00:15:23,Rechazada
TX-005766,001-670087,Carlos Perez,Deposito,7692.43,2026-02-06,00:04:25,Rechazada
TX-005767,005-295399,Fernando Diaz,PagoServicio,6530.12,2026-07-06,16:46:18,Pendiente
TX-005768,003-863290,Miguel Castro,PagoServicio,4611.24,2026-11-26,10:03:13,Aprobada
TX-005769,005-585595,Camila Ruiz,Retiro,11499.77,2026-10-25,02:09:57,Rechazada
TX-005770,008-728381,Miguel Castro,PagoServicio,6102.91,2026-06-21,18:56:18,Anulada
TX-005771,006-643459,Luis Ramos,PagoServicio,6659.97,2026-11-28,22:43:52,Pendiente
TX-005772,005-738985,Diego Flores,Retiro,4673.39,2026-07-24,11:05:53,Observada
TX-005773,002-420817,Elena Vargas,Deposito,5766.49,2026-08-25,20:18:23,Rechazada
TX-005774,006-361432,Luis Ramos,Deposito,4960.92,2026-06-19,18:38:55,Observada
TX-005775,005-785343,Maria Soto,Retiro,9229.60,2026-01-04,23:24:53,Rechazada
TX-005776,007-930722,Rosa Herrera,Transferencia,12704.89,2026-12-31,13:42:58,Anulada
TX-005777,007-381300,Rosa Herrera,PagoServicio,5863.19,2026-09-17,07:09:12,Anulada
TX-005778,002-227648,Camila Ruiz,Retiro,12598.33,2026-08-12,21:43:41,Rechazada
TX-005779,004-797291,Rosa Herrera,Retiro,4001.68,2026-08-06,13:18:07,Observada
TX-005780,003-294761,Elena Vargas,Transferencia,3406.08,2026-03-22,16:43:53,Rechazada
TX-005781,008-841345,Valeria Leon,Deposito,807.97,2026-05-31,05:17:39,Aprobada
TX-005782,004-639682,Sofia Rojas,PagoServicio,13799.56,2026-10-02,12:15:52,Anulada
TX-005783,006-619855,Valeria Leon,Retiro,781.35,2026-04-14,02:35:45,Pendiente
TX-005784,006-712495,Sofia Rojas,Deposito,10139.94,2026-06-24,12:17:53,Observada
TX-005785,006-965782,Rosa Herrera,PagoServicio,7541.21,2026-08-07,02:42:02,Aprobada
TX-005786,001-469687,Pedro Castillo,Transferencia,12747.45,2026-02-21,04:08:09,Observada
TX-005787,008-783313,Sofia Rojas,Deposito,9590.82,2026-08-22,15:49:30,Pendiente
TX-005788,004-534352,Elena Vargas,Retiro,2492.48,2026-01-15,03:28:04,Pendiente
TX-005789,007-212586,Lucia Vega,PagoServicio,5333.42,2026-12-09,20:23:19,Pendiente
TX-005790,005-286197,Ana Torres,Transferencia,4384.67,2026-02-04,02:10:12,Anulada
TX-005791,007-564599,Lucia Vega,PagoServicio,10733.23,2026-12-03,02:39:40,Pendiente
TX-005792,003-153172,Carlos Perez,Deposito,1251.50,2026-08-12,02:09:30,Aprobada
TX-005793,009-464486,Camila Ruiz,Transferencia,12068.95,2026-06-08,18:44:19,Pendiente
TX-005794,002-346868,Carlos Perez,Deposito,13188.07,2026-08-01,13:29:12,Pendiente
TX-005795,001-669820,Luis Ramos,Deposito,14833.47,2026-12-21,08:34:02,Rechazada
TX-005796,003-844040,Diego Flores,PagoServicio,13486.65,2026-06-09,12:31:44,Rechazada
TX-005797,003-995702,Jorge Medina,Transferencia,11693.44,2026-02-20,01:01:53,Rechazada
TX-005798,004-674585,Luis Ramos,Transferencia,6039.15,2026-12-24,07:53:10,Anulada
TX-005799,002-872463,Miguel Castro,PagoServicio,657.83,2026-05-22,05:16:51,Rechazada
TX-005800,003-732436,Luis Ramos,Deposito,5250.08,2026-12-16,14:17:24,Pendiente
TX-005801,007-479426,Diego Flores,Transferencia,5012.95,2026-02-21,12:54:18,Observada
TX-005802,001-837453,Maria Soto,Deposito,9250.16,2026-06-16,16:34:08,Aprobada
TX-005803,002-940720,Lucia Vega,Retiro,4754.78,2026-07-15,15:45:29,Rechazada
TX-005804,001-427272,Miguel Castro,Transferencia,9416.39,2026-07-06,01:51:38,Pendiente
TX-005805,002-331552,Ana Torres,PagoServicio,1161.39,2026-08-20,04:57:26,Rechazada
TX-005806,003-214016,Sofia Rojas,PagoServicio,4319.64,2026-11-09,01:52:25,Rechazada
TX-005807,008-215585,Lucia Vega,PagoServicio,3595.71,2026-11-21,00:55:05,Rechazada
TX-005808,001-397185,Carlos Perez,Transferencia,9147.74,2026-06-22,05:26:14,Pendiente
TX-005809,004-938703,Luis Ramos,Retiro,6212.38,2026-06-09,16:58:27,Pendiente
TX-005810,007-997469,Ana Torres,Retiro,3332.74,2026-06-06,00:10:22,Aprobada
TX-005811,007-473086,Pedro Castillo,Transferencia,6283.61,2026-02-26,12:35:06,Pendiente
TX-005812,008-441692,Pedro Castillo,Deposito,2255.37,2026-06-27,10:38:34,Rechazada
TX-005813,001-807214,Carlos Perez,PagoServicio,9439.56,2026-07-03,17:19:32,Aprobada
TX-005814,003-576781,Fernando Diaz,Deposito,1699.89,2026-01-03,23:48:10,Pendiente
TX-005815,007-676569,Jorge Medina,Transferencia,6399.73,2026-01-02,01:32:31,Pendiente
TX-005816,008-179707,Rosa Herrera,Transferencia,14572.35,2026-02-02,07:45:04,Anulada
TX-005817,002-990652,Sofia Rojas,PagoServicio,13043.81,2026-08-21,13:29:03,Rechazada
TX-005818,003-352631,Pedro Castillo,Retiro,8619.50,2026-03-31,04:21:53,Rechazada
TX-005819,001-760229,Miguel Castro,Deposito,4096.92,2026-04-20,11:16:32,Anulada
TX-005820,006-185879,Miguel Castro,PagoServicio,4969.40,2026-11-14,13:30:41,Aprobada
TX-005821,008-709937,Lucia Vega,Retiro,2187.75,2026-02-12,01:10:38,Anulada
TX-005822,004-133624,Maria Soto,Deposito,2657.80,2026-09-23,09:47:17,Pendiente
TX-005823,007-886302,Valeria Leon,Deposito,9424.92,2026-09-23,16:21:23,Pendiente
TX-005824,002-701397,Ana Torres,Retiro,10813.95,2026-04-29,06:57:29,Aprobada
TX-005825,002-438683,Fernando Diaz,Deposito,8170.15,2026-01-13,17:30:18,Pendiente
TX-005826,002-152327,Diego Flores,Retiro,2863.52,2026-06-01,23:39:11,Pendiente
TX-005827,004-335164,Sofia Rojas,Retiro,11461.65,2026-01-03,12:42:26,Pendiente
TX-005828,008-843092,Rosa Herrera,Deposito,10501.54,2026-03-17,03:37:23,Observada
TX-005829,001-103038,Diego Flores,Deposito,1801.57,2026-10-27,10:52:58,Pendiente
TX-005830,004-572737,Elena Vargas,PagoServicio,504.74,2026-09-09,04:14:14,Rechazada
TX-005831,002-924484,Jorge Medina,Transferencia,12428.53,2026-10-17,23:39:49,Pendiente
TX-005832,008-164474,Luis Ramos,Retiro,5121.73,2026-09-29,21:08:05,Anulada
TX-005833,003-678603,Elena Vargas,Retiro,12940.50,2026-12-24,10:59:22,Anulada
TX-005834,008-197029,Jorge Medina,Deposito,5716.43,2026-02-12,02:44:26,Observada
TX-005835,007-734524,Jorge Medina,Deposito,561.78,2026-08-23,16:32:40,Aprobada
TX-005836,008-875418,Carlos Perez,Retiro,467.59,2026-09-30,09:56:25,Aprobada
TX-005837,001-818936,Pedro Castillo,Deposito,13388.27,2026-08-18,00:02:51,Aprobada
TX-005838,007-736040,Rosa Herrera,Retiro,3717.76,2026-09-10,14:43:37,Aprobada
TX-005839,008-717462,Carlos Perez,PagoServicio,4319.96,2026-07-14,00:18:28,Aprobada
TX-005840,009-731408,Fernando Diaz,Deposito,10843.01,2026-01-17,18:17:01,Observada
TX-005841,006-838414,Fernando Diaz,Deposito,13921.87,2026-12-04,22:02:40,Pendiente
TX-005842,003-875999,Pedro Castillo,Retiro,13971.62,2026-05-24,03:40:43,Observada
TX-005843,001-796198,Jorge Medina,PagoServicio,12976.41,2026-01-03,14:30:32,Anulada
TX-005844,005-510997,Maria Soto,Transferencia,7039.92,2026-12-09,01:03:23,Pendiente
TX-005845,007-254355,Camila Ruiz,Retiro,6758.00,2026-08-14,15:00:07,Rechazada
TX-005846,007-127335,Rosa Herrera,Retiro,14673.12,2026-11-19,09:58:33,Observada
TX-005847,002-227172,Valeria Leon,PagoServicio,7692.87,2026-12-02,23:25:59,Aprobada
TX-005848,002-127671,Diego Flores,Retiro,6545.72,2026-01-02,06:05:05,Anulada
TX-005849,002-718206,Lucia Vega,Transferencia,12220.58,2026-01-27,02:45:05,Observada
TX-005850,001-151368,Miguel Castro,Retiro,14920.01,2026-07-14,00:33:17,Observada
TX-005851,003-652999,Ana Torres,Deposito,13936.71,2026-11-08,13:39:50,Anulada
TX-005852,008-587524,Miguel Castro,PagoServicio,12768.55,2026-11-01,19:44:58,Aprobada
TX-005853,002-391011,Camila Ruiz,PagoServicio,2020.63,2026-05-30,18:57:29,Anulada
TX-005854,003-205441,Luis Ramos,Deposito,6407.77,2026-09-12,18:43:00,Anulada
TX-005855,007-420768,Sofia Rojas,Transferencia,14462.47,2026-06-24,14:33:30,Rechazada
TX-005856,006-723510,Pedro Castillo,PagoServicio,10433.51,2026-08-07,14:53:41,Aprobada
TX-005857,003-256548,Ana Torres,Deposito,12981.16,2026-12-17,03:19:23,Aprobada
TX-005858,004-486290,Sofia Rojas,Retiro,12833.69,2026-10-11,05:52:31,Anulada
TX-005859,008-935799,Lucia Vega,Retiro,5282.07,2026-01-19,21:59:25,Observada
TX-005860,006-210981,Sofia Rojas,PagoServicio,11207.64,2026-12-08,11:29:24,Anulada
TX-005861,007-770000,Jorge Medina,Retiro,5452.96,2026-02-16,20:31:03,Anulada
TX-005862,003-866323,Luis Ramos,PagoServicio,10906.81,2026-04-12,19:19:27,Anulada
TX-005863,008-395858,Jorge Medina,PagoServicio,9112.12,2026-05-26,04:13:00,Anulada
TX-005864,006-786403,Valeria Leon,Deposito,3250.24,2026-04-02,08:11:27,Pendiente
TX-005865,007-733770,Diego Flores,PagoServicio,11278.37,2026-03-10,21:53:44,Pendiente
TX-005866,003-910571,Ana Torres,Transferencia,9178.39,2026-01-24,21:59:09,Observada
TX-005867,005-546468,Camila Ruiz,Transferencia,2239.07,2026-11-11,12:24:15,Observada
TX-005868,002-705375,Luis Ramos,PagoServicio,14432.84,2026-08-12,09:12:55,Rechazada
TX-005869,004-487512,Carlos Perez,Transferencia,3201.18,2026-01-30,15:11:02,Rechazada
TX-005870,009-601628,Valeria Leon,Retiro,603.69,2026-09-07,02:13:34,Observada
TX-005871,009-239046,Valeria Leon,PagoServicio,5614.93,2026-04-02,10:17:22,Pendiente
TX-005872,006-286579,Sofia Rojas,Retiro,808.42,2026-08-21,07:50:30,Pendiente
TX-005873,009-614808,Lucia Vega,PagoServicio,7567.67,2026-02-14,04:05:59,Rechazada
TX-005874,009-265301,Sofia Rojas,Retiro,4362.84,2026-05-24,01:38:31,Aprobada
TX-005875,008-341967,Diego Flores,Retiro,12011.65,2026-02-23,09:04:45,Anulada
TX-005876,004-186721,Jorge Medina,PagoServicio,7665.14,2026-05-11,08:27:27,Aprobada
TX-005877,004-695232,Camila Ruiz,Deposito,10288.04,2026-11-12,00:09:01,Observada
TX-005878,006-977131,Rosa Herrera,Transferencia,4750.82,2026-07-07,07:52:45,Observada
TX-005879,008-918911,Miguel Castro,Transferencia,6885.62,2026-03-21,03:55:35,Aprobada
TX-005880,003-801830,Lucia Vega,Retiro,4534.12,2026-05-04,23:45:49,Rechazada
TX-005881,006-359664,Valeria Leon,Transferencia,1039.96,2026-05-09,07:47:18,Observada
TX-005882,006-133195,Miguel Castro,Retiro,13499.97,2026-06-28,10:10:20,Rechazada
TX-005883,001-748964,Lucia Vega,Transferencia,10998.76,2026-03-15,01:10:26,Observada
TX-005884,006-572600,Camila Ruiz,Deposito,14877.25,2026-03-14,09:52:14,Anulada
TX-005885,005-306652,Carlos Perez,Transferencia,6109.98,2026-05-27,15:11:00,Observada
TX-005886,001-945767,Valeria Leon,Deposito,4874.45,2026-06-05,05:48:25,Anulada
TX-005887,005-338896,Rosa Herrera,Deposito,3997.68,2026-02-11,05:26:15,Aprobada
TX-005888,002-116401,Lucia Vega,Retiro,12873.03,2026-10-30,17:40:11,Anulada
TX-005889,008-373093,Diego Flores,Retiro,5238.63,2026-11-23,19:17:17,Anulada
TX-005890,003-220305,Elena Vargas,Transferencia,1611.00,2026-07-23,17:21:38,Aprobada
TX-005891,009-672205,Elena Vargas,PagoServicio,9173.32,2026-12-31,07:24:06,Anulada
TX-005892,002-324529,Maria Soto,Retiro,5551.97,2026-05-05,15:33:34,Rechazada
TX-005893,009-421583,Rosa Herrera,Transferencia,1520.17,2026-05-07,04:45:38,Observada
TX-005894,001-996628,Carlos Perez,Deposito,6876.25,2026-06-03,15:27:38,Aprobada
TX-005895,002-977779,Sofia Rojas,Deposito,12625.02,2026-12-08,06:54:42,Rechazada
TX-005896,007-296478,Lucia Vega,Deposito,13629.79,2026-04-21,05:30:33,Observada
TX-005897,003-103404,Elena Vargas,Retiro,14423.08,2026-11-19,13:05:26,Rechazada
TX-005898,006-843491,Lucia Vega,PagoServicio,9348.52,2026-09-28,05:00:51,Rechazada
TX-005899,003-795846,Carlos Perez,Deposito,69.45,2026-11-21,21:03:26,Aprobada
TX-005900,008-358075,Camila Ruiz,Deposito,3443.82,2026-05-30,11:43:30,Observada
TX-005901,001-940368,Diego Flores,Deposito,12499.67,2026-04-11,15:48:27,Observada
TX-005902,001-855753,Camila Ruiz,Transferencia,6262.64,2026-11-06,04:14:53,Rechazada
TX-005903,009-994679,Luis Ramos,Transferencia,6628.04,2026-10-28,12:15:03,Pendiente
TX-005904,002-510185,Carlos Perez,Deposito,2010.59,2026-04-11,21:07:31,Aprobada
TX-005905,003-100477,Elena Vargas,Retiro,2490.21,2026-09-03,20:59:39,Aprobada
TX-005906,008-454370,Sofia Rojas,Transferencia,5750.72,2026-01-17,03:47:17,Anulada
TX-005907,006-557307,Lucia Vega,Transferencia,7936.44,2026-12-19,09:06:07,Pendiente
TX-005908,005-227765,Carlos Perez,Retiro,10114.93,2026-06-18,20:10:07,Observada
TX-005909,006-866319,Rosa Herrera,Transferencia,2115.77,2026-05-13,06:06:03,Anulada
TX-005910,002-444708,Elena Vargas,PagoServicio,10452.67,2026-12-08,11:22:34,Pendiente
TX-005911,009-222235,Jorge Medina,Transferencia,10008.07,2026-10-10,08:23:02,Observada
TX-005912,009-278714,Diego Flores,Transferencia,10561.31,2026-03-11,00:05:21,Pendiente
TX-005913,003-278450,Luis Ramos,Transferencia,9650.44,2026-02-09,20:42:42,Pendiente
TX-005914,003-698138,Diego Flores,Deposito,7561.62,2026-04-23,16:47:47,Aprobada
TX-005915,005-107172,Rosa Herrera,Transferencia,3253.82,2026-07-19,07:38:41,Pendiente
TX-005916,007-705286,Diego Flores,Retiro,8711.51,2026-04-21,11:49:23,Rechazada
TX-005917,007-437062,Maria Soto,Transferencia,13587.41,2026-11-18,21:25:43,Rechazada
TX-005918,001-213322,Jorge Medina,Deposito,13351.54,2026-03-01,02:06:39,Aprobada
TX-005919,009-778011,Lucia Vega,Deposito,6543.24,2026-07-15,10:07:50,Anulada
TX-005920,009-509997,Sofia Rojas,Deposito,9367.38,2026-07-31,04:12:08,Aprobada
TX-005921,009-254010,Jorge Medina,Retiro,14093.04,2026-08-21,23:04:50,Aprobada
TX-005922,004-794235,Sofia Rojas,PagoServicio,13304.86,2026-05-07,23:22:59,Anulada
TX-005923,002-536566,Lucia Vega,Deposito,10410.79,2026-08-12,23:21:54,Aprobada
TX-005924,006-300685,Rosa Herrera,Retiro,10792.65,2026-08-06,09:12:54,Aprobada
TX-005925,002-203152,Carlos Perez,Transferencia,7765.56,2026-12-09,19:04:16,Rechazada
TX-005926,004-207312,Pedro Castillo,PagoServicio,12434.03,2026-07-27,05:42:04,Rechazada
TX-005927,004-403898,Maria Soto,Deposito,14011.95,2026-01-05,19:17:43,Rechazada
TX-005928,003-861819,Elena Vargas,Deposito,5924.09,2026-06-02,15:38:15,Observada
TX-005929,002-760321,Carlos Perez,Retiro,160.31,2026-02-24,03:39:08,Pendiente
TX-005930,004-975595,Rosa Herrera,Deposito,2392.30,2026-07-28,12:14:11,Observada
TX-005931,008-938694,Ana Torres,PagoServicio,7116.56,2026-01-12,12:14:40,Pendiente
TX-005932,003-749151,Elena Vargas,Retiro,9780.67,2026-09-04,09:47:13,Anulada
TX-005933,009-617465,Camila Ruiz,PagoServicio,10627.84,2026-12-20,09:23:44,Observada
TX-005934,005-154325,Valeria Leon,PagoServicio,7307.05,2026-02-22,01:50:32,Aprobada
TX-005935,001-570623,Camila Ruiz,Deposito,2685.39,2026-04-24,10:41:09,Aprobada
TX-005936,001-352813,Miguel Castro,Retiro,10487.38,2026-12-09,17:12:50,Pendiente
TX-005937,002-119576,Fernando Diaz,PagoServicio,14498.27,2026-02-26,04:09:02,Pendiente
TX-005938,008-943397,Maria Soto,Deposito,4154.87,2026-06-17,20:57:38,Pendiente
TX-005939,005-167875,Sofia Rojas,Retiro,8906.98,2026-07-08,12:13:10,Observada
TX-005940,004-709149,Valeria Leon,Deposito,10492.75,2026-03-27,06:10:19,Anulada
TX-005941,002-944038,Valeria Leon,Retiro,11927.58,2026-07-18,13:33:41,Anulada
TX-005942,004-499850,Camila Ruiz,Retiro,14553.99,2026-09-01,07:56:48,Rechazada
TX-005943,008-675962,Camila Ruiz,PagoServicio,7744.43,2026-07-05,16:15:09,Aprobada
TX-005944,005-289420,Camila Ruiz,Retiro,5290.70,2026-12-21,23:53:53,Observada
TX-005945,004-182914,Valeria Leon,Deposito,8686.41,2026-01-28,11:41:05,Aprobada
TX-005946,007-814806,Diego Flores,Retiro,10120.19,2026-09-10,17:54:06,Rechazada
TX-005947,006-361563,Lucia Vega,PagoServicio,10801.52,2026-05-15,10:38:24,Aprobada
TX-005948,008-996190,Camila Ruiz,Transferencia,7439.32,2026-05-26,14:50:44,Aprobada
TX-005949,009-678372,Elena Vargas,Deposito,8499.47,2026-09-13,18:48:25,Anulada
TX-005950,007-307429,Rosa Herrera,Deposito,6846.47,2026-07-15,22:55:18,Observada
TX-005951,007-231329,Rosa Herrera,Transferencia,3572.83,2026-12-29,20:54:11,Aprobada
TX-005952,006-706916,Pedro Castillo,Transferencia,9167.20,2026-11-16,16:50:10,Pendiente
TX-005953,009-393049,Fernando Diaz,Deposito,4175.78,2026-03-08,12:46:14,Rechazada
TX-005954,006-711004,Pedro Castillo,Deposito,1521.32,2026-11-14,08:13:09,Rechazada
TX-005955,001-878563,Pedro Castillo,Transferencia,5271.77,2026-02-07,09:16:38,Anulada
TX-005956,007-318281,Camila Ruiz,Deposito,1654.91,2026-10-18,08:41:07,Aprobada
TX-005957,001-725633,Sofia Rojas,PagoServicio,4636.25,2026-02-11,15:41:08,Rechazada
TX-005958,007-340520,Sofia Rojas,Deposito,11014.68,2026-01-04,19:29:44,Pendiente
TX-005959,001-364040,Luis Ramos,PagoServicio,3567.89,2026-12-09,21:15:01,Rechazada
TX-005960,003-348782,Lucia Vega,Retiro,6302.94,2026-09-30,15:41:47,Observada
TX-005961,009-925067,Rosa Herrera,PagoServicio,13026.94,2026-01-16,08:31:27,Rechazada
TX-005962,003-326995,Camila Ruiz,Transferencia,2107.51,2026-02-01,03:18:57,Observada
TX-005963,002-930946,Miguel Castro,Retiro,5306.04,2026-12-01,06:29:10,Pendiente
TX-005964,008-877753,Camila Ruiz,Deposito,13161.12,2026-11-15,21:14:08,Aprobada
TX-005965,002-269063,Jorge Medina,Deposito,14220.38,2026-06-14,07:41:09,Rechazada
TX-005966,008-956416,Carlos Perez,Transferencia,1324.32,2026-08-24,11:21:48,Rechazada
TX-005967,004-210263,Elena Vargas,Transferencia,14944.71,2026-07-15,16:23:44,Observada
TX-005968,003-352431,Ana Torres,PagoServicio,10982.73,2026-05-10,20:10:28,Anulada
TX-005969,005-806039,Miguel Castro,Transferencia,411.00,2026-11-13,03:23:36,Anulada
TX-005970,002-634177,Rosa Herrera,Transferencia,3659.38,2026-06-12,03:12:42,Pendiente
TX-005971,009-490304,Fernando Diaz,Transferencia,10165.88,2026-12-23,09:32:23,Aprobada
TX-005972,003-171011,Valeria Leon,Retiro,4575.23,2026-10-02,08:19:46,Pendiente
TX-005973,001-670397,Luis Ramos,PagoServicio,692.66,2026-07-21,02:12:25,Pendiente
TX-005974,007-165725,Sofia Rojas,PagoServicio,7999.05,2026-09-07,03:29:17,Rechazada
TX-005975,003-896381,Luis Ramos,Deposito,8522.40,2026-08-11,21:31:48,Observada
TX-005976,001-319807,Camila Ruiz,Retiro,14440.05,2026-04-19,18:45:40,Rechazada
TX-005977,005-796560,Jorge Medina,Deposito,3203.55,2026-03-21,14:05:36,Pendiente
TX-005978,005-236010,Luis Ramos,Transferencia,6176.26,2026-01-26,18:21:53,Aprobada
TX-005979,001-408521,Miguel Castro,PagoServicio,39.14,2026-01-05,15:43:34,Pendiente
TX-005980,002-308957,Luis Ramos,Retiro,5050.06,2026-05-10,16:42:53,Observada
TX-005981,005-239626,Ana Torres,PagoServicio,11399.99,2026-02-26,23:43:37,Rechazada
TX-005982,004-725785,Pedro Castillo,PagoServicio,11327.76,2026-09-26,22:05:28,Observada
TX-005983,003-788847,Luis Ramos,PagoServicio,5672.82,2026-10-31,08:24:53,Aprobada
TX-005984,009-939634,Rosa Herrera,PagoServicio,10732.56,2026-12-18,22:36:39,Observada
TX-005985,008-544092,Jorge Medina,PagoServicio,13768.19,2026-12-02,20:13:26,Aprobada
TX-005986,004-624393,Jorge Medina,PagoServicio,9847.66,2026-02-20,00:26:05,Rechazada
TX-005987,009-188106,Valeria Leon,Retiro,9224.71,2026-09-07,19:16:24,Rechazada
TX-005988,001-391226,Valeria Leon,PagoServicio,3380.12,2026-04-17,18:21:13,Pendiente
TX-005989,002-715439,Lucia Vega,Deposito,5130.32,2026-07-14,16:22:27,Observada
TX-005990,009-947760,Miguel Castro,Transferencia,9681.55,2026-11-03,22:44:34,Observada
TX-005991,004-394177,Luis Ramos,Transferencia,7484.48,2026-08-13,18:14:16,Observada
TX-005992,005-863273,Camila Ruiz,Transferencia,3727.15,2026-09-04,02:20:26,Aprobada
TX-005993,006-607993,Rosa Herrera,Deposito,7654.88,2026-08-29,17:06:28,Rechazada
TX-005994,002-904500,Valeria Leon,Deposito,3584.01,2026-06-01,23:09:29,Rechazada
TX-005995,001-479266,Elena Vargas,Deposito,12410.31,2026-08-22,09:15:58,Rechazada
TX-005996,004-711874,Maria Soto,PagoServicio,1226.44,2026-08-07,20:34:51,Pendiente
TX-005997,005-132607,Sofia Rojas,Retiro,7753.27,2026-11-26,02:42:47,Observada
TX-005998,008-108842,Maria Soto,Transferencia,11085.83,2026-09-04,13:34:48,Aprobada
TX-005999,006-306799,Jorge Medina,Deposito,2796.81,2026-09-24,17:16:54,Pendiente
TX-006000,006-815591,Camila Ruiz,Deposito,10787.64,2026-10-21,12:12:32,Rechazada
TX-006001,006-379948,Lucia Vega,Transferencia,6758.13,2026-12-31,16:42:58,Anulada
TX-006002,007-578184,Jorge Medina,Retiro,9668.72,2026-12-15,13:11:38,Rechazada
TX-006003,002-899314,Elena Vargas,Transferencia,11106.61,2026-06-26,21:51:53,Rechazada
TX-006004,001-390698,Ana Torres,Deposito,7422.40,2026-01-27,10:16:50,Aprobada
TX-006005,003-409377,Sofia Rojas,Transferencia,10324.36,2026-05-23,13:15:23,Observada
TX-006006,009-826506,Ana Torres,Deposito,1430.73,2026-12-11,18:10:47,Aprobada
TX-006007,005-678763,Sofia Rojas,PagoServicio,7257.30,2026-07-22,15:41:01,Observada
TX-006008,005-386703,Maria Soto,PagoServicio,1899.98,2026-04-24,12:50:54,Pendiente
TX-006009,008-162174,Fernando Diaz,Deposito,8448.63,2026-06-10,22:44:58,Observada
TX-006010,002-220565,Rosa Herrera,Transferencia,14695.13,2026-07-14,23:43:51,Observada
TX-006011,008-916408,Ana Torres,Retiro,3640.39,2026-05-07,17:19:58,Observada
TX-006012,001-826598,Lucia Vega,Deposito,3369.69,2026-10-21,02:28:38,Aprobada
TX-006013,008-356139,Maria Soto,Deposito,12603.21,2026-09-14,02:07:08,Observada
TX-006014,009-693803,Diego Flores,PagoServicio,9862.46,2026-04-10,13:30:50,Anulada
TX-006015,001-891426,Carlos Perez,Transferencia,3919.12,2026-03-30,09:11:47,Anulada
TX-006016,002-941795,Jorge Medina,PagoServicio,9368.67,2026-12-08,02:49:10,Anulada
TX-006017,003-373806,Sofia Rojas,Retiro,4261.61,2026-01-09,16:08:32,Pendiente
TX-006018,009-227099,Luis Ramos,Retiro,897.23,2026-07-18,16:59:39,Observada
TX-006019,005-356965,Maria Soto,Retiro,1265.23,2026-04-13,15:20:30,Pendiente
TX-006020,007-955208,Pedro Castillo,Transferencia,7656.47,2026-02-18,10:16:25,Rechazada
TX-006021,008-485041,Diego Flores,Transferencia,13464.07,2026-07-04,07:52:04,Aprobada
TX-006022,001-357667,Lucia Vega,Retiro,13553.89,2026-06-28,18:15:09,Pendiente
TX-006023,004-864241,Miguel Castro,Retiro,5317.95,2026-05-29,02:16:52,Observada
TX-006024,005-129710,Miguel Castro,Deposito,3157.67,2026-02-23,14:55:39,Pendiente
TX-006025,002-780949,Camila Ruiz,Retiro,3090.52,2026-01-29,08:46:38,Pendiente
TX-006026,005-214526,Camila Ruiz,Transferencia,1712.00,2026-11-21,15:46:46,Aprobada
TX-006027,003-129116,Sofia Rojas,Transferencia,7337.12,2026-04-07,06:05:51,Observada
TX-006028,004-155320,Rosa Herrera,Transferencia,5413.61,2026-02-19,22:35:25,Rechazada
TX-006029,002-807680,Lucia Vega,Deposito,2467.61,2026-12-02,18:44:30,Observada
TX-006030,008-785753,Carlos Perez,Deposito,12246.37,2026-08-06,16:35:39,Pendiente
TX-006031,003-431311,Rosa Herrera,PagoServicio,1807.59,2026-11-20,07:38:31,Observada
TX-006032,002-818714,Pedro Castillo,Deposito,4059.32,2026-02-25,00:27:05,Observada
TX-006033,002-659875,Lucia Vega,Deposito,4725.61,2026-06-20,07:56:22,Pendiente
TX-006034,009-261715,Sofia Rojas,Retiro,10800.35,2026-08-31,16:10:24,Pendiente
TX-006035,001-659790,Luis Ramos,Deposito,12774.20,2026-08-14,10:55:37,Pendiente
TX-006036,001-291860,Rosa Herrera,Retiro,2012.16,2026-05-15,21:25:10,Anulada
TX-006037,006-721975,Carlos Perez,Deposito,7672.53,2026-09-27,09:25:16,Rechazada
TX-006038,006-776163,Maria Soto,Transferencia,5047.59,2026-12-26,15:28:46,Observada
TX-006039,006-147784,Miguel Castro,PagoServicio,10743.91,2026-07-17,11:22:46,Aprobada
TX-006040,008-947558,Carlos Perez,Deposito,3896.11,2026-11-03,18:42:17,Pendiente
TX-006041,003-475524,Maria Soto,Deposito,10559.13,2026-07-03,20:02:40,Observada
TX-006042,008-605857,Lucia Vega,Deposito,11681.29,2026-04-17,04:57:01,Anulada
TX-006043,007-377393,Rosa Herrera,Retiro,518.52,2026-06-15,21:12:53,Pendiente
TX-006044,001-151179,Sofia Rojas,Transferencia,5804.12,2026-07-26,15:16:39,Anulada
TX-006045,003-509127,Lucia Vega,PagoServicio,1897.33,2026-10-16,01:17:24,Observada
TX-006046,006-945390,Pedro Castillo,Retiro,7457.62,2026-08-19,13:37:03,Rechazada
TX-006047,009-468717,Elena Vargas,Deposito,9801.84,2026-05-28,12:21:25,Aprobada
TX-006048,002-246500,Luis Ramos,Transferencia,13290.44,2026-04-09,16:58:38,Aprobada
TX-006049,008-264794,Miguel Castro,Deposito,3806.68,2026-05-18,13:38:31,Rechazada
TX-006050,007-145637,Luis Ramos,PagoServicio,916.09,2026-11-20,20:09:12,Anulada
TX-006051,004-248200,Miguel Castro,Deposito,7036.33,2026-06-21,00:27:16,Anulada
TX-006052,003-516430,Maria Soto,Deposito,10029.75,2026-12-13,17:05:14,Aprobada
TX-006053,008-411058,Carlos Perez,Transferencia,10287.71,2026-10-28,12:49:06,Aprobada
TX-006054,004-238093,Pedro Castillo,Transferencia,9739.78,2026-03-31,18:22:24,Anulada
TX-006055,005-358500,Camila Ruiz,Deposito,14216.55,2026-12-31,05:13:05,Rechazada
TX-006056,008-683858,Diego Flores,Deposito,2337.86,2026-12-26,02:20:10,Rechazada
TX-006057,007-195216,Rosa Herrera,PagoServicio,8877.04,2026-04-13,18:12:25,Anulada
TX-006058,007-861170,Lucia Vega,Deposito,13897.58,2026-04-29,22:52:08,Anulada
TX-006059,006-845804,Diego Flores,Deposito,12642.42,2026-10-12,16:29:01,Anulada
TX-006060,002-281718,Jorge Medina,Retiro,10887.46,2026-07-11,11:12:01,Pendiente
TX-006061,003-560795,Fernando Diaz,Transferencia,7940.96,2026-02-21,13:03:56,Rechazada
TX-006062,005-124818,Maria Soto,Retiro,8999.52,2026-03-23,00:55:54,Observada
TX-006063,003-598909,Sofia Rojas,Transferencia,6930.43,2026-12-23,13:31:01,Pendiente
TX-006064,001-903676,Camila Ruiz,Deposito,14677.63,2026-04-19,00:41:06,Observada
TX-006065,006-796023,Pedro Castillo,Transferencia,1220.73,2026-08-03,13:02:03,Observada
TX-006066,004-629154,Luis Ramos,Transferencia,14472.71,2026-05-17,00:14:26,Aprobada
TX-006067,003-841709,Miguel Castro,Retiro,7983.14,2026-08-23,05:18:32,Rechazada
TX-006068,001-599990,Rosa Herrera,Deposito,10190.77,2026-05-12,11:08:30,Anulada
TX-006069,006-277951,Rosa Herrera,Retiro,6640.88,2026-12-28,15:54:14,Observada
TX-006070,008-604909,Rosa Herrera,Deposito,2746.58,2026-08-31,16:57:28,Rechazada
TX-006071,006-833176,Lucia Vega,Retiro,13660.70,2026-03-31,00:38:29,Observada
TX-006072,004-866937,Rosa Herrera,Retiro,10734.62,2026-07-21,23:01:38,Rechazada
TX-006073,007-907127,Fernando Diaz,Retiro,1206.38,2026-05-14,20:57:14,Aprobada
TX-006074,001-112498,Maria Soto,PagoServicio,31.21,2026-06-21,06:37:43,Rechazada
TX-006075,002-369966,Carlos Perez,Deposito,14306.85,2026-09-28,15:39:18,Anulada
TX-006076,007-696902,Camila Ruiz,PagoServicio,14569.05,2026-12-26,19:05:28,Pendiente
TX-006077,004-620846,Luis Ramos,Deposito,13540.03,2026-07-05,00:23:40,Rechazada
TX-006078,002-127625,Pedro Castillo,Retiro,74.48,2026-08-09,12:13:51,Anulada
TX-006079,004-168674,Valeria Leon,PagoServicio,3337.50,2026-09-16,08:43:31,Anulada
TX-006080,006-154252,Jorge Medina,Retiro,12621.04,2026-07-01,09:25:57,Observada
TX-006081,004-210572,Maria Soto,PagoServicio,14833.67,2026-12-12,06:54:12,Pendiente
TX-006082,002-878123,Lucia Vega,Deposito,784.55,2026-10-25,22:45:29,Rechazada
TX-006083,008-802379,Elena Vargas,Deposito,9101.99,2026-11-19,03:05:40,Aprobada
TX-006084,009-256633,Sofia Rojas,Transferencia,13.88,2026-01-23,19:58:57,Observada
TX-006085,003-281216,Ana Torres,PagoServicio,1290.02,2026-03-02,19:49:25,Aprobada
TX-006086,009-712728,Miguel Castro,Deposito,5214.07,2026-04-06,06:27:44,Anulada
TX-006087,006-697934,Sofia Rojas,Transferencia,1979.76,2026-03-23,10:35:32,Aprobada
TX-006088,006-950071,Diego Flores,PagoServicio,14191.68,2026-02-14,15:45:50,Observada
TX-006089,006-567119,Rosa Herrera,Transferencia,2973.53,2026-03-18,08:33:30,Aprobada
TX-006090,009-651314,Valeria Leon,Transferencia,11917.54,2026-12-02,10:29:32,Aprobada
TX-006091,005-170294,Jorge Medina,Deposito,186.69,2026-11-05,20:41:19,Pendiente
TX-006092,002-331772,Elena Vargas,Transferencia,715.72,2026-07-19,07:42:51,Anulada
TX-006093,007-617603,Camila Ruiz,Deposito,7739.96,2026-10-31,10:53:48,Observada
TX-006094,006-457223,Camila Ruiz,Deposito,14242.90,2026-01-02,21:32:27,Anulada
TX-006095,006-702973,Rosa Herrera,Transferencia,4561.88,2026-01-17,17:39:59,Pendiente
TX-006096,008-284523,Elena Vargas,Retiro,5868.49,2026-08-30,13:41:20,Pendiente
TX-006097,007-234150,Jorge Medina,Retiro,7530.56,2026-05-12,16:47:48,Aprobada
TX-006098,009-230904,Lucia Vega,Retiro,600.01,2026-11-05,01:26:18,Rechazada
TX-006099,009-383524,Rosa Herrera,Deposito,13700.44,2026-09-22,20:30:18,Pendiente
TX-006100,007-253340,Luis Ramos,PagoServicio,13152.36,2026-04-12,06:44:31,Rechazada
TX-006101,005-734151,Miguel Castro,Retiro,12876.13,2026-12-18,04:14:16,Pendiente
TX-006102,002-546425,Rosa Herrera,PagoServicio,6742.50,2026-01-14,00:21:25,Observada
TX-006103,009-811757,Valeria Leon,PagoServicio,8458.96,2026-10-13,17:55:40,Pendiente
TX-006104,009-429950,Jorge Medina,Deposito,9312.71,2026-10-19,19:54:51,Aprobada
TX-006105,001-514493,Camila Ruiz,PagoServicio,6871.38,2026-02-28,17:37:24,Observada
TX-006106,005-196099,Valeria Leon,PagoServicio,9375.97,2026-09-11,15:30:29,Anulada
TX-006107,008-664107,Diego Flores,Deposito,3257.23,2026-07-03,13:58:22,Aprobada
TX-006108,002-267885,Lucia Vega,Retiro,13183.43,2026-02-12,12:45:02,Observada
TX-006109,005-473685,Camila Ruiz,Retiro,13895.27,2026-04-11,11:04:28,Rechazada
TX-006110,008-673132,Ana Torres,Deposito,6611.53,2026-04-24,16:23:55,Aprobada
TX-006111,008-758784,Diego Flores,Retiro,5840.78,2026-01-27,12:20:34,Anulada
TX-006112,008-491401,Sofia Rojas,Retiro,14786.40,2026-12-16,12:00:09,Anulada
TX-006113,003-893616,Ana Torres,Retiro,10026.77,2026-10-09,15:57:13,Rechazada
TX-006114,008-318463,Pedro Castillo,PagoServicio,1775.97,2026-05-22,10:38:41,Observada
TX-006115,008-293557,Luis Ramos,Retiro,12791.00,2026-01-02,21:17:43,Aprobada
TX-006116,009-918338,Pedro Castillo,PagoServicio,9899.38,2026-12-01,23:17:39,Anulada
TX-006117,006-925933,Diego Flores,Transferencia,5517.48,2026-02-25,02:14:42,Pendiente
TX-006118,003-456955,Rosa Herrera,PagoServicio,5716.06,2026-01-03,16:22:47,Anulada
TX-006119,009-922587,Fernando Diaz,Transferencia,13133.17,2026-05-10,13:47:28,Observada
TX-006120,009-323197,Sofia Rojas,Transferencia,10469.77,2026-03-21,19:45:56,Aprobada
TX-006121,004-381718,Luis Ramos,Retiro,12329.00,2026-06-07,13:02:48,Pendiente
TX-006122,004-231082,Diego Flores,Deposito,6510.91,2026-12-30,14:07:13,Anulada
TX-006123,005-746481,Elena Vargas,PagoServicio,12987.49,2026-11-08,17:43:00,Observada
TX-006124,001-872136,Jorge Medina,Transferencia,6398.59,2026-01-10,16:01:43,Observada
TX-006125,005-495656,Luis Ramos,Deposito,11809.82,2026-04-07,03:03:31,Observada
TX-006126,001-153353,Rosa Herrera,Deposito,11001.50,2026-01-31,19:32:51,Observada
TX-006127,005-397493,Carlos Perez,PagoServicio,8401.69,2026-02-02,00:28:21,Observada
TX-006128,004-628203,Elena Vargas,PagoServicio,6555.58,2026-12-06,19:27:49,Aprobada
TX-006129,006-601229,Fernando Diaz,PagoServicio,12001.86,2026-11-20,06:59:17,Aprobada
TX-006130,006-367351,Pedro Castillo,PagoServicio,6441.95,2026-07-23,07:35:17,Rechazada
TX-006131,005-897245,Valeria Leon,PagoServicio,4621.02,2026-04-17,10:21:59,Rechazada
TX-006132,008-630479,Pedro Castillo,Retiro,9420.23,2026-04-08,08:37:26,Aprobada
TX-006133,009-624885,Jorge Medina,Retiro,6279.79,2026-10-03,06:30:49,Pendiente
TX-006134,003-186148,Camila Ruiz,Retiro,2053.93,2026-10-05,04:41:54,Rechazada
TX-006135,009-981641,Miguel Castro,Retiro,1848.87,2026-08-07,17:16:57,Aprobada
TX-006136,001-583420,Fernando Diaz,Transferencia,3182.21,2026-02-23,19:57:33,Aprobada
TX-006137,005-853270,Lucia Vega,Deposito,13845.70,2026-05-17,08:32:56,Observada
TX-006138,008-933689,Jorge Medina,Transferencia,5457.04,2026-11-18,10:03:17,Pendiente
TX-006139,002-869747,Jorge Medina,PagoServicio,5864.91,2026-04-26,05:27:09,Pendiente
TX-006140,007-674678,Diego Flores,Retiro,8655.19,2026-12-13,09:30:43,Aprobada
TX-006141,007-818926,Miguel Castro,Deposito,5565.04,2026-09-11,13:32:35,Observada
TX-006142,008-925135,Miguel Castro,PagoServicio,11280.01,2026-06-05,03:35:46,Pendiente
TX-006143,008-854530,Sofia Rojas,PagoServicio,6019.05,2026-04-08,18:05:15,Observada
TX-006144,007-149145,Valeria Leon,Deposito,1894.58,2026-07-14,05:35:10,Pendiente
TX-006145,003-714586,Sofia Rojas,Deposito,4949.69,2026-05-05,12:43:25,Rechazada
TX-006146,002-614862,Pedro Castillo,Transferencia,4319.90,2026-08-31,00:41:32,Anulada
TX-006147,009-619158,Valeria Leon,Retiro,8903.34,2026-07-14,16:15:40,Observada
TX-006148,003-590754,Pedro Castillo,Deposito,11108.61,2026-02-25,01:08:32,Rechazada
TX-006149,001-552067,Luis Ramos,Deposito,10388.20,2026-06-10,20:11:44,Anulada
TX-006150,003-723810,Miguel Castro,PagoServicio,11756.71,2026-04-01,03:53:01,Anulada
TX-006151,007-923260,Camila Ruiz,Deposito,530.17,2026-05-28,12:57:27,Observada
TX-006152,003-420119,Sofia Rojas,PagoServicio,3040.52,2026-01-15,12:48:27,Rechazada
TX-006153,003-938966,Miguel Castro,Transferencia,3861.58,2026-01-22,14:19:12,Rechazada
TX-006154,002-670410,Fernando Diaz,Retiro,14997.37,2026-11-15,18:02:53,Rechazada
TX-006155,004-960668,Ana Torres,Transferencia,1636.33,2026-02-13,12:16:21,Anulada
TX-006156,005-801061,Ana Torres,PagoServicio,5311.09,2026-07-14,20:48:42,Anulada
TX-006157,006-459806,Valeria Leon,PagoServicio,4803.54,2026-02-21,19:39:18,Pendiente
TX-006158,006-260935,Diego Flores,PagoServicio,1574.09,2026-01-30,01:22:13,Pendiente
TX-006159,004-532084,Diego Flores,PagoServicio,14046.68,2026-05-15,13:04:28,Observada
TX-006160,009-321376,Pedro Castillo,Transferencia,14062.52,2026-08-11,02:12:57,Anulada
TX-006161,004-781749,Valeria Leon,PagoServicio,10692.16,2026-02-04,13:28:05,Rechazada
TX-006162,006-466055,Sofia Rojas,PagoServicio,13708.87,2026-06-17,18:46:32,Rechazada
TX-006163,004-947129,Miguel Castro,Deposito,10661.76,2026-10-17,03:42:23,Anulada
TX-006164,007-796563,Lucia Vega,Transferencia,6964.99,2026-07-27,08:09:55,Rechazada
TX-006165,006-815670,Sofia Rojas,Transferencia,10390.58,2026-08-22,00:27:34,Anulada
TX-006166,002-912555,Miguel Castro,PagoServicio,1942.35,2026-12-01,06:24:47,Observada
TX-006167,005-764609,Jorge Medina,PagoServicio,10558.18,2026-03-07,06:59:53,Anulada
TX-006168,004-512440,Rosa Herrera,Deposito,2069.45,2026-07-23,23:19:06,Pendiente
TX-006169,002-608817,Diego Flores,PagoServicio,2876.68,2026-07-06,22:50:49,Anulada
TX-006170,001-194849,Miguel Castro,Transferencia,1975.43,2026-12-28,09:20:09,Observada
TX-006171,002-736189,Rosa Herrera,Transferencia,10198.33,2026-08-29,20:13:25,Pendiente
TX-006172,003-977327,Ana Torres,Retiro,8105.00,2026-09-14,11:27:20,Observada
TX-006173,003-205758,Elena Vargas,Retiro,1871.76,2026-12-01,04:01:34,Pendiente
TX-006174,002-699923,Ana Torres,Deposito,13486.56,2026-10-11,21:30:14,Observada
TX-006175,003-966396,Lucia Vega,Deposito,6261.92,2026-03-13,00:29:33,Rechazada
TX-006176,001-198409,Sofia Rojas,Deposito,6381.09,2026-03-26,07:12:14,Rechazada
TX-006177,004-811053,Pedro Castillo,Transferencia,7833.64,2026-04-22,19:52:40,Rechazada
TX-006178,003-501878,Maria Soto,Deposito,3616.33,2026-07-29,02:48:39,Aprobada
TX-006179,005-115197,Carlos Perez,Transferencia,9651.64,2026-05-02,21:33:44,Pendiente
TX-006180,009-978899,Lucia Vega,Transferencia,10091.71,2026-12-14,04:23:23,Rechazada
TX-006181,001-247999,Elena Vargas,Deposito,7943.00,2026-03-15,15:26:47,Pendiente
TX-006182,001-611557,Lucia Vega,Deposito,227.10,2026-10-17,13:46:24,Anulada
TX-006183,004-873326,Miguel Castro,Retiro,14125.50,2026-07-20,04:43:40,Aprobada
TX-006184,008-125630,Maria Soto,Deposito,4054.75,2026-04-28,09:27:10,Rechazada
TX-006185,002-125216,Elena Vargas,Transferencia,7026.18,2026-02-07,08:34:48,Anulada
TX-006186,003-347054,Camila Ruiz,Deposito,10542.04,2026-04-04,19:11:12,Rechazada
TX-006187,008-597774,Camila Ruiz,Retiro,7347.89,2026-05-18,17:06:07,Pendiente
TX-006188,005-562250,Sofia Rojas,Transferencia,6569.19,2026-06-22,08:38:17,Pendiente
TX-006189,008-336183,Pedro Castillo,Deposito,4656.67,2026-12-26,21:57:25,Aprobada
TX-006190,005-590893,Luis Ramos,Retiro,13637.97,2026-06-07,18:51:56,Observada
TX-006191,002-456081,Elena Vargas,Retiro,8705.66,2026-11-07,03:50:15,Anulada
TX-006192,003-736712,Lucia Vega,Retiro,6945.44,2026-01-20,19:23:40,Rechazada
TX-006193,002-462540,Ana Torres,Transferencia,3123.33,2026-04-09,21:49:15,Rechazada
TX-006194,004-697052,Ana Torres,PagoServicio,2372.39,2026-08-29,06:58:57,Anulada
TX-006195,006-628740,Maria Soto,Deposito,12187.22,2026-07-03,18:07:02,Rechazada
TX-006196,004-839094,Elena Vargas,Transferencia,12471.88,2026-08-23,04:33:52,Anulada
TX-006197,001-331784,Jorge Medina,Transferencia,10332.95,2026-02-12,13:56:23,Rechazada
TX-006198,008-463475,Diego Flores,Retiro,8514.72,2026-11-02,20:08:49,Pendiente
TX-006199,006-584399,Camila Ruiz,Transferencia,14234.54,2026-11-08,11:33:56,Rechazada
TX-006200,002-928134,Fernando Diaz,Transferencia,6327.12,2026-09-19,11:59:17,Rechazada
TX-006201,003-135228,Miguel Castro,PagoServicio,12847.06,2026-10-08,06:12:52,Pendiente
TX-006202,002-148085,Ana Torres,Deposito,12514.06,2026-03-15,15:06:16,Observada
TX-006203,005-326063,Sofia Rojas,Deposito,4358.62,2026-03-23,15:48:52,Rechazada
TX-006204,007-716813,Luis Ramos,Deposito,2218.84,2026-09-25,23:26:06,Aprobada
TX-006205,001-585898,Camila Ruiz,Retiro,2485.60,2026-12-12,07:51:33,Observada
TX-006206,007-852671,Valeria Leon,Retiro,4793.91,2026-06-29,08:25:59,Anulada
TX-006207,001-988331,Camila Ruiz,PagoServicio,13826.89,2026-05-05,02:57:33,Observada
TX-006208,002-159116,Diego Flores,Retiro,2833.44,2026-10-19,12:11:27,Pendiente
TX-006209,004-141410,Ana Torres,Transferencia,8824.14,2026-12-16,08:03:47,Aprobada
TX-006210,007-321990,Camila Ruiz,Retiro,5138.18,2026-10-11,20:20:06,Observada
TX-006211,008-567606,Elena Vargas,Deposito,4262.46,2026-05-24,13:37:52,Anulada
TX-006212,007-226453,Jorge Medina,Retiro,8295.57,2026-05-01,00:42:20,Observada
TX-006213,001-353052,Lucia Vega,Deposito,12053.35,2026-09-05,16:00:11,Rechazada
TX-006214,004-292739,Fernando Diaz,Deposito,12302.48,2026-05-18,08:47:19,Observada
TX-006215,009-398892,Miguel Castro,Transferencia,5019.43,2026-10-18,17:07:36,Observada
TX-006216,004-449067,Luis Ramos,PagoServicio,4696.00,2026-03-21,05:32:20,Pendiente
TX-006217,002-957342,Valeria Leon,Deposito,1632.30,2026-10-11,03:35:53,Observada
TX-006218,007-696515,Camila Ruiz,PagoServicio,5391.04,2026-11-14,07:06:40,Anulada
TX-006219,006-708085,Sofia Rojas,Deposito,11838.15,2026-01-05,21:30:22,Aprobada
TX-006220,004-839601,Carlos Perez,PagoServicio,11161.89,2026-03-01,14:13:20,Rechazada
TX-006221,007-872552,Lucia Vega,Deposito,9565.04,2026-02-04,06:47:21,Aprobada
TX-006222,003-292950,Elena Vargas,Retiro,4897.75,2026-10-12,10:01:18,Pendiente
TX-006223,006-470280,Jorge Medina,Deposito,12589.29,2026-03-18,21:07:19,Observada
TX-006224,003-341017,Jorge Medina,PagoServicio,6204.06,2026-04-17,00:41:30,Aprobada
TX-006225,005-250912,Elena Vargas,PagoServicio,4610.21,2026-01-23,07:10:16,Rechazada
TX-006226,008-148484,Valeria Leon,Transferencia,3317.98,2026-07-09,00:16:39,Rechazada
TX-006227,003-719013,Valeria Leon,Retiro,1836.68,2026-08-29,18:12:01,Rechazada
TX-006228,006-769383,Rosa Herrera,Retiro,4677.84,2026-09-18,15:47:17,Rechazada
TX-006229,003-274268,Diego Flores,Deposito,503.73,2026-10-06,04:23:31,Pendiente
TX-006230,007-239551,Valeria Leon,Deposito,393.40,2026-11-09,17:34:30,Observada
TX-006231,006-307761,Diego Flores,Transferencia,13818.01,2026-07-01,16:33:48,Anulada
TX-006232,004-791253,Camila Ruiz,Deposito,11275.35,2026-06-06,11:03:42,Observada
TX-006233,001-152740,Jorge Medina,Retiro,4667.45,2026-06-05,01:10:24,Observada
TX-006234,007-495612,Diego Flores,Deposito,10320.62,2026-03-28,05:00:47,Observada
TX-006235,001-813039,Diego Flores,Deposito,3163.32,2026-06-08,15:15:36,Anulada
TX-006236,003-815418,Fernando Diaz,Deposito,13582.27,2026-01-07,08:51:31,Anulada
TX-006237,006-451682,Diego Flores,Retiro,5019.63,2026-09-03,21:57:37,Observada
TX-006238,003-698594,Jorge Medina,Retiro,5661.28,2026-08-08,15:27:06,Rechazada
TX-006239,004-946404,Elena Vargas,Retiro,4917.64,2026-10-13,05:11:02,Rechazada
TX-006240,008-356951,Camila Ruiz,Deposito,10770.42,2026-12-09,12:32:54,Observada
TX-006241,009-959871,Fernando Diaz,Retiro,7108.91,2026-01-22,07:15:35,Pendiente
TX-006242,008-285425,Carlos Perez,Retiro,3807.20,2026-04-08,15:16:10,Observada
TX-006243,007-517079,Luis Ramos,Transferencia,5308.04,2026-12-31,00:39:07,Pendiente
TX-006244,007-191157,Valeria Leon,Transferencia,14705.00,2026-12-04,21:48:59,Anulada
TX-006245,007-277006,Valeria Leon,PagoServicio,11368.69,2026-10-17,19:10:45,Anulada
TX-006246,009-593748,Diego Flores,Retiro,4084.87,2026-04-08,07:34:34,Anulada
TX-006247,005-119929,Rosa Herrera,Retiro,10205.91,2026-11-06,06:11:06,Anulada
TX-006248,006-187435,Valeria Leon,PagoServicio,9327.53,2026-05-06,19:59:11,Observada
TX-006249,002-340698,Camila Ruiz,Deposito,4103.36,2026-11-27,03:27:13,Anulada
TX-006250,009-338926,Fernando Diaz,Retiro,13033.72,2026-07-31,10:45:57,Rechazada
TX-006251,009-129002,Luis Ramos,PagoServicio,8693.74,2026-03-16,00:39:04,Pendiente
TX-006252,008-541270,Diego Flores,Transferencia,12069.47,2026-09-08,15:34:36,Rechazada
TX-006253,008-617823,Diego Flores,Retiro,9478.25,2026-08-25,20:52:43,Anulada
TX-006254,001-195482,Rosa Herrera,Retiro,2407.55,2026-11-07,14:39:45,Aprobada
TX-006255,002-504284,Carlos Perez,Transferencia,7522.60,2026-05-23,13:16:49,Rechazada
TX-006256,001-106190,Camila Ruiz,Retiro,3614.50,2026-02-08,14:31:57,Pendiente
TX-006257,003-326753,Luis Ramos,Retiro,3643.06,2026-11-17,18:35:58,Observada
TX-006258,004-811867,Luis Ramos,Deposito,11522.67,2026-08-19,13:11:30,Anulada
TX-006259,003-183413,Maria Soto,PagoServicio,692.07,2026-04-05,22:01:53,Aprobada
TX-006260,009-723697,Elena Vargas,PagoServicio,7263.76,2026-01-14,13:53:27,Aprobada
TX-006261,003-752660,Pedro Castillo,Transferencia,13464.51,2026-04-06,02:29:33,Aprobada
TX-006262,008-609563,Camila Ruiz,Deposito,5988.81,2026-08-12,10:08:20,Aprobada
TX-006263,001-833118,Ana Torres,Transferencia,9845.81,2026-09-06,02:33:11,Aprobada
TX-006264,008-494493,Miguel Castro,Deposito,12645.00,2026-12-10,03:30:50,Rechazada
TX-006265,003-408308,Miguel Castro,Deposito,7948.69,2026-04-10,21:04:43,Rechazada
TX-006266,009-915915,Jorge Medina,Transferencia,5597.04,2026-01-29,05:53:50,Pendiente
TX-006267,005-853698,Jorge Medina,Deposito,6536.09,2026-02-14,18:23:03,Aprobada
TX-006268,008-756781,Ana Torres,PagoServicio,171.81,2026-07-07,10:27:46,Rechazada
TX-006269,009-295428,Elena Vargas,Transferencia,12658.05,2026-01-21,16:07:41,Aprobada
TX-006270,004-788692,Fernando Diaz,Transferencia,12917.10,2026-07-31,18:42:48,Rechazada
TX-006271,005-757561,Fernando Diaz,Transferencia,2689.03,2026-03-21,13:45:42,Rechazada
TX-006272,002-498919,Camila Ruiz,Transferencia,384.86,2026-12-01,10:13:46,Anulada
TX-006273,004-286592,Lucia Vega,Transferencia,8200.30,2026-02-23,22:00:40,Pendiente
TX-006274,003-845955,Jorge Medina,PagoServicio,2411.06,2026-02-27,07:18:58,Aprobada
TX-006275,003-192545,Carlos Perez,Transferencia,1489.94,2026-07-01,11:45:39,Anulada
TX-006276,006-860790,Lucia Vega,Retiro,7941.69,2026-12-18,14:32:07,Rechazada
TX-006277,003-505043,Jorge Medina,Transferencia,1531.69,2026-10-22,04:01:05,Aprobada
TX-006278,007-567595,Valeria Leon,Transferencia,1702.97,2026-06-18,03:54:43,Observada
TX-006279,009-531420,Fernando Diaz,Retiro,14296.74,2026-01-03,17:47:51,Rechazada
TX-006280,006-200506,Pedro Castillo,Retiro,7612.94,2026-12-06,16:32:31,Pendiente
TX-006281,003-553310,Jorge Medina,Retiro,11697.91,2026-03-08,06:24:22,Rechazada
TX-006282,001-744655,Diego Flores,Deposito,1264.20,2026-09-24,07:50:04,Pendiente
TX-006283,004-771839,Miguel Castro,Transferencia,4250.87,2026-09-19,15:25:24,Aprobada
TX-006284,006-930410,Carlos Perez,Transferencia,9128.93,2026-04-20,03:13:14,Aprobada
TX-006285,001-797033,Pedro Castillo,Transferencia,6715.91,2026-11-05,21:20:39,Pendiente
TX-006286,001-653247,Lucia Vega,Deposito,2465.61,2026-04-24,02:18:20,Observada
TX-006287,008-568274,Ana Torres,Retiro,11727.22,2026-07-15,19:33:20,Pendiente
TX-006288,007-574044,Diego Flores,PagoServicio,752.17,2026-01-03,16:39:38,Anulada
TX-006289,004-124847,Camila Ruiz,PagoServicio,5896.62,2026-09-14,06:31:17,Pendiente
TX-006290,001-456245,Elena Vargas,Retiro,4835.74,2026-10-06,19:11:02,Aprobada
TX-006291,002-621719,Elena Vargas,Retiro,6633.57,2026-06-26,12:49:43,Anulada
TX-006292,008-354148,Elena Vargas,Retiro,8231.98,2026-08-08,07:27:31,Aprobada
TX-006293,002-987882,Fernando Diaz,Retiro,1965.24,2026-05-21,04:49:29,Aprobada
TX-006294,002-887906,Maria Soto,Transferencia,12397.99,2026-04-10,06:32:27,Aprobada
TX-006295,007-304940,Miguel Castro,PagoServicio,8017.11,2026-01-29,08:22:19,Anulada
TX-006296,001-481552,Ana Torres,Retiro,4549.70,2026-06-05,19:43:56,Pendiente
TX-006297,002-169356,Camila Ruiz,PagoServicio,9574.17,2026-11-20,02:04:06,Pendiente
TX-006298,008-940928,Luis Ramos,Transferencia,6918.72,2026-09-17,12:56:44,Observada
TX-006299,005-667037,Pedro Castillo,PagoServicio,8505.44,2026-12-21,07:48:14,Anulada
TX-006300,009-525238,Carlos Perez,Transferencia,2461.28,2026-11-02,00:43:20,Pendiente
TX-006301,001-569584,Fernando Diaz,Transferencia,4625.50,2026-04-26,15:20:54,Anulada
TX-006302,002-358424,Valeria Leon,Transferencia,8667.46,2026-12-21,22:17:44,Aprobada
TX-006303,002-889644,Miguel Castro,Deposito,12315.98,2026-05-11,04:55:34,Observada
TX-006304,008-934381,Fernando Diaz,PagoServicio,6976.18,2026-06-11,14:16:00,Aprobada
TX-006305,006-235524,Lucia Vega,PagoServicio,11069.52,2026-02-07,10:49:24,Observada
TX-006306,001-695847,Maria Soto,Transferencia,6753.26,2026-04-30,00:04:30,Pendiente
TX-006307,002-606641,Miguel Castro,PagoServicio,11378.15,2026-01-16,13:57:49,Rechazada
TX-006308,003-797807,Carlos Perez,Transferencia,3781.22,2026-05-16,22:17:58,Rechazada
TX-006309,005-574078,Valeria Leon,Retiro,6612.01,2026-09-13,04:47:19,Rechazada
TX-006310,006-298806,Fernando Diaz,Retiro,899.19,2026-12-23,06:50:41,Pendiente
TX-006311,003-657963,Lucia Vega,PagoServicio,11759.77,2026-05-21,02:32:07,Anulada
TX-006312,008-283135,Jorge Medina,Retiro,9294.79,2026-12-07,08:42:36,Rechazada
TX-006313,004-759156,Fernando Diaz,Deposito,10511.80,2026-12-13,07:42:16,Aprobada
TX-006314,003-834032,Elena Vargas,Deposito,459.89,2026-11-13,17:43:56,Anulada
TX-006315,004-703273,Valeria Leon,PagoServicio,9993.01,2026-03-17,21:42:33,Anulada
TX-006316,009-423312,Rosa Herrera,PagoServicio,4299.87,2026-04-22,01:41:29,Pendiente
TX-006317,003-810231,Jorge Medina,Retiro,8787.19,2026-04-01,07:13:51,Pendiente
TX-006318,007-934733,Camila Ruiz,Deposito,1971.75,2026-04-04,02:35:47,Anulada
TX-006319,002-679939,Fernando Diaz,PagoServicio,9926.09,2026-06-07,09:18:28,Rechazada
TX-006320,003-596313,Carlos Perez,Deposito,14599.91,2026-12-03,12:33:35,Rechazada
TX-006321,004-998511,Lucia Vega,Transferencia,14086.76,2026-09-02,23:11:26,Rechazada
TX-006322,001-993491,Luis Ramos,PagoServicio,6367.66,2026-04-06,11:25:29,Pendiente
TX-006323,001-222359,Lucia Vega,Retiro,1387.07,2026-06-04,16:57:42,Rechazada
TX-006324,005-822505,Pedro Castillo,Retiro,14584.66,2026-06-11,09:41:40,Rechazada
TX-006325,007-279649,Rosa Herrera,PagoServicio,2737.39,2026-03-26,07:58:41,Rechazada
TX-006326,006-581684,Ana Torres,Deposito,4146.31,2026-05-22,06:55:13,Pendiente
TX-006327,002-876152,Elena Vargas,Deposito,3058.75,2026-12-05,08:45:28,Pendiente
TX-006328,003-188135,Luis Ramos,Transferencia,7013.16,2026-04-13,23:15:47,Anulada
TX-006329,005-407261,Diego Flores,Deposito,7175.99,2026-04-23,03:59:14,Rechazada
TX-006330,002-762465,Valeria Leon,Deposito,2702.68,2026-08-31,21:42:33,Pendiente
TX-006331,007-349180,Valeria Leon,Transferencia,13489.48,2026-01-29,23:16:11,Rechazada
TX-006332,002-228992,Elena Vargas,PagoServicio,4103.93,2026-07-10,17:33:45,Anulada
TX-006333,003-363900,Camila Ruiz,PagoServicio,4331.22,2026-08-16,19:50:32,Anulada
TX-006334,009-563637,Maria Soto,Deposito,6619.50,2026-03-21,08:11:24,Pendiente
TX-006335,004-783476,Elena Vargas,PagoServicio,5626.11,2026-09-08,13:12:30,Anulada
TX-006336,002-477627,Carlos Perez,Transferencia,926.72,2026-05-03,18:07:12,Aprobada
TX-006337,005-486488,Camila Ruiz,Transferencia,11956.09,2026-03-27,12:47:49,Pendiente
TX-006338,008-696467,Maria Soto,Retiro,740.26,2026-06-30,19:07:28,Anulada
TX-006339,003-372708,Pedro Castillo,Retiro,14964.66,2026-01-10,23:38:40,Anulada
TX-006340,002-247129,Lucia Vega,PagoServicio,14695.59,2026-12-18,02:43:14,Rechazada
TX-006341,008-661064,Camila Ruiz,PagoServicio,14097.15,2026-04-30,19:47:14,Rechazada
TX-006342,001-957703,Camila Ruiz,Transferencia,13814.53,2026-09-03,09:46:31,Observada
TX-006343,001-546456,Sofia Rojas,PagoServicio,1722.34,2026-01-11,06:51:27,Observada
TX-006344,007-354117,Fernando Diaz,PagoServicio,13697.89,2026-08-24,18:55:01,Aprobada
TX-006345,003-937790,Miguel Castro,Transferencia,7787.90,2026-07-10,17:14:21,Anulada
TX-006346,001-504496,Pedro Castillo,Transferencia,6376.86,2026-11-26,21:57:13,Pendiente
TX-006347,008-187581,Pedro Castillo,Transferencia,1544.60,2026-12-16,16:15:39,Rechazada
TX-006348,006-102333,Maria Soto,Retiro,1230.14,2026-01-18,03:02:28,Aprobada
TX-006349,005-898532,Ana Torres,Retiro,13656.36,2026-07-06,15:29:45,Rechazada
TX-006350,009-950767,Diego Flores,PagoServicio,11840.15,2026-12-01,00:15:43,Anulada
TX-006351,004-769905,Maria Soto,Transferencia,13883.29,2026-01-24,07:58:00,Anulada
TX-006352,007-183831,Lucia Vega,Deposito,2123.74,2026-01-15,05:56:27,Observada
TX-006353,007-899916,Sofia Rojas,PagoServicio,7583.77,2026-04-12,11:11:57,Rechazada
TX-006354,001-164649,Camila Ruiz,Transferencia,4295.90,2026-04-19,01:36:49,Pendiente
TX-006355,003-369891,Sofia Rojas,Transferencia,9628.16,2026-03-28,13:00:01,Observada
TX-006356,003-358674,Fernando Diaz,PagoServicio,1025.27,2026-05-18,11:11:28,Anulada
TX-006357,006-277898,Valeria Leon,Deposito,11100.62,2026-10-03,05:26:52,Anulada
TX-006358,005-579154,Pedro Castillo,PagoServicio,10465.96,2026-03-24,20:28:25,Observada
TX-006359,009-278715,Diego Flores,Retiro,440.43,2026-05-03,02:20:31,Observada
TX-006360,008-702702,Jorge Medina,Retiro,5855.39,2026-06-18,18:17:07,Aprobada
TX-006361,008-427032,Fernando Diaz,Transferencia,615.01,2026-08-16,19:47:19,Rechazada
TX-006362,005-865212,Camila Ruiz,Transferencia,4753.72,2026-10-27,18:27:00,Pendiente
TX-006363,004-697479,Ana Torres,Retiro,5121.59,2026-11-10,23:39:29,Observada
TX-006364,001-239846,Valeria Leon,Deposito,11514.81,2026-09-03,16:56:35,Observada
TX-006365,007-546205,Fernando Diaz,Transferencia,12820.37,2026-06-12,18:42:11,Rechazada
TX-006366,006-422179,Camila Ruiz,PagoServicio,13608.95,2026-06-02,13:07:20,Aprobada
TX-006367,008-442520,Miguel Castro,Transferencia,11960.01,2026-02-03,19:34:30,Aprobada
TX-006368,002-624716,Lucia Vega,Retiro,5847.40,2026-09-15,14:16:12,Rechazada
TX-006369,007-425898,Miguel Castro,Deposito,13724.00,2026-07-24,10:22:31,Aprobada
TX-006370,003-996118,Lucia Vega,Deposito,8740.59,2026-01-24,15:29:31,Anulada
TX-006371,006-924367,Diego Flores,Retiro,4831.54,2026-05-26,01:16:54,Rechazada
TX-006372,006-265127,Rosa Herrera,Deposito,9617.24,2026-07-02,18:35:05,Observada
TX-006373,006-139916,Miguel Castro,PagoServicio,10843.81,2026-06-12,02:02:34,Pendiente
TX-006374,006-581031,Elena Vargas,Retiro,7292.75,2026-11-30,21:06:57,Pendiente
TX-006375,009-951881,Fernando Diaz,Deposito,10914.03,2026-10-19,05:41:12,Rechazada
TX-006376,006-179742,Maria Soto,Retiro,14148.08,2026-12-31,08:45:48,Anulada
TX-006377,005-539677,Jorge Medina,Transferencia,1243.54,2026-07-10,23:39:52,Pendiente
TX-006378,003-993491,Maria Soto,PagoServicio,8838.94,2026-09-04,10:18:20,Rechazada
TX-006379,005-689937,Camila Ruiz,PagoServicio,4923.05,2026-03-04,22:57:39,Rechazada
TX-006380,007-620461,Lucia Vega,Transferencia,2141.72,2026-11-15,10:19:34,Rechazada
TX-006381,009-455906,Lucia Vega,Transferencia,6570.47,2026-01-23,20:31:17,Anulada
TX-006382,005-896506,Luis Ramos,Deposito,8559.55,2026-02-01,21:40:34,Rechazada
TX-006383,005-250472,Sofia Rojas,Deposito,7052.09,2026-05-05,08:08:25,Rechazada
TX-006384,009-457258,Luis Ramos,Retiro,10138.97,2026-08-25,05:30:14,Observada
TX-006385,007-839699,Carlos Perez,Deposito,2423.76,2026-04-21,10:03:23,Observada
TX-006386,002-427462,Maria Soto,PagoServicio,11220.08,2026-01-09,10:52:10,Pendiente
TX-006387,001-635950,Pedro Castillo,Retiro,346.11,2026-11-04,00:57:31,Rechazada
TX-006388,004-376259,Elena Vargas,PagoServicio,1152.68,2026-07-24,17:57:14,Anulada
TX-006389,008-651107,Jorge Medina,Retiro,6737.87,2026-07-22,10:40:34,Rechazada
TX-006390,007-466297,Diego Flores,Retiro,9888.59,2026-09-26,13:39:11,Anulada
TX-006391,001-400789,Luis Ramos,Transferencia,7219.64,2026-11-09,10:00:06,Observada
TX-006392,001-357120,Carlos Perez,Retiro,926.72,2026-11-13,14:13:57,Pendiente
TX-006393,005-395039,Luis Ramos,Deposito,3754.52,2026-09-11,11:31:33,Observada
TX-006394,001-797271,Maria Soto,Transferencia,9460.61,2026-12-23,12:39:46,Rechazada
TX-006395,002-333327,Jorge Medina,Transferencia,10970.11,2026-09-23,16:46:21,Aprobada
TX-006396,001-708543,Carlos Perez,PagoServicio,7287.99,2026-10-08,20:44:03,Observada
TX-006397,008-579917,Rosa Herrera,PagoServicio,6829.24,2026-11-28,09:26:28,Observada
TX-006398,006-902417,Jorge Medina,PagoServicio,4674.17,2026-05-16,09:07:50,Pendiente
TX-006399,006-747474,Elena Vargas,Transferencia,3128.33,2026-12-16,08:04:53,Anulada
TX-006400,002-743176,Pedro Castillo,Deposito,3038.61,2026-10-27,15:04:06,Aprobada
TX-006401,002-152976,Maria Soto,PagoServicio,9367.69,2026-08-11,23:54:58,Pendiente
TX-006402,006-315402,Carlos Perez,Transferencia,8064.97,2026-10-12,02:51:08,Rechazada
TX-006403,004-824720,Carlos Perez,Retiro,9795.49,2026-12-08,06:48:22,Aprobada
TX-006404,004-482964,Camila Ruiz,Transferencia,4676.78,2026-09-12,07:24:48,Anulada
TX-006405,006-452700,Fernando Diaz,Transferencia,6973.01,2026-02-25,15:14:39,Observada
TX-006406,005-118207,Sofia Rojas,Retiro,12006.21,2026-06-14,02:47:19,Aprobada
TX-006407,007-561390,Lucia Vega,Transferencia,4804.19,2026-02-17,21:12:09,Pendiente
TX-006408,005-954554,Valeria Leon,PagoServicio,6560.32,2026-02-11,16:41:25,Observada
TX-006409,005-689810,Carlos Perez,Deposito,9916.93,2026-06-25,23:48:44,Anulada
TX-006410,008-361355,Ana Torres,Retiro,8751.15,2026-01-21,20:20:05,Observada
TX-006411,006-965130,Jorge Medina,Retiro,5179.70,2026-09-16,22:03:35,Aprobada
TX-006412,003-340008,Fernando Diaz,Deposito,7613.64,2026-03-22,02:20:38,Observada
TX-006413,008-905736,Luis Ramos,Retiro,5619.85,2026-03-12,04:35:16,Anulada
TX-006414,005-656502,Rosa Herrera,Transferencia,8880.19,2026-12-12,18:33:21,Anulada
TX-006415,005-970476,Diego Flores,Deposito,14275.96,2026-05-30,04:00:24,Pendiente
TX-006416,002-885530,Fernando Diaz,Deposito,4710.37,2026-11-14,02:19:43,Observada
TX-006417,005-413028,Sofia Rojas,Deposito,11514.15,2026-02-26,01:42:56,Rechazada
TX-006418,001-131637,Lucia Vega,Transferencia,14528.34,2026-03-07,23:20:59,Pendiente
TX-006419,003-995289,Fernando Diaz,PagoServicio,7437.77,2026-05-22,22:30:14,Pendiente
TX-006420,005-617692,Elena Vargas,Transferencia,11814.07,2026-07-14,23:58:17,Anulada
TX-006421,008-899111,Jorge Medina,Deposito,11469.83,2026-02-18,12:28:43,Pendiente
TX-006422,007-573355,Ana Torres,Retiro,6358.55,2026-02-25,15:12:45,Pendiente
TX-006423,001-878991,Maria Soto,Transferencia,868.86,2026-09-26,10:22:44,Pendiente
TX-006424,002-583840,Jorge Medina,Transferencia,12431.55,2026-07-12,08:24:34,Rechazada
TX-006425,005-835107,Miguel Castro,PagoServicio,652.96,2026-04-07,09:17:56,Aprobada
TX-006426,007-202492,Carlos Perez,Deposito,198.53,2026-07-09,06:13:10,Anulada
TX-006427,003-940844,Camila Ruiz,Transferencia,5786.26,2026-04-15,03:45:17,Pendiente
TX-006428,008-439333,Miguel Castro,Retiro,7322.06,2026-04-23,01:46:20,Rechazada
TX-006429,009-846198,Elena Vargas,Retiro,13039.37,2026-10-23,06:19:47,Anulada
TX-006430,007-613682,Camila Ruiz,Deposito,13807.19,2026-05-18,21:22:11,Aprobada
TX-006431,007-510267,Valeria Leon,Transferencia,5219.42,2026-10-16,10:36:40,Observada
TX-006432,002-826210,Pedro Castillo,Deposito,12539.40,2026-09-21,01:17:40,Observada
TX-006433,002-541836,Sofia Rojas,Deposito,14705.50,2026-08-08,16:27:21,Rechazada
TX-006434,007-882519,Carlos Perez,PagoServicio,3770.75,2026-09-06,06:01:27,Aprobada
TX-006435,006-696298,Elena Vargas,Deposito,4710.62,2026-09-28,03:29:04,Observada
TX-006436,002-175236,Carlos Perez,Retiro,8809.32,2026-06-11,07:07:11,Rechazada
TX-006437,003-238096,Lucia Vega,Deposito,13967.28,2026-07-18,08:37:35,Rechazada
TX-006438,006-514110,Diego Flores,PagoServicio,1019.97,2026-02-19,23:11:28,Aprobada
TX-006439,003-772387,Fernando Diaz,PagoServicio,13554.08,2026-06-25,04:05:09,Pendiente
TX-006440,009-980286,Rosa Herrera,PagoServicio,8700.21,2026-08-03,22:29:26,Pendiente
TX-006441,009-605135,Diego Flores,PagoServicio,11095.49,2026-02-03,02:49:01,Anulada
TX-006442,007-335370,Ana Torres,Deposito,2438.92,2026-09-01,11:49:32,Aprobada
TX-006443,005-843043,Carlos Perez,PagoServicio,8564.85,2026-11-19,15:24:48,Rechazada
TX-006444,003-898928,Pedro Castillo,Transferencia,6335.12,2026-02-21,17:01:16,Rechazada
TX-006445,001-226354,Maria Soto,PagoServicio,4230.70,2026-08-16,17:44:16,Aprobada
TX-006446,002-611555,Sofia Rojas,Retiro,14595.67,2026-10-20,11:49:39,Anulada
TX-006447,002-698388,Miguel Castro,PagoServicio,3663.32,2026-09-22,22:19:41,Aprobada
TX-006448,009-480445,Camila Ruiz,Deposito,3401.07,2026-05-31,19:16:45,Aprobada
TX-006449,007-926400,Maria Soto,Retiro,2897.80,2026-06-10,11:33:51,Rechazada
TX-006450,006-537443,Jorge Medina,Retiro,9621.19,2026-05-18,00:11:58,Observada
TX-006451,008-491866,Sofia Rojas,Deposito,2501.36,2026-08-25,02:50:18,Anulada
TX-006452,005-939267,Luis Ramos,Transferencia,11990.90,2026-12-08,17:00:23,Aprobada
TX-006453,001-327633,Miguel Castro,Retiro,7036.92,2026-01-08,04:07:02,Rechazada
TX-006454,003-423525,Rosa Herrera,Retiro,10644.63,2026-04-29,07:08:00,Observada
TX-006455,004-884491,Rosa Herrera,Deposito,1918.60,2026-10-09,10:01:04,Rechazada
TX-006456,006-979810,Sofia Rojas,Transferencia,1747.88,2026-07-19,22:46:07,Rechazada
TX-006457,001-354630,Miguel Castro,Transferencia,10304.12,2026-06-16,17:03:46,Anulada
TX-006458,006-630134,Camila Ruiz,PagoServicio,14499.09,2026-09-14,19:54:54,Aprobada
TX-006459,009-451106,Carlos Perez,Transferencia,10655.46,2026-02-06,11:05:33,Rechazada
TX-006460,009-899128,Luis Ramos,PagoServicio,7271.56,2026-08-23,03:24:06,Aprobada
TX-006461,004-768517,Sofia Rojas,PagoServicio,5780.22,2026-03-30,18:06:08,Observada
TX-006462,005-603485,Maria Soto,Transferencia,9754.16,2026-03-03,12:04:21,Observada
TX-006463,006-709760,Valeria Leon,Deposito,5050.95,2026-03-16,18:10:49,Rechazada
TX-006464,008-740795,Ana Torres,Retiro,10020.97,2026-08-22,11:45:10,Pendiente
TX-006465,001-973047,Carlos Perez,PagoServicio,5424.79,2026-05-14,23:58:12,Rechazada
TX-006466,002-792217,Carlos Perez,Retiro,10660.30,2026-10-15,05:56:20,Pendiente
TX-006467,003-986491,Fernando Diaz,PagoServicio,14293.28,2026-05-09,04:01:52,Observada
TX-006468,008-970808,Luis Ramos,Deposito,721.07,2026-11-10,02:41:03,Rechazada
TX-006469,001-487085,Sofia Rojas,PagoServicio,8336.18,2026-06-27,02:59:08,Aprobada
TX-006470,003-835061,Miguel Castro,PagoServicio,4953.14,2026-04-21,07:25:58,Anulada
TX-006471,005-934124,Valeria Leon,Transferencia,7512.46,2026-03-04,03:03:42,Anulada
TX-006472,009-349517,Valeria Leon,Retiro,13640.75,2026-12-19,05:14:43,Aprobada
TX-006473,006-226672,Lucia Vega,PagoServicio,6631.34,2026-06-10,15:33:09,Pendiente
TX-006474,002-358046,Sofia Rojas,Transferencia,6129.06,2026-05-17,17:19:56,Observada
TX-006475,007-979907,Pedro Castillo,Retiro,7627.08,2026-03-06,16:06:40,Rechazada
TX-006476,007-213792,Miguel Castro,Deposito,9851.67,2026-10-03,03:05:19,Anulada
TX-006477,001-999067,Maria Soto,Deposito,8432.87,2026-04-13,08:22:27,Anulada
TX-006478,005-298927,Camila Ruiz,Deposito,11107.90,2026-05-05,05:07:24,Observada
TX-006479,008-974151,Rosa Herrera,PagoServicio,12952.98,2026-01-30,20:03:13,Rechazada
TX-006480,009-662095,Miguel Castro,PagoServicio,5155.49,2026-05-13,00:26:13,Aprobada
TX-006481,001-841378,Elena Vargas,Transferencia,10464.62,2026-08-19,19:37:50,Pendiente
TX-006482,007-880994,Jorge Medina,Retiro,2133.29,2026-03-22,21:22:33,Anulada
TX-006483,006-893554,Diego Flores,Retiro,5760.51,2026-01-06,22:16:48,Aprobada
TX-006484,005-191184,Maria Soto,PagoServicio,470.06,2026-05-29,16:31:43,Aprobada
TX-006485,009-912647,Pedro Castillo,Retiro,6152.34,2026-10-01,23:29:13,Anulada
TX-006486,008-660891,Ana Torres,PagoServicio,2045.82,2026-09-17,18:59:04,Rechazada
TX-006487,001-999590,Elena Vargas,Retiro,13896.98,2026-10-04,11:54:46,Rechazada
TX-006488,009-675807,Luis Ramos,Transferencia,2377.57,2026-10-22,12:21:01,Anulada
TX-006489,007-515254,Miguel Castro,PagoServicio,6434.87,2026-03-27,09:03:10,Observada
TX-006490,003-118299,Carlos Perez,PagoServicio,3360.94,2026-10-28,17:24:59,Pendiente
TX-006491,009-334659,Elena Vargas,PagoServicio,5430.34,2026-07-07,14:00:30,Aprobada
TX-006492,008-771716,Luis Ramos,Transferencia,5219.13,2026-09-14,01:36:41,Pendiente
TX-006493,008-944658,Lucia Vega,Retiro,8838.41,2026-07-09,22:54:55,Observada
TX-006494,001-433076,Lucia Vega,PagoServicio,12282.32,2026-03-20,03:34:11,Anulada
TX-006495,004-179581,Sofia Rojas,Deposito,10889.79,2026-01-03,04:32:46,Anulada
TX-006496,006-383688,Sofia Rojas,PagoServicio,11196.49,2026-04-04,15:05:31,Aprobada
TX-006497,006-642621,Valeria Leon,PagoServicio,8011.66,2026-01-23,13:50:30,Rechazada
TX-006498,006-322660,Luis Ramos,Retiro,14514.51,2026-11-08,00:02:07,Rechazada
TX-006499,007-979881,Elena Vargas,PagoServicio,1925.42,2026-04-16,16:21:38,Observada
TX-006500,009-151069,Camila Ruiz,Transferencia,8457.62,2026-07-20,06:29:29,Aprobada
TX-006501,005-114815,Miguel Castro,Transferencia,11695.91,2026-05-30,22:45:47,Aprobada
TX-006502,006-737949,Rosa Herrera,PagoServicio,11530.81,2026-01-06,01:07:56,Aprobada
TX-006503,001-173756,Elena Vargas,Transferencia,14492.98,2026-12-26,07:38:29,Aprobada
TX-006504,008-319818,Valeria Leon,Deposito,3871.92,2026-06-21,06:40:41,Rechazada
TX-006505,005-863849,Jorge Medina,Deposito,3667.73,2026-06-06,01:50:18,Anulada
TX-006506,004-960127,Diego Flores,Transferencia,8321.54,2026-04-18,07:15:01,Aprobada
TX-006507,004-212525,Diego Flores,Deposito,14195.27,2026-05-27,18:52:16,Observada
TX-006508,002-649113,Carlos Perez,Retiro,1647.07,2026-01-06,03:42:25,Pendiente
TX-006509,005-231966,Elena Vargas,Deposito,9824.64,2026-10-03,15:07:58,Rechazada
TX-006510,006-760874,Luis Ramos,Transferencia,1307.93,2026-12-17,16:29:12,Anulada
TX-006511,001-305855,Rosa Herrera,Deposito,9021.44,2026-11-30,22:05:34,Aprobada
TX-006512,005-274118,Camila Ruiz,Deposito,955.17,2026-03-12,11:09:19,Pendiente
TX-006513,008-751635,Diego Flores,Transferencia,10933.18,2026-03-30,15:37:26,Rechazada
TX-006514,004-684918,Valeria Leon,PagoServicio,10193.93,2026-07-01,20:30:04,Observada
TX-006515,007-138035,Camila Ruiz,PagoServicio,12472.55,2026-11-23,19:45:09,Anulada
TX-006516,006-978214,Luis Ramos,Retiro,11718.68,2026-11-19,21:39:30,Pendiente
TX-006517,001-779126,Carlos Perez,PagoServicio,8256.20,2026-07-27,06:56:22,Observada
TX-006518,005-404293,Camila Ruiz,Retiro,329.99,2026-02-08,19:19:11,Anulada
TX-006519,004-527260,Carlos Perez,Retiro,10361.81,2026-08-09,18:33:54,Rechazada
TX-006520,008-839921,Ana Torres,Retiro,5778.58,2026-05-29,07:22:20,Rechazada
TX-006521,009-274948,Elena Vargas,Transferencia,7084.14,2026-05-16,05:56:02,Pendiente
TX-006522,009-183723,Valeria Leon,Deposito,1767.12,2026-03-28,16:57:41,Aprobada
TX-006523,002-952186,Jorge Medina,PagoServicio,856.64,2026-06-19,23:47:12,Observada
TX-006524,007-983127,Jorge Medina,PagoServicio,1081.42,2026-02-23,01:09:34,Anulada
TX-006525,009-736249,Maria Soto,Transferencia,13119.83,2026-01-23,22:37:25,Rechazada
TX-006526,009-565474,Pedro Castillo,PagoServicio,4054.54,2026-05-19,20:20:37,Anulada
TX-006527,003-349799,Camila Ruiz,Transferencia,3146.12,2026-01-06,00:47:31,Observada
TX-006528,008-612547,Valeria Leon,PagoServicio,1670.36,2026-12-05,14:49:26,Rechazada
TX-006529,005-896522,Diego Flores,PagoServicio,9939.23,2026-03-09,22:48:51,Observada
TX-006530,006-458197,Rosa Herrera,PagoServicio,971.52,2026-12-25,14:58:42,Observada
TX-006531,005-704176,Miguel Castro,PagoServicio,7154.61,2026-04-11,11:51:06,Pendiente
TX-006532,002-828114,Fernando Diaz,Deposito,4752.16,2026-06-25,18:36:29,Pendiente
TX-006533,003-472710,Jorge Medina,Deposito,14588.70,2026-04-26,09:50:05,Anulada
TX-006534,009-253319,Miguel Castro,Deposito,2101.04,2026-06-12,19:47:43,Anulada
TX-006535,001-841548,Luis Ramos,Deposito,14224.70,2026-10-23,21:23:59,Aprobada
TX-006536,002-429959,Fernando Diaz,PagoServicio,7150.09,2026-04-07,22:57:40,Rechazada
TX-006537,009-461044,Luis Ramos,Deposito,6904.61,2026-04-22,09:37:40,Observada
TX-006538,008-138878,Camila Ruiz,Deposito,913.67,2026-06-10,16:02:11,Anulada
TX-006539,001-738079,Valeria Leon,Retiro,7565.03,2026-03-23,08:51:19,Aprobada
TX-006540,004-371766,Sofia Rojas,Deposito,10541.19,2026-03-10,22:12:35,Observada
TX-006541,006-633877,Sofia Rojas,Transferencia,3736.88,2026-08-31,23:03:47,Pendiente
TX-006542,006-495126,Carlos Perez,Retiro,12813.11,2026-10-29,22:07:57,Anulada
TX-006543,003-356072,Lucia Vega,Deposito,2084.72,2026-10-26,18:27:31,Pendiente
TX-006544,008-156200,Pedro Castillo,Transferencia,4758.72,2026-12-09,00:04:44,Pendiente
TX-006545,008-994676,Valeria Leon,Retiro,6042.40,2026-07-27,22:25:28,Anulada
TX-006546,001-963908,Camila Ruiz,Retiro,12063.43,2026-04-15,14:27:51,Rechazada
TX-006547,008-192980,Sofia Rojas,Transferencia,9979.74,2026-10-18,06:39:20,Observada
TX-006548,003-850000,Elena Vargas,PagoServicio,8704.28,2026-06-29,16:36:42,Pendiente
TX-006549,008-538269,Fernando Diaz,Retiro,14290.59,2026-03-25,17:32:13,Observada
TX-006550,001-319275,Camila Ruiz,Deposito,9775.27,2026-04-19,09:29:10,Observada
TX-006551,009-894217,Jorge Medina,Retiro,6203.99,2026-02-07,06:37:26,Anulada
TX-006552,004-228820,Rosa Herrera,Retiro,2691.01,2026-08-11,02:35:58,Pendiente
TX-006553,002-909388,Rosa Herrera,Retiro,13998.06,2026-09-30,12:17:50,Rechazada
TX-006554,003-635223,Rosa Herrera,Transferencia,13006.93,2026-10-24,19:42:41,Observada
TX-006555,003-465447,Carlos Perez,Deposito,13014.45,2026-02-06,19:32:10,Anulada
TX-006556,006-387912,Pedro Castillo,Deposito,4180.29,2026-11-24,12:14:29,Anulada
TX-006557,003-433759,Valeria Leon,Retiro,1292.22,2026-10-25,09:59:02,Aprobada
TX-006558,001-343523,Pedro Castillo,PagoServicio,3377.62,2026-03-20,20:19:58,Rechazada
TX-006559,009-257981,Sofia Rojas,PagoServicio,2869.85,2026-09-17,07:46:06,Pendiente
TX-006560,001-423330,Jorge Medina,PagoServicio,5410.74,2026-02-08,22:30:25,Observada
TX-006561,009-712592,Fernando Diaz,PagoServicio,9817.12,2026-02-05,21:01:48,Rechazada
TX-006562,003-917323,Fernando Diaz,Deposito,904.64,2026-06-12,06:25:23,Rechazada
TX-006563,009-527591,Elena Vargas,Deposito,5795.16,2026-08-31,18:25:04,Rechazada
TX-006564,005-559542,Sofia Rojas,Transferencia,10281.49,2026-07-23,10:39:00,Anulada
TX-006565,003-321145,Ana Torres,Retiro,12767.06,2026-07-31,09:56:31,Observada
TX-006566,003-645957,Diego Flores,Deposito,5931.95,2026-12-29,07:20:17,Rechazada
TX-006567,007-319505,Luis Ramos,PagoServicio,3043.34,2026-01-07,09:17:24,Anulada
TX-006568,005-506265,Ana Torres,Transferencia,7041.65,2026-10-17,00:37:52,Observada
TX-006569,003-639124,Rosa Herrera,Transferencia,3541.89,2026-03-22,13:53:52,Observada
TX-006570,005-738231,Ana Torres,Deposito,11745.51,2026-09-17,05:27:38,Observada
TX-006571,005-698698,Luis Ramos,Transferencia,6502.28,2026-04-04,00:41:45,Pendiente
TX-006572,004-812834,Ana Torres,Retiro,14142.35,2026-01-24,17:08:57,Aprobada
TX-006573,007-532064,Carlos Perez,PagoServicio,6478.68,2026-10-19,22:42:09,Rechazada
TX-006574,009-387437,Pedro Castillo,Deposito,4597.35,2026-04-23,15:58:04,Aprobada
TX-006575,009-766538,Pedro Castillo,PagoServicio,9233.67,2026-12-26,18:58:26,Observada
TX-006576,003-270751,Elena Vargas,Deposito,1148.53,2026-11-22,06:23:22,Aprobada
TX-006577,001-636294,Lucia Vega,PagoServicio,1206.18,2026-05-29,14:33:14,Observada
TX-006578,001-875708,Camila Ruiz,Transferencia,2748.02,2026-06-01,06:05:11,Aprobada
TX-006579,005-539184,Diego Flores,Transferencia,9560.76,2026-06-21,17:34:47,Pendiente
TX-006580,006-308930,Valeria Leon,Transferencia,13636.12,2026-10-07,06:05:04,Observada
TX-006581,003-427432,Lucia Vega,Transferencia,14466.41,2026-06-11,17:15:07,Observada
TX-006582,008-672196,Valeria Leon,Deposito,4798.55,2026-07-02,18:40:01,Rechazada
TX-006583,003-179852,Sofia Rojas,Deposito,849.12,2026-03-11,00:16:58,Pendiente
TX-006584,003-321731,Rosa Herrera,Retiro,5204.71,2026-10-16,08:56:06,Pendiente
TX-006585,001-583304,Luis Ramos,Transferencia,9637.16,2026-01-06,22:42:54,Observada
TX-006586,003-746494,Valeria Leon,Deposito,369.43,2026-04-05,17:09:11,Aprobada
TX-006587,006-769719,Elena Vargas,Transferencia,12609.60,2026-06-18,10:34:25,Observada
TX-006588,002-364850,Valeria Leon,Deposito,3517.43,2026-03-28,08:41:17,Rechazada
TX-006589,002-623885,Rosa Herrera,Transferencia,3828.32,2026-08-12,06:33:32,Pendiente
TX-006590,006-367877,Fernando Diaz,Transferencia,2568.86,2026-12-23,22:43:40,Anulada
TX-006591,003-406925,Rosa Herrera,Retiro,2357.65,2026-11-15,17:22:56,Rechazada
TX-006592,009-804091,Elena Vargas,Transferencia,5354.50,2026-09-11,19:45:53,Rechazada
TX-006593,001-633736,Diego Flores,Deposito,2088.99,2026-11-25,01:34:33,Observada
TX-006594,007-674140,Ana Torres,Transferencia,14583.12,2026-03-03,07:56:46,Observada
TX-006595,007-274320,Pedro Castillo,Transferencia,12767.05,2026-10-22,20:39:46,Aprobada
TX-006596,008-872454,Carlos Perez,Retiro,4185.58,2026-12-23,12:44:27,Anulada
TX-006597,002-342938,Elena Vargas,Deposito,3586.76,2026-04-06,22:48:40,Rechazada
TX-006598,006-148053,Fernando Diaz,Retiro,7300.30,2026-08-22,03:42:20,Observada
TX-006599,003-926620,Carlos Perez,Retiro,7592.37,2026-04-20,09:46:09,Pendiente
TX-006600,001-895536,Elena Vargas,Retiro,7232.65,2026-06-02,14:52:55,Pendiente
TX-006601,005-320711,Diego Flores,Deposito,2323.85,2026-10-12,00:36:14,Anulada
TX-006602,006-873196,Valeria Leon,Transferencia,2874.25,2026-01-11,05:08:17,Anulada
TX-006603,007-771681,Lucia Vega,Transferencia,4319.36,2026-06-09,19:07:44,Rechazada
TX-006604,003-719480,Camila Ruiz,Transferencia,7734.98,2026-11-12,09:40:37,Aprobada
TX-006605,006-160005,Rosa Herrera,Deposito,14060.93,2026-07-18,12:20:01,Observada
TX-006606,002-450832,Diego Flores,Transferencia,12545.65,2026-02-15,19:04:46,Anulada
TX-006607,003-321672,Jorge Medina,PagoServicio,2564.23,2026-01-24,01:13:05,Anulada
TX-006608,001-606779,Lucia Vega,Deposito,3864.76,2026-08-11,07:02:29,Rechazada
TX-006609,002-825420,Luis Ramos,PagoServicio,1881.86,2026-12-31,22:13:18,Pendiente
TX-006610,001-130998,Carlos Perez,Deposito,5354.61,2026-07-25,00:08:08,Anulada
TX-006611,005-655700,Sofia Rojas,Deposito,10116.38,2026-07-09,00:57:47,Rechazada
TX-006612,008-408041,Rosa Herrera,Deposito,8987.14,2026-06-07,05:34:51,Observada
TX-006613,001-563977,Maria Soto,Retiro,5912.43,2026-10-11,08:28:10,Aprobada
TX-006614,005-992549,Elena Vargas,PagoServicio,3957.11,2026-02-27,11:16:17,Aprobada
TX-006615,009-210754,Valeria Leon,Transferencia,2902.48,2026-07-20,16:32:01,Anulada
TX-006616,004-625410,Camila Ruiz,Retiro,5340.30,2026-11-30,01:17:53,Rechazada
TX-006617,009-811333,Diego Flores,Deposito,81.16,2026-03-25,20:45:12,Anulada
TX-006618,004-911298,Pedro Castillo,Transferencia,6038.29,2026-02-23,02:26:16,Observada
TX-006619,006-606620,Jorge Medina,Deposito,1994.66,2026-12-23,12:40:14,Observada
TX-006620,007-687872,Lucia Vega,Transferencia,3263.26,2026-10-15,14:34:06,Aprobada
TX-006621,007-305833,Sofia Rojas,PagoServicio,7853.36,2026-06-28,14:53:19,Pendiente
TX-006622,003-374333,Miguel Castro,Transferencia,3734.92,2026-04-05,19:13:12,Observada
TX-006623,007-380632,Maria Soto,Retiro,11340.43,2026-03-27,12:32:21,Aprobada
TX-006624,004-754435,Rosa Herrera,Deposito,3612.54,2026-05-23,09:50:40,Rechazada
TX-006625,007-143795,Valeria Leon,Deposito,2831.21,2026-08-22,01:13:34,Anulada
TX-006626,008-348239,Lucia Vega,Transferencia,1403.95,2026-04-09,15:04:05,Anulada
TX-006627,008-976365,Fernando Diaz,Deposito,6834.90,2026-05-08,18:54:15,Pendiente
TX-006628,008-311503,Camila Ruiz,PagoServicio,12844.65,2026-01-15,08:18:52,Pendiente
TX-006629,001-703899,Sofia Rojas,PagoServicio,8014.80,2026-08-23,05:48:31,Pendiente
TX-006630,006-962852,Rosa Herrera,PagoServicio,14650.17,2026-05-11,15:24:02,Anulada
TX-006631,008-572613,Carlos Perez,PagoServicio,1420.44,2026-12-27,23:13:39,Aprobada
TX-006632,004-910879,Camila Ruiz,Deposito,328.34,2026-07-02,14:02:27,Rechazada
TX-006633,007-667735,Elena Vargas,Transferencia,13838.47,2026-07-21,12:23:38,Aprobada
TX-006634,005-949721,Luis Ramos,PagoServicio,14495.98,2026-05-02,20:33:41,Observada
TX-006635,005-325000,Ana Torres,PagoServicio,12833.75,2026-12-21,03:35:40,Rechazada
TX-006636,002-817963,Valeria Leon,PagoServicio,9929.72,2026-11-08,10:01:52,Aprobada
TX-006637,007-704161,Diego Flores,Transferencia,5814.21,2026-07-16,15:03:48,Observada
TX-006638,003-342849,Sofia Rojas,Retiro,4629.96,2026-01-28,05:47:33,Aprobada
TX-006639,001-376499,Valeria Leon,Deposito,6600.41,2026-08-04,21:39:32,Observada
TX-006640,008-215738,Maria Soto,PagoServicio,4922.10,2026-07-05,06:31:51,Rechazada
TX-006641,009-972326,Luis Ramos,Retiro,12616.84,2026-08-16,21:48:22,Aprobada
TX-006642,003-990761,Jorge Medina,Deposito,13677.83,2026-03-05,22:13:43,Pendiente
TX-006643,002-754857,Elena Vargas,PagoServicio,397.24,2026-07-25,18:21:24,Pendiente
TX-006644,002-853970,Fernando Diaz,Deposito,10164.03,2026-08-06,13:59:43,Pendiente
TX-006645,006-302690,Jorge Medina,Retiro,935.06,2026-11-05,16:04:51,Pendiente
TX-006646,004-577870,Elena Vargas,PagoServicio,3056.00,2026-07-25,16:20:39,Pendiente
TX-006647,006-692954,Sofia Rojas,PagoServicio,336.76,2026-11-16,01:41:05,Aprobada
TX-006648,007-887874,Diego Flores,Deposito,3836.48,2026-10-03,17:33:09,Aprobada
TX-006649,005-886153,Lucia Vega,Transferencia,81.62,2026-10-17,20:27:00,Pendiente
TX-006650,001-922444,Jorge Medina,Deposito,6160.36,2026-02-27,20:45:15,Rechazada
TX-006651,002-153389,Fernando Diaz,PagoServicio,4692.11,2026-10-29,04:12:01,Aprobada
TX-006652,008-906072,Diego Flores,PagoServicio,2392.01,2026-06-09,15:57:15,Anulada
TX-006653,003-285036,Fernando Diaz,Deposito,11239.88,2026-04-29,15:30:16,Rechazada
TX-006654,008-316145,Fernando Diaz,Deposito,3886.76,2026-08-17,14:59:30,Observada
TX-006655,003-493041,Luis Ramos,PagoServicio,10347.91,2026-11-12,12:33:44,Observada
TX-006656,007-761724,Miguel Castro,Deposito,14876.90,2026-06-22,23:00:48,Pendiente
TX-006657,009-976412,Jorge Medina,Retiro,14321.70,2026-07-08,02:08:33,Aprobada
TX-006658,001-980287,Fernando Diaz,Deposito,2820.84,2026-08-16,22:56:58,Rechazada
TX-006659,006-779015,Fernando Diaz,Transferencia,11943.46,2026-09-27,05:06:37,Observada
TX-006660,008-226219,Valeria Leon,Deposito,2933.64,2026-06-05,20:24:25,Aprobada
TX-006661,002-598560,Lucia Vega,Retiro,10512.59,2026-04-10,21:08:16,Aprobada
TX-006662,003-467205,Sofia Rojas,Transferencia,710.65,2026-02-16,23:01:58,Rechazada
TX-006663,002-528876,Camila Ruiz,PagoServicio,12702.37,2026-06-30,12:41:58,Pendiente
TX-006664,003-603627,Rosa Herrera,Transferencia,6572.90,2026-03-02,11:41:27,Observada
TX-006665,008-207569,Jorge Medina,PagoServicio,3202.73,2026-05-07,12:37:54,Aprobada
TX-006666,007-935460,Rosa Herrera,Deposito,2684.93,2026-09-28,09:59:33,Observada
TX-006667,003-697132,Fernando Diaz,Transferencia,10316.44,2026-03-23,19:29:10,Anulada
TX-006668,009-759632,Luis Ramos,PagoServicio,13627.62,2026-06-08,03:24:01,Observada
TX-006669,007-242075,Elena Vargas,Retiro,12724.31,2026-06-20,06:12:48,Aprobada
TX-006670,003-874103,Pedro Castillo,Deposito,3706.15,2026-01-28,21:48:28,Observada
TX-006671,004-702463,Luis Ramos,Deposito,7659.02,2026-06-13,12:04:36,Pendiente
TX-006672,008-232236,Pedro Castillo,PagoServicio,822.14,2026-04-20,19:30:42,Observada
TX-006673,008-637261,Maria Soto,Transferencia,10233.98,2026-06-19,06:17:39,Anulada
TX-006674,001-509763,Fernando Diaz,Transferencia,4810.88,2026-11-05,22:57:45,Pendiente
TX-006675,001-795335,Miguel Castro,Retiro,5899.14,2026-01-26,02:44:18,Rechazada
TX-006676,005-130945,Fernando Diaz,PagoServicio,3404.26,2026-12-02,23:39:56,Rechazada
TX-006677,003-931482,Rosa Herrera,Transferencia,12234.90,2026-10-04,14:18:26,Observada
TX-006678,007-560380,Sofia Rojas,PagoServicio,14552.41,2026-04-22,06:15:08,Aprobada
TX-006679,006-345693,Fernando Diaz,Retiro,4172.97,2026-09-01,14:01:11,Aprobada
TX-006680,007-692651,Lucia Vega,Retiro,5030.75,2026-09-30,08:21:32,Rechazada
TX-006681,009-881623,Sofia Rojas,Transferencia,7000.76,2026-09-16,11:11:02,Aprobada
TX-006682,006-680932,Elena Vargas,Transferencia,3604.01,2026-07-21,16:10:10,Aprobada
TX-006683,006-575093,Carlos Perez,Retiro,1745.01,2026-05-27,20:44:37,Observada
TX-006684,009-893990,Elena Vargas,PagoServicio,4456.22,2026-05-10,00:46:48,Pendiente
TX-006685,003-528617,Luis Ramos,Deposito,1795.95,2026-06-21,01:27:15,Aprobada
TX-006686,006-797926,Pedro Castillo,PagoServicio,135.90,2026-03-02,18:07:19,Anulada
TX-006687,006-137872,Valeria Leon,PagoServicio,7978.72,2026-12-12,10:35:18,Pendiente
TX-006688,005-197108,Maria Soto,Retiro,5161.66,2026-09-19,14:41:19,Anulada
TX-006689,009-717953,Sofia Rojas,Retiro,13992.33,2026-05-04,11:38:12,Anulada
TX-006690,007-725687,Maria Soto,PagoServicio,3705.17,2026-06-17,08:08:41,Aprobada
TX-006691,001-501474,Camila Ruiz,Retiro,5027.55,2026-05-15,07:26:53,Aprobada
TX-006692,006-191637,Jorge Medina,PagoServicio,10424.86,2026-05-22,01:33:50,Aprobada
TX-006693,004-597677,Elena Vargas,Deposito,8823.54,2026-03-26,14:47:06,Aprobada
TX-006694,003-576412,Rosa Herrera,Retiro,4014.10,2026-12-04,05:09:37,Pendiente
TX-006695,006-655703,Camila Ruiz,Transferencia,10038.88,2026-08-31,11:56:41,Observada
TX-006696,007-821124,Maria Soto,Transferencia,2968.42,2026-04-15,09:48:41,Observada
TX-006697,002-515981,Lucia Vega,PagoServicio,1163.41,2026-02-27,17:57:23,Observada
TX-006698,006-360320,Maria Soto,Retiro,1921.32,2026-09-20,04:50:02,Pendiente
TX-006699,008-141026,Fernando Diaz,Transferencia,14703.57,2026-01-01,22:28:22,Aprobada
TX-006700,005-653674,Fernando Diaz,Transferencia,2525.68,2026-10-07,19:55:52,Observada
TX-006701,002-745318,Valeria Leon,Deposito,662.97,2026-11-23,06:01:48,Anulada
TX-006702,005-358220,Jorge Medina,Deposito,8311.51,2026-10-24,19:52:37,Aprobada
TX-006703,003-521370,Valeria Leon,Transferencia,7318.13,2026-12-26,14:30:18,Anulada
TX-006704,004-108688,Fernando Diaz,Transferencia,7822.72,2026-01-08,00:51:56,Pendiente
TX-006705,009-668160,Rosa Herrera,Transferencia,4952.21,2026-09-12,03:18:18,Anulada
TX-006706,001-673053,Luis Ramos,Deposito,251.02,2026-03-26,03:08:29,Pendiente
TX-006707,001-456428,Ana Torres,Transferencia,10426.22,2026-12-13,21:04:53,Aprobada
TX-006708,006-494951,Fernando Diaz,Retiro,5125.70,2026-09-07,03:53:26,Anulada
TX-006709,007-949722,Rosa Herrera,Transferencia,9525.11,2026-02-11,00:50:05,Rechazada
TX-006710,002-201935,Sofia Rojas,PagoServicio,8530.25,2026-06-12,08:13:33,Aprobada
TX-006711,003-767283,Luis Ramos,Retiro,13689.73,2026-12-08,19:06:28,Pendiente
TX-006712,007-569780,Miguel Castro,PagoServicio,11638.94,2026-02-25,23:55:01,Anulada
TX-006713,002-256271,Fernando Diaz,Deposito,8494.07,2026-12-02,12:35:52,Rechazada
TX-006714,007-915085,Maria Soto,Transferencia,6860.99,2026-11-11,01:52:13,Pendiente
TX-006715,009-963590,Valeria Leon,Deposito,8775.97,2026-09-26,01:31:29,Pendiente
TX-006716,002-988390,Maria Soto,PagoServicio,77.45,2026-08-13,18:06:24,Rechazada
TX-006717,001-356577,Carlos Perez,Transferencia,10862.67,2026-04-11,20:44:02,Observada
TX-006718,006-537521,Camila Ruiz,Deposito,7436.59,2026-12-17,02:39:00,Aprobada
TX-006719,007-509723,Pedro Castillo,PagoServicio,12760.81,2026-12-23,21:51:39,Anulada
TX-006720,002-321335,Ana Torres,Deposito,14699.80,2026-08-31,04:34:31,Pendiente
TX-006721,001-417934,Carlos Perez,PagoServicio,4367.62,2026-02-09,00:02:49,Observada
TX-006722,005-468794,Ana Torres,PagoServicio,2171.08,2026-10-09,05:11:39,Anulada
TX-006723,006-299261,Rosa Herrera,Retiro,11535.26,2026-11-25,22:47:50,Rechazada
TX-006724,001-594680,Maria Soto,Deposito,13401.25,2026-08-03,14:27:21,Observada
TX-006725,007-367044,Luis Ramos,Retiro,6204.18,2026-12-13,15:38:19,Rechazada
TX-006726,006-954320,Miguel Castro,Deposito,7355.21,2026-05-05,12:09:39,Anulada
TX-006727,007-224329,Valeria Leon,Transferencia,10320.56,2026-11-29,03:25:10,Anulada
TX-006728,004-704618,Carlos Perez,Deposito,13268.84,2026-01-15,00:49:08,Anulada
TX-006729,004-486917,Lucia Vega,Deposito,12607.58,2026-09-20,06:31:17,Observada
TX-006730,009-656165,Pedro Castillo,Transferencia,8846.77,2026-01-06,21:27:57,Observada
TX-006731,007-491003,Sofia Rojas,Retiro,2674.92,2026-09-15,23:45:44,Anulada
TX-006732,007-949593,Maria Soto,PagoServicio,6539.51,2026-03-05,09:26:16,Rechazada
TX-006733,004-534443,Valeria Leon,Retiro,1252.79,2026-03-09,13:57:28,Observada
TX-006734,006-341902,Elena Vargas,Deposito,1850.26,2026-03-21,22:45:26,Anulada
TX-006735,006-455692,Camila Ruiz,PagoServicio,12527.06,2026-11-15,22:03:16,Aprobada
TX-006736,003-921480,Elena Vargas,Retiro,13411.32,2026-01-07,21:25:21,Aprobada
TX-006737,008-621282,Luis Ramos,Transferencia,6313.22,2026-08-08,01:07:32,Pendiente
TX-006738,006-118591,Maria Soto,PagoServicio,9911.50,2026-08-10,21:45:29,Pendiente
TX-006739,005-576925,Carlos Perez,Deposito,10007.52,2026-04-18,19:10:02,Aprobada
TX-006740,005-830351,Carlos Perez,Transferencia,469.45,2026-03-26,06:14:08,Rechazada
TX-006741,004-871705,Fernando Diaz,Transferencia,12406.48,2026-06-17,10:55:22,Observada
TX-006742,008-998362,Diego Flores,Transferencia,13327.65,2026-06-13,21:35:35,Observada
TX-006743,005-593558,Jorge Medina,Retiro,11269.83,2026-10-04,16:19:58,Aprobada
TX-006744,002-794018,Miguel Castro,Transferencia,4436.18,2026-08-03,02:31:40,Rechazada
TX-006745,009-362482,Carlos Perez,PagoServicio,12694.30,2026-03-09,08:21:48,Observada
TX-006746,001-930844,Luis Ramos,PagoServicio,7036.94,2026-07-04,17:38:23,Anulada
TX-006747,006-775650,Carlos Perez,Retiro,12998.56,2026-10-18,02:18:43,Pendiente
TX-006748,003-239723,Pedro Castillo,Retiro,8876.18,2026-08-28,05:12:45,Rechazada
TX-006749,003-376486,Maria Soto,Deposito,13277.24,2026-07-11,06:48:01,Observada
TX-006750,008-907364,Maria Soto,PagoServicio,6848.25,2026-05-21,15:07:41,Observada
TX-006751,006-150228,Maria Soto,Transferencia,9878.96,2026-07-22,09:37:01,Anulada
TX-006752,006-295770,Luis Ramos,Transferencia,14035.91,2026-04-20,12:11:20,Anulada
TX-006753,005-552959,Ana Torres,Retiro,10667.52,2026-03-15,15:14:27,Anulada
TX-006754,004-710728,Miguel Castro,PagoServicio,10675.45,2026-07-27,11:23:13,Observada
TX-006755,009-972609,Valeria Leon,Deposito,2653.43,2026-11-01,09:16:23,Aprobada
TX-006756,005-584569,Pedro Castillo,Retiro,5533.91,2026-07-15,08:00:24,Anulada
TX-006757,005-568791,Rosa Herrera,PagoServicio,849.11,2026-05-29,20:47:23,Anulada
TX-006758,004-815621,Diego Flores,Retiro,7898.11,2026-04-04,17:31:02,Rechazada
TX-006759,001-257510,Elena Vargas,Deposito,4664.19,2026-02-01,12:58:03,Observada
TX-006760,008-720812,Lucia Vega,PagoServicio,11194.50,2026-06-22,20:41:03,Observada
TX-006761,009-796785,Rosa Herrera,Transferencia,7802.06,2026-10-23,19:41:30,Anulada
TX-006762,009-925644,Sofia Rojas,Retiro,10766.51,2026-10-17,19:56:52,Aprobada
TX-006763,004-702083,Pedro Castillo,Deposito,11706.22,2026-05-08,09:27:25,Anulada
TX-006764,003-838473,Luis Ramos,Transferencia,10688.01,2026-05-11,05:22:17,Observada
TX-006765,003-340812,Camila Ruiz,Deposito,14418.89,2026-01-21,01:29:50,Aprobada
TX-006766,005-583001,Carlos Perez,PagoServicio,7316.36,2026-06-14,02:10:12,Rechazada
TX-006767,007-807457,Carlos Perez,PagoServicio,13251.28,2026-05-18,02:56:13,Pendiente
TX-006768,008-811947,Jorge Medina,Transferencia,10622.92,2026-08-04,03:14:14,Rechazada
TX-006769,003-121312,Ana Torres,Transferencia,358.39,2026-01-12,17:05:43,Aprobada
TX-006770,005-286547,Valeria Leon,PagoServicio,10020.40,2026-08-20,12:31:34,Aprobada
TX-006771,007-291055,Pedro Castillo,Transferencia,4833.95,2026-05-06,13:57:42,Anulada
TX-006772,006-212910,Lucia Vega,Transferencia,8480.29,2026-06-04,09:19:38,Observada
TX-006773,002-763189,Fernando Diaz,Transferencia,9960.36,2026-01-04,01:50:38,Aprobada
TX-006774,005-761821,Pedro Castillo,PagoServicio,13504.16,2026-04-16,23:35:11,Rechazada
TX-006775,003-607270,Miguel Castro,Deposito,13149.78,2026-10-07,21:22:35,Anulada
TX-006776,007-544112,Pedro Castillo,Retiro,9291.16,2026-11-13,22:43:03,Anulada
TX-006777,004-994939,Ana Torres,Deposito,1733.36,2026-02-18,06:32:13,Anulada
TX-006778,008-262831,Fernando Diaz,Deposito,968.55,2026-09-11,10:03:56,Rechazada
TX-006779,005-315662,Rosa Herrera,Retiro,4919.92,2026-06-17,18:42:46,Observada
TX-006780,006-808326,Jorge Medina,PagoServicio,7470.62,2026-03-24,14:16:58,Pendiente
TX-006781,003-506850,Rosa Herrera,Deposito,7985.17,2026-07-07,05:33:29,Pendiente
TX-006782,001-316863,Camila Ruiz,Transferencia,146.04,2026-10-03,07:02:53,Anulada
TX-006783,008-728375,Luis Ramos,Deposito,25.13,2026-12-21,08:45:27,Observada
TX-006784,002-760129,Elena Vargas,Retiro,13013.10,2026-01-12,14:11:08,Observada
TX-006785,002-792439,Diego Flores,Transferencia,7225.73,2026-04-13,14:31:35,Observada
TX-006786,007-842372,Sofia Rojas,PagoServicio,12489.55,2026-04-17,00:04:18,Observada
TX-006787,003-932207,Miguel Castro,Transferencia,6897.36,2026-10-19,13:01:07,Rechazada
TX-006788,005-905355,Carlos Perez,Deposito,5856.82,2026-07-14,08:33:02,Rechazada
TX-006789,001-328614,Maria Soto,Deposito,11359.95,2026-05-31,05:46:18,Anulada
TX-006790,006-849866,Maria Soto,Deposito,4895.61,2026-06-23,00:15:39,Observada
TX-006791,008-316929,Pedro Castillo,Transferencia,7123.49,2026-08-06,13:46:41,Aprobada
TX-006792,001-793304,Jorge Medina,Retiro,7843.65,2026-03-28,23:48:24,Anulada
TX-006793,005-951121,Jorge Medina,PagoServicio,4027.76,2026-10-09,23:01:03,Observada
TX-006794,002-292323,Camila Ruiz,PagoServicio,1331.63,2026-08-25,15:57:22,Anulada
TX-006795,004-788139,Sofia Rojas,Retiro,1618.68,2026-08-11,13:46:41,Observada
TX-006796,003-562838,Pedro Castillo,PagoServicio,10473.56,2026-04-10,06:59:06,Rechazada
TX-006797,001-711391,Pedro Castillo,Transferencia,9446.91,2026-11-21,23:54:35,Pendiente
TX-006798,007-520372,Carlos Perez,Transferencia,934.35,2026-06-02,23:05:36,Rechazada
TX-006799,007-252141,Fernando Diaz,Transferencia,11890.21,2026-01-21,21:36:35,Pendiente
TX-006800,002-507729,Lucia Vega,Transferencia,6685.54,2026-06-29,13:08:23,Aprobada
TX-006801,005-980044,Elena Vargas,Transferencia,1365.18,2026-10-15,17:38:51,Pendiente
TX-006802,004-821238,Fernando Diaz,PagoServicio,11231.88,2026-09-18,12:32:44,Rechazada
TX-006803,007-482615,Elena Vargas,Retiro,7246.13,2026-09-02,03:03:26,Rechazada
TX-006804,006-708955,Fernando Diaz,PagoServicio,6615.59,2026-07-02,01:39:21,Aprobada
TX-006805,006-478055,Lucia Vega,Transferencia,7118.31,2026-03-12,17:43:56,Anulada
TX-006806,007-738566,Rosa Herrera,Transferencia,4891.61,2026-10-01,07:55:14,Anulada
TX-006807,003-962026,Jorge Medina,Transferencia,753.89,2026-02-19,10:27:07,Anulada
TX-006808,004-327426,Rosa Herrera,Transferencia,3190.05,2026-02-19,23:29:05,Observada
TX-006809,009-699710,Carlos Perez,PagoServicio,12232.41,2026-06-13,09:08:16,Aprobada
TX-006810,003-167463,Carlos Perez,PagoServicio,11370.09,2026-11-24,21:30:21,Anulada
TX-006811,005-179421,Pedro Castillo,PagoServicio,7235.62,2026-09-27,04:59:09,Rechazada
TX-006812,002-651866,Lucia Vega,Retiro,10508.77,2026-09-08,22:31:51,Pendiente
TX-006813,002-857526,Diego Flores,Deposito,11949.49,2026-10-20,09:25:38,Aprobada
TX-006814,008-556899,Camila Ruiz,Deposito,5046.59,2026-08-22,00:43:31,Rechazada
TX-006815,003-330806,Fernando Diaz,Deposito,5429.35,2026-02-20,08:23:20,Anulada
TX-006816,006-683398,Jorge Medina,Transferencia,13045.70,2026-12-15,20:17:27,Observada
TX-006817,004-106020,Rosa Herrera,Retiro,11519.00,2026-08-01,09:49:53,Rechazada
TX-006818,004-936111,Carlos Perez,Deposito,14258.36,2026-07-30,22:41:28,Observada
TX-006819,009-742217,Jorge Medina,Transferencia,5624.72,2026-12-14,02:33:58,Rechazada
TX-006820,006-941828,Elena Vargas,PagoServicio,4511.81,2026-03-02,20:04:17,Observada
TX-006821,009-796452,Lucia Vega,PagoServicio,3998.58,2026-04-18,13:38:43,Pendiente
TX-006822,006-135471,Jorge Medina,Retiro,13454.03,2026-04-06,07:11:47,Aprobada
TX-006823,001-228873,Valeria Leon,Deposito,10892.36,2026-01-20,03:19:31,Anulada
TX-006824,009-151503,Elena Vargas,PagoServicio,4748.22,2026-10-15,09:37:19,Pendiente
TX-006825,006-886607,Ana Torres,Deposito,8148.62,2026-09-10,15:11:43,Aprobada
TX-006826,006-655514,Ana Torres,Transferencia,32.61,2026-12-18,06:21:47,Anulada
TX-006827,007-610113,Diego Flores,PagoServicio,12057.70,2026-04-11,23:19:37,Pendiente
TX-006828,008-556384,Luis Ramos,Retiro,6703.59,2026-11-12,02:02:30,Anulada
TX-006829,007-495237,Carlos Perez,PagoServicio,11789.23,2026-04-25,19:54:40,Observada
TX-006830,006-354003,Elena Vargas,Retiro,3517.21,2026-11-14,09:12:55,Observada
TX-006831,008-389933,Fernando Diaz,PagoServicio,14611.26,2026-03-19,03:23:28,Observada
TX-006832,003-263805,Rosa Herrera,PagoServicio,13798.96,2026-03-08,03:01:04,Anulada
TX-006833,002-746060,Elena Vargas,Transferencia,5180.47,2026-03-12,10:00:28,Rechazada
TX-006834,008-404265,Carlos Perez,PagoServicio,3680.66,2026-05-02,15:26:46,Aprobada
TX-006835,006-272584,Luis Ramos,Deposito,140.01,2026-12-19,17:49:06,Aprobada
TX-006836,005-596226,Maria Soto,PagoServicio,406.05,2026-07-05,17:09:20,Anulada
TX-006837,007-271804,Diego Flores,Transferencia,4052.52,2026-08-17,03:52:48,Observada
TX-006838,008-347718,Sofia Rojas,PagoServicio,250.96,2026-07-26,20:30:04,Pendiente
TX-006839,002-735959,Valeria Leon,Transferencia,6591.86,2026-04-26,17:55:26,Observada
TX-006840,004-507756,Sofia Rojas,Deposito,3082.74,2026-06-21,08:28:17,Anulada
TX-006841,009-467079,Valeria Leon,PagoServicio,12095.52,2026-07-16,11:56:13,Anulada
TX-006842,006-786376,Miguel Castro,Deposito,6795.72,2026-04-06,01:08:41,Aprobada
TX-006843,009-365463,Lucia Vega,Deposito,14371.86,2026-10-08,16:43:58,Anulada
TX-006844,007-167654,Elena Vargas,PagoServicio,3654.94,2026-08-08,05:24:00,Pendiente
TX-006845,003-455412,Jorge Medina,Deposito,7167.30,2026-07-07,17:21:31,Pendiente
TX-006846,004-559893,Camila Ruiz,Retiro,1199.59,2026-03-28,07:36:51,Anulada
TX-006847,005-640240,Jorge Medina,PagoServicio,5544.17,2026-12-17,11:34:51,Aprobada
TX-006848,002-674918,Rosa Herrera,PagoServicio,4988.33,2026-07-11,09:00:29,Anulada
TX-006849,009-989552,Carlos Perez,Retiro,10959.77,2026-11-13,02:48:13,Anulada
TX-006850,001-770302,Rosa Herrera,Transferencia,13772.99,2026-05-06,16:59:05,Anulada
TX-006851,001-435218,Lucia Vega,Deposito,11094.19,2026-06-20,03:51:19,Rechazada
TX-006852,007-437730,Valeria Leon,Deposito,4272.89,2026-05-06,06:06:05,Anulada
TX-006853,002-699421,Carlos Perez,Deposito,4550.72,2026-03-13,19:26:03,Pendiente
TX-006854,007-231790,Miguel Castro,PagoServicio,1556.20,2026-02-22,07:47:05,Rechazada
TX-006855,004-358959,Elena Vargas,Transferencia,11623.90,2026-10-24,07:41:57,Observada
TX-006856,006-348245,Carlos Perez,Deposito,13160.46,2026-03-17,15:11:35,Pendiente
TX-006857,008-429010,Elena Vargas,Transferencia,8559.12,2026-11-11,18:53:47,Rechazada
TX-006858,009-294934,Fernando Diaz,Transferencia,8920.22,2026-12-22,19:51:13,Aprobada
TX-006859,009-613893,Valeria Leon,PagoServicio,11460.97,2026-05-07,07:14:15,Observada
TX-006860,009-783294,Miguel Castro,Retiro,11676.23,2026-11-02,13:13:08,Observada
TX-006861,004-587660,Miguel Castro,PagoServicio,3720.79,2026-08-17,08:27:39,Observada
TX-006862,008-330154,Diego Flores,Retiro,13015.91,2026-11-25,09:02:17,Observada
TX-006863,007-128547,Diego Flores,PagoServicio,9863.63,2026-07-13,15:11:54,Anulada
TX-006864,006-451248,Ana Torres,Transferencia,10294.91,2026-04-24,12:46:21,Pendiente
TX-006865,006-793905,Ana Torres,PagoServicio,10566.80,2026-08-22,06:00:38,Observada
TX-006866,003-739418,Elena Vargas,Transferencia,10297.17,2026-01-07,16:28:51,Observada
TX-006867,004-845191,Maria Soto,Retiro,6077.37,2026-02-27,08:48:58,Observada
TX-006868,009-266030,Pedro Castillo,Deposito,5793.31,2026-01-07,02:19:53,Pendiente
TX-006869,005-803291,Luis Ramos,Deposito,6386.07,2026-02-17,00:25:34,Aprobada
TX-006870,008-563551,Pedro Castillo,Retiro,8764.96,2026-11-23,06:55:01,Observada
TX-006871,003-391463,Rosa Herrera,Deposito,8308.70,2026-10-06,07:55:16,Anulada
TX-006872,009-582715,Camila Ruiz,Transferencia,14733.46,2026-09-18,16:33:45,Anulada
TX-006873,005-107493,Jorge Medina,Deposito,10680.48,2026-10-25,00:35:07,Rechazada
TX-006874,009-945586,Ana Torres,Deposito,2944.99,2026-06-02,04:36:26,Pendiente
TX-006875,008-248829,Sofia Rojas,Retiro,13057.71,2026-05-25,01:34:42,Aprobada
TX-006876,008-876743,Fernando Diaz,Transferencia,5244.52,2026-11-06,17:16:41,Rechazada
TX-006877,001-528601,Diego Flores,PagoServicio,6732.03,2026-01-26,04:13:14,Rechazada
TX-006878,009-211943,Pedro Castillo,PagoServicio,8217.17,2026-08-03,16:22:56,Observada
TX-006879,001-968162,Elena Vargas,Retiro,7257.74,2026-07-22,05:12:51,Pendiente
TX-006880,004-571644,Diego Flores,Retiro,1683.47,2026-10-09,13:54:45,Anulada
TX-006881,003-425247,Luis Ramos,Retiro,7102.28,2026-07-06,04:43:56,Rechazada
TX-006882,001-546802,Fernando Diaz,Retiro,8499.71,2026-11-18,21:41:38,Anulada
TX-006883,006-656473,Carlos Perez,Transferencia,6125.88,2026-04-12,06:52:17,Anulada
TX-006884,004-545699,Rosa Herrera,Transferencia,6356.54,2026-03-04,20:51:39,Rechazada
TX-006885,009-513837,Sofia Rojas,Deposito,10003.96,2026-01-18,20:04:44,Observada
TX-006886,008-604101,Pedro Castillo,Deposito,8466.19,2026-06-24,08:04:24,Rechazada
TX-006887,006-404727,Luis Ramos,Transferencia,4783.59,2026-10-17,08:22:11,Observada
TX-006888,008-790948,Maria Soto,Deposito,14658.54,2026-04-25,01:08:51,Aprobada
TX-006889,003-444152,Fernando Diaz,Transferencia,396.61,2026-07-29,22:33:59,Pendiente
TX-006890,006-654275,Jorge Medina,Retiro,3176.34,2026-07-08,03:13:21,Anulada
TX-006891,005-892798,Pedro Castillo,PagoServicio,9442.96,2026-01-19,01:05:07,Anulada
TX-006892,001-260344,Lucia Vega,Transferencia,256.08,2026-04-22,04:07:16,Aprobada
TX-006893,006-162146,Rosa Herrera,PagoServicio,11029.78,2026-12-30,15:07:47,Pendiente
TX-006894,004-222623,Sofia Rojas,PagoServicio,216.52,2026-09-18,15:15:50,Aprobada
TX-006895,007-903761,Camila Ruiz,Transferencia,1299.00,2026-09-04,16:36:17,Pendiente
TX-006896,007-557940,Luis Ramos,Retiro,9722.08,2026-01-07,11:09:04,Pendiente
TX-006897,008-795798,Camila Ruiz,Deposito,685.13,2026-01-17,02:10:02,Pendiente
TX-006898,006-678809,Lucia Vega,Transferencia,14234.96,2026-08-04,01:08:43,Anulada
TX-006899,003-236443,Camila Ruiz,PagoServicio,356.33,2026-12-06,11:34:43,Anulada
TX-006900,001-782431,Sofia Rojas,Deposito,9108.66,2026-04-30,12:26:34,Anulada
TX-006901,004-448162,Sofia Rojas,Deposito,11089.14,2026-11-28,00:00:35,Anulada
TX-006902,001-810668,Carlos Perez,PagoServicio,3175.37,2026-03-26,11:34:05,Observada
TX-006903,005-610906,Maria Soto,Retiro,4572.98,2026-05-07,07:09:11,Anulada
TX-006904,002-608049,Ana Torres,Retiro,3543.33,2026-01-26,02:18:56,Pendiente
TX-006905,003-373295,Lucia Vega,PagoServicio,6026.65,2026-04-07,05:31:15,Anulada
TX-006906,001-907837,Ana Torres,Transferencia,3905.15,2026-03-24,05:21:45,Anulada
TX-006907,009-119061,Lucia Vega,PagoServicio,7442.27,2026-03-06,08:35:32,Pendiente
TX-006908,002-416241,Ana Torres,PagoServicio,1651.25,2026-06-19,22:04:34,Aprobada
TX-006909,009-569570,Carlos Perez,Transferencia,7472.27,2026-01-06,09:39:56,Anulada
TX-006910,009-221326,Elena Vargas,PagoServicio,14544.80,2026-07-27,02:45:17,Anulada
TX-006911,002-333704,Elena Vargas,Transferencia,3455.04,2026-09-01,09:19:48,Anulada
TX-006912,005-498173,Diego Flores,Transferencia,10193.66,2026-08-02,09:51:33,Aprobada
TX-006913,006-157303,Luis Ramos,PagoServicio,3793.21,2026-04-12,09:42:45,Observada
TX-006914,007-260919,Pedro Castillo,PagoServicio,3482.20,2026-03-02,02:43:28,Pendiente
TX-006915,004-542188,Luis Ramos,Retiro,6626.21,2026-08-19,11:51:27,Anulada
TX-006916,008-513833,Maria Soto,Retiro,11801.62,2026-12-11,05:39:11,Anulada
TX-006917,006-622370,Rosa Herrera,Deposito,7329.35,2026-05-22,07:25:14,Aprobada
TX-006918,009-162838,Camila Ruiz,PagoServicio,1804.80,2026-12-17,23:29:46,Rechazada
TX-006919,004-193901,Rosa Herrera,Deposito,11612.36,2026-02-06,12:35:17,Observada
TX-006920,001-391236,Maria Soto,PagoServicio,14067.96,2026-11-18,03:59:59,Aprobada
TX-006921,005-974802,Elena Vargas,Deposito,6722.48,2026-12-15,05:25:28,Observada
TX-006922,006-138683,Miguel Castro,Deposito,3944.76,2026-02-10,16:42:08,Pendiente
TX-006923,003-551034,Lucia Vega,Deposito,14528.50,2026-09-22,22:26:42,Anulada
TX-006924,003-728721,Elena Vargas,PagoServicio,11080.72,2026-04-21,23:54:33,Pendiente
TX-006925,005-190503,Camila Ruiz,Transferencia,12530.01,2026-12-28,23:07:08,Observada
TX-006926,009-146700,Lucia Vega,PagoServicio,12429.08,2026-02-22,10:38:09,Aprobada
TX-006927,004-949959,Valeria Leon,Retiro,6669.21,2026-08-19,18:37:09,Observada
TX-006928,006-871691,Maria Soto,Deposito,13485.33,2026-11-14,04:40:55,Observada
TX-006929,007-102548,Fernando Diaz,PagoServicio,4226.96,2026-09-20,11:35:52,Aprobada
TX-006930,005-557764,Lucia Vega,Deposito,61.00,2026-03-08,03:50:31,Observada
TX-006931,002-299580,Pedro Castillo,Retiro,4243.40,2026-05-07,10:20:45,Pendiente
TX-006932,006-504107,Luis Ramos,Retiro,2159.24,2026-06-17,02:08:58,Rechazada
TX-006933,002-317916,Valeria Leon,Deposito,14083.42,2026-12-02,04:34:10,Pendiente
TX-006934,006-175910,Miguel Castro,Transferencia,8638.84,2026-05-17,12:53:27,Pendiente
TX-006935,003-758956,Pedro Castillo,Retiro,12995.41,2026-05-12,18:12:40,Aprobada
TX-006936,006-521488,Elena Vargas,Transferencia,7663.20,2026-04-17,08:39:25,Anulada
TX-006937,003-830987,Ana Torres,PagoServicio,2353.75,2026-01-28,21:25:10,Rechazada
TX-006938,007-297286,Carlos Perez,Deposito,498.96,2026-09-15,20:32:49,Rechazada
TX-006939,004-612452,Valeria Leon,Transferencia,11002.21,2026-04-07,09:40:38,Rechazada
TX-006940,007-592686,Maria Soto,PagoServicio,3719.40,2026-03-02,01:27:05,Observada
TX-006941,003-570627,Jorge Medina,PagoServicio,6590.10,2026-06-18,17:03:46,Anulada
TX-006942,006-631218,Rosa Herrera,Transferencia,8713.71,2026-11-24,23:31:52,Pendiente
TX-006943,007-663534,Jorge Medina,PagoServicio,11290.92,2026-08-15,15:15:54,Rechazada
TX-006944,005-381528,Diego Flores,Retiro,11812.61,2026-03-20,03:49:22,Observada
TX-006945,008-463413,Camila Ruiz,PagoServicio,2363.18,2026-12-03,10:48:23,Observada
TX-006946,007-629146,Lucia Vega,Transferencia,13648.27,2026-05-09,06:56:13,Rechazada
TX-006947,007-780667,Sofia Rojas,PagoServicio,9696.04,2026-03-23,06:14:00,Rechazada
TX-006948,001-300686,Luis Ramos,PagoServicio,1860.40,2026-10-04,23:10:41,Rechazada
TX-006949,002-607157,Jorge Medina,Transferencia,5129.74,2026-04-28,10:38:17,Aprobada
TX-006950,004-681517,Camila Ruiz,Retiro,2849.28,2026-02-09,12:55:46,Pendiente
TX-006951,002-636966,Ana Torres,Transferencia,5976.22,2026-04-19,13:34:19,Anulada
TX-006952,001-265171,Carlos Perez,PagoServicio,2036.23,2026-01-23,15:35:31,Aprobada
TX-006953,004-625056,Valeria Leon,Deposito,14325.99,2026-01-28,22:44:27,Aprobada
TX-006954,006-389439,Rosa Herrera,Retiro,8454.88,2026-07-31,08:06:05,Aprobada
TX-006955,006-608231,Carlos Perez,Deposito,12138.70,2026-12-01,02:09:32,Pendiente
TX-006956,002-122532,Camila Ruiz,PagoServicio,11625.75,2026-01-05,18:45:26,Anulada
TX-006957,007-987128,Maria Soto,Retiro,10738.71,2026-05-18,04:12:52,Aprobada
TX-006958,005-516471,Ana Torres,Retiro,6161.87,2026-09-11,14:36:01,Rechazada
TX-006959,003-426043,Miguel Castro,PagoServicio,8287.40,2026-08-24,00:10:15,Rechazada
TX-006960,003-453255,Luis Ramos,Retiro,13033.69,2026-12-14,02:25:10,Observada
TX-006961,002-930550,Rosa Herrera,Retiro,5066.89,2026-06-11,11:38:25,Rechazada
TX-006962,002-163276,Valeria Leon,Deposito,507.16,2026-05-06,11:18:24,Observada
TX-006963,008-783263,Ana Torres,PagoServicio,2047.86,2026-08-27,21:24:47,Anulada
TX-006964,002-138975,Diego Flores,PagoServicio,9642.08,2026-03-13,10:24:10,Observada
TX-006965,009-514879,Sofia Rojas,Deposito,753.77,2026-07-27,03:38:17,Rechazada
TX-006966,007-679175,Luis Ramos,PagoServicio,8361.72,2026-11-11,09:18:33,Rechazada
TX-006967,002-405041,Ana Torres,PagoServicio,14307.73,2026-07-02,22:27:04,Rechazada
TX-006968,001-650978,Camila Ruiz,PagoServicio,1250.53,2026-04-19,23:08:04,Rechazada
TX-006969,001-304483,Diego Flores,Transferencia,9045.55,2026-03-02,05:12:22,Aprobada
TX-006970,001-457867,Miguel Castro,PagoServicio,2664.46,2026-11-06,04:06:34,Aprobada
TX-006971,008-107625,Camila Ruiz,Retiro,14774.36,2026-12-30,09:48:00,Pendiente
TX-006972,008-399280,Valeria Leon,Deposito,13393.26,2026-06-24,07:54:06,Anulada
TX-006973,009-851060,Valeria Leon,Retiro,956.03,2026-03-07,08:05:38,Observada
TX-006974,004-658837,Luis Ramos,Deposito,14089.88,2026-03-01,07:02:40,Anulada
TX-006975,004-281320,Maria Soto,PagoServicio,10062.61,2026-03-09,19:53:30,Pendiente
TX-006976,005-138978,Luis Ramos,Deposito,8893.96,2026-11-28,11:06:48,Rechazada
TX-006977,009-817157,Miguel Castro,Deposito,7344.65,2026-12-10,01:16:43,Pendiente
TX-006978,005-346126,Camila Ruiz,Transferencia,7592.84,2026-06-06,01:13:07,Pendiente
TX-006979,006-729307,Lucia Vega,PagoServicio,8195.71,2026-01-23,07:17:28,Observada
TX-006980,003-872219,Lucia Vega,PagoServicio,3258.11,2026-06-09,15:38:43,Anulada
TX-006981,009-353946,Jorge Medina,Deposito,5398.54,2026-09-05,23:29:07,Pendiente
TX-006982,001-393750,Miguel Castro,Deposito,8166.88,2026-07-29,14:01:08,Observada
TX-006983,006-140571,Ana Torres,PagoServicio,11217.68,2026-01-13,04:11:28,Anulada
TX-006984,001-867291,Carlos Perez,Transferencia,6662.57,2026-02-26,05:43:55,Aprobada
TX-006985,002-932149,Carlos Perez,Deposito,14870.74,2026-10-02,10:06:49,Anulada
TX-006986,001-396487,Carlos Perez,Retiro,3554.79,2026-11-10,02:11:16,Pendiente
TX-006987,007-708893,Sofia Rojas,Deposito,285.61,2026-01-19,22:29:04,Aprobada
TX-006988,005-525413,Ana Torres,Transferencia,13300.97,2026-09-20,23:45:27,Rechazada
TX-006989,004-442754,Maria Soto,Transferencia,12739.62,2026-06-18,20:25:56,Rechazada
TX-006990,003-948772,Sofia Rojas,Transferencia,10301.77,2026-03-22,10:00:31,Aprobada
TX-006991,007-879344,Lucia Vega,Retiro,11410.39,2026-06-04,19:17:39,Rechazada
TX-006992,004-222653,Sofia Rojas,Transferencia,4399.60,2026-12-18,03:11:11,Anulada
TX-006993,003-299545,Luis Ramos,Transferencia,966.46,2026-02-03,06:55:21,Observada
TX-006994,002-731311,Rosa Herrera,Deposito,4753.37,2026-12-24,18:35:05,Pendiente
TX-006995,001-450695,Rosa Herrera,Transferencia,9059.81,2026-09-05,07:46:32,Anulada
TX-006996,006-130242,Valeria Leon,Transferencia,8974.27,2026-10-03,15:21:44,Aprobada
TX-006997,001-982382,Miguel Castro,Deposito,6201.91,2026-06-21,06:11:41,Rechazada
TX-006998,006-264938,Rosa Herrera,PagoServicio,14966.19,2026-05-22,16:11:50,Anulada
TX-006999,006-191255,Jorge Medina,PagoServicio,3587.08,2026-03-12,17:28:19,Pendiente
TX-007000,002-351457,Camila Ruiz,Transferencia,2259.58,2026-03-14,03:02:02,Anulada
TX-007001,007-602201,Luis Ramos,Transferencia,5958.82,2026-05-07,19:30:42,Observada
TX-007002,001-276718,Lucia Vega,Retiro,14503.26,2026-05-23,06:27:57,Observada
TX-007003,008-565352,Lucia Vega,Transferencia,9967.75,2026-08-14,05:46:21,Aprobada
TX-007004,006-593689,Luis Ramos,PagoServicio,5063.59,2026-02-28,16:54:08,Rechazada
TX-007005,008-815411,Diego Flores,PagoServicio,10414.53,2026-09-21,04:31:29,Pendiente
TX-007006,003-512892,Luis Ramos,Deposito,7908.58,2026-12-21,10:49:56,Anulada
TX-007007,009-723667,Rosa Herrera,Transferencia,6021.65,2026-10-10,23:56:32,Anulada
TX-007008,004-203424,Jorge Medina,Transferencia,4765.55,2026-02-14,00:16:21,Aprobada
TX-007009,002-370593,Maria Soto,Deposito,1748.98,2026-04-24,16:44:44,Anulada
TX-007010,005-481955,Elena Vargas,Deposito,14492.63,2026-06-20,17:22:22,Rechazada
TX-007011,002-805476,Elena Vargas,Retiro,6660.60,2026-12-25,11:48:50,Observada
TX-007012,005-196896,Diego Flores,Transferencia,10239.07,2026-06-06,05:35:21,Anulada
TX-007013,006-425336,Elena Vargas,Deposito,9823.26,2026-07-30,18:47:02,Pendiente
TX-007014,008-876236,Miguel Castro,Transferencia,2888.92,2026-01-03,21:20:36,Aprobada
TX-007015,002-616864,Sofia Rojas,Transferencia,6927.98,2026-05-31,06:39:31,Aprobada
TX-007016,004-781837,Elena Vargas,Transferencia,1709.19,2026-09-19,00:27:20,Rechazada
TX-007017,008-323574,Valeria Leon,Retiro,12857.71,2026-09-16,03:08:28,Anulada
TX-007018,002-577182,Maria Soto,Transferencia,14063.47,2026-05-04,11:03:06,Observada
TX-007019,007-475029,Miguel Castro,PagoServicio,3900.33,2026-01-12,21:42:14,Aprobada
TX-007020,002-798041,Rosa Herrera,Deposito,4368.63,2026-02-20,10:34:16,Observada
TX-007021,001-844077,Elena Vargas,PagoServicio,8298.80,2026-02-27,16:36:32,Pendiente
TX-007022,002-228945,Sofia Rojas,Deposito,3094.57,2026-10-24,01:10:01,Rechazada
TX-007023,005-792891,Fernando Diaz,Transferencia,12544.88,2026-04-09,10:35:40,Observada
TX-007024,006-405808,Camila Ruiz,PagoServicio,14140.01,2026-02-26,02:46:49,Pendiente
TX-007025,009-252940,Maria Soto,Retiro,14285.45,2026-01-25,06:02:54,Observada
TX-007026,005-232430,Fernando Diaz,Transferencia,11950.95,2026-06-14,04:07:18,Anulada
TX-007027,005-519777,Ana Torres,Retiro,7782.61,2026-08-21,02:00:41,Pendiente
TX-007028,002-758415,Fernando Diaz,Deposito,9204.59,2026-04-03,10:56:08,Pendiente
TX-007029,007-509899,Pedro Castillo,Retiro,978.80,2026-10-20,15:44:07,Observada
TX-007030,005-545317,Lucia Vega,Deposito,2832.99,2026-12-26,09:38:56,Rechazada
TX-007031,002-554196,Rosa Herrera,Deposito,8711.52,2026-05-03,03:06:12,Aprobada
TX-007032,007-135371,Rosa Herrera,Deposito,9687.16,2026-04-22,20:17:09,Aprobada
TX-007033,002-824597,Elena Vargas,Retiro,7142.32,2026-12-27,13:46:41,Aprobada
TX-007034,004-773039,Camila Ruiz,Deposito,9615.10,2026-10-16,11:40:40,Rechazada
TX-007035,002-893682,Camila Ruiz,Transferencia,14197.72,2026-07-31,00:07:38,Anulada
TX-007036,001-770013,Jorge Medina,PagoServicio,8653.27,2026-09-23,20:00:27,Pendiente
TX-007037,008-884011,Sofia Rojas,Transferencia,1681.02,2026-11-07,23:19:40,Anulada
TX-007038,004-114355,Lucia Vega,Transferencia,10435.54,2026-05-06,07:52:51,Pendiente
TX-007039,005-612180,Lucia Vega,PagoServicio,3614.27,2026-04-14,20:57:06,Rechazada
TX-007040,006-786179,Miguel Castro,PagoServicio,3736.65,2026-10-22,18:55:08,Anulada
TX-007041,008-136100,Luis Ramos,PagoServicio,7534.43,2026-05-20,21:46:53,Rechazada
TX-007042,006-977325,Carlos Perez,Transferencia,9989.76,2026-11-23,21:30:58,Observada
TX-007043,006-151151,Lucia Vega,Transferencia,11929.49,2026-03-25,05:06:37,Observada
TX-007044,001-186619,Elena Vargas,Transferencia,7779.91,2026-08-30,07:40:06,Observada
TX-007045,009-700098,Fernando Diaz,PagoServicio,4037.30,2026-01-07,22:22:10,Anulada
TX-007046,006-277368,Diego Flores,Transferencia,4919.98,2026-11-02,23:13:21,Pendiente
TX-007047,001-728058,Pedro Castillo,PagoServicio,13826.29,2026-03-01,11:33:54,Anulada
TX-007048,002-656413,Lucia Vega,PagoServicio,10951.52,2026-06-01,16:23:17,Observada
TX-007049,009-152037,Sofia Rojas,Retiro,11117.75,2026-08-24,11:31:50,Anulada
TX-007050,003-402010,Luis Ramos,PagoServicio,14099.22,2026-02-06,20:03:33,Aprobada
TX-007051,006-382495,Ana Torres,PagoServicio,2670.75,2026-07-09,12:11:20,Anulada
TX-007052,001-635321,Valeria Leon,Transferencia,5912.35,2026-11-07,07:46:24,Rechazada
TX-007053,002-899159,Luis Ramos,Retiro,14400.80,2026-11-16,02:36:43,Aprobada
TX-007054,008-710866,Pedro Castillo,Retiro,13174.17,2026-02-27,16:18:26,Rechazada
TX-007055,004-353143,Luis Ramos,Retiro,4946.56,2026-07-08,18:16:28,Observada
TX-007056,003-463034,Ana Torres,Retiro,7791.36,2026-05-14,14:37:46,Observada
TX-007057,002-545244,Maria Soto,PagoServicio,10492.57,2026-04-12,10:36:47,Aprobada
TX-007058,004-392834,Rosa Herrera,Retiro,7457.11,2026-10-03,02:41:38,Observada
TX-007059,004-250967,Carlos Perez,Deposito,9761.87,2026-04-01,07:16:22,Observada
TX-007060,005-288636,Elena Vargas,Transferencia,10146.75,2026-05-01,04:55:17,Rechazada
TX-007061,001-738794,Lucia Vega,Retiro,529.95,2026-08-19,15:43:21,Rechazada
TX-007062,008-373577,Luis Ramos,Deposito,9745.75,2026-06-26,20:06:55,Aprobada
TX-007063,005-250443,Pedro Castillo,Transferencia,14663.24,2026-09-15,07:03:09,Pendiente
TX-007064,003-795299,Miguel Castro,Deposito,3401.11,2026-12-04,20:05:06,Aprobada
TX-007065,006-476327,Fernando Diaz,PagoServicio,7420.61,2026-11-07,23:18:47,Anulada
TX-007066,004-514587,Lucia Vega,Retiro,7333.57,2026-06-28,18:36:26,Anulada
TX-007067,006-575876,Maria Soto,Retiro,7813.37,2026-09-01,10:33:09,Aprobada
TX-007068,007-814096,Rosa Herrera,Transferencia,1923.62,2026-02-27,16:56:29,Aprobada
TX-007069,004-436193,Luis Ramos,Transferencia,9898.98,2026-09-05,05:56:06,Aprobada
TX-007070,004-787449,Carlos Perez,Transferencia,1612.50,2026-07-04,15:16:22,Pendiente
TX-007071,004-491072,Rosa Herrera,Transferencia,2680.02,2026-04-12,00:37:23,Observada
TX-007072,005-650786,Miguel Castro,Deposito,10674.87,2026-12-07,12:53:52,Aprobada
TX-007073,003-321385,Maria Soto,Retiro,2728.58,2026-11-29,11:26:59,Rechazada
TX-007074,001-684807,Jorge Medina,Retiro,7860.60,2026-05-05,22:57:57,Observada
TX-007075,001-905448,Rosa Herrera,Deposito,3115.92,2026-11-19,17:10:03,Aprobada
TX-007076,004-603356,Ana Torres,Deposito,8432.24,2026-06-20,17:25:46,Anulada
TX-007077,004-603028,Diego Flores,Retiro,1867.17,2026-02-13,08:14:48,Observada
TX-007078,009-294829,Maria Soto,PagoServicio,9746.04,2026-07-20,08:12:16,Aprobada
TX-007079,004-568056,Luis Ramos,Deposito,1609.57,2026-04-01,01:19:33,Aprobada
TX-007080,008-983372,Valeria Leon,Deposito,4056.65,2026-08-21,11:03:28,Anulada
TX-007081,009-924955,Rosa Herrera,Retiro,8109.28,2026-03-18,15:21:49,Observada
TX-007082,005-781598,Jorge Medina,Retiro,8160.51,2026-02-07,04:09:21,Rechazada
TX-007083,004-567022,Ana Torres,Deposito,8627.19,2026-06-03,16:05:03,Rechazada
TX-007084,005-983230,Pedro Castillo,Deposito,4635.71,2026-06-20,17:34:00,Observada
TX-007085,001-116268,Pedro Castillo,Retiro,13774.09,2026-05-06,00:24:48,Anulada
TX-007086,009-236491,Miguel Castro,Retiro,13759.12,2026-08-03,06:51:58,Aprobada
TX-007087,002-916898,Valeria Leon,Transferencia,10019.57,2026-11-12,00:14:21,Rechazada
TX-007088,004-642611,Pedro Castillo,Transferencia,12091.52,2026-02-22,22:14:06,Anulada
TX-007089,005-616061,Jorge Medina,Retiro,14423.32,2026-07-20,04:17:51,Observada
TX-007090,006-329828,Jorge Medina,Transferencia,14881.64,2026-06-15,12:10:45,Pendiente
TX-007091,002-436726,Elena Vargas,Retiro,3253.31,2026-01-13,22:34:19,Observada
TX-007092,001-499848,Sofia Rojas,PagoServicio,10219.14,2026-07-11,14:59:20,Aprobada
TX-007093,007-323519,Rosa Herrera,Retiro,1368.25,2026-08-11,13:24:23,Aprobada
TX-007094,007-830817,Luis Ramos,Transferencia,14838.24,2026-08-18,05:49:58,Pendiente
TX-007095,006-879682,Carlos Perez,Transferencia,8928.60,2026-07-10,07:49:30,Rechazada
TX-007096,002-981877,Carlos Perez,Deposito,10280.83,2026-03-31,11:09:53,Observada
TX-007097,008-753020,Luis Ramos,PagoServicio,136.24,2026-03-25,11:06:01,Observada
TX-007098,004-128816,Sofia Rojas,Transferencia,12163.15,2026-08-14,12:36:29,Rechazada
TX-007099,001-115275,Lucia Vega,Deposito,7765.22,2026-01-18,12:12:40,Observada
TX-007100,003-945625,Luis Ramos,PagoServicio,2745.85,2026-04-15,23:23:27,Observada
TX-007101,005-233146,Lucia Vega,PagoServicio,8387.62,2026-12-28,19:51:54,Observada
TX-007102,004-254592,Pedro Castillo,Deposito,918.69,2026-06-14,21:33:16,Pendiente
TX-007103,003-703490,Camila Ruiz,Transferencia,5035.98,2026-12-13,01:43:15,Rechazada
TX-007104,007-946272,Elena Vargas,PagoServicio,9367.83,2026-02-16,11:11:31,Rechazada
TX-007105,001-954007,Jorge Medina,Retiro,13598.81,2026-10-18,12:13:09,Aprobada
TX-007106,006-599841,Valeria Leon,Transferencia,12708.12,2026-05-02,20:36:27,Pendiente
TX-007107,001-663200,Luis Ramos,PagoServicio,8098.71,2026-11-07,23:21:56,Pendiente
TX-007108,005-437466,Sofia Rojas,Deposito,14272.41,2026-06-23,11:31:46,Anulada
TX-007109,002-964416,Fernando Diaz,PagoServicio,3960.46,2026-03-14,00:31:02,Aprobada
TX-007110,006-372944,Ana Torres,Deposito,13563.72,2026-12-14,00:29:06,Pendiente
TX-007111,006-540220,Jorge Medina,Deposito,154.20,2026-11-02,15:58:01,Rechazada
TX-007112,001-222728,Fernando Diaz,PagoServicio,9693.37,2026-11-07,06:12:59,Pendiente
TX-007113,004-137156,Elena Vargas,Transferencia,1082.60,2026-12-10,09:56:12,Pendiente
TX-007114,002-417950,Miguel Castro,Transferencia,5243.23,2026-09-02,08:04:15,Anulada
TX-007115,001-506426,Camila Ruiz,PagoServicio,296.38,2026-01-29,00:35:18,Pendiente
TX-007116,005-554445,Pedro Castillo,Deposito,7792.02,2026-01-03,03:47:54,Aprobada
TX-007117,001-142153,Elena Vargas,Deposito,570.78,2026-04-24,17:55:15,Observada
TX-007118,005-990508,Pedro Castillo,Deposito,9352.82,2026-05-30,12:52:11,Anulada
TX-007119,004-410054,Fernando Diaz,PagoServicio,5271.59,2026-05-21,07:23:17,Observada
TX-007120,001-395755,Elena Vargas,Retiro,12896.56,2026-06-03,21:55:38,Observada
TX-007121,003-431618,Jorge Medina,PagoServicio,917.18,2026-03-16,17:26:53,Anulada
TX-007122,001-830522,Jorge Medina,Deposito,11079.80,2026-02-04,15:11:20,Anulada
TX-007123,002-278927,Camila Ruiz,Transferencia,11891.37,2026-05-30,03:40:14,Pendiente
TX-007124,003-814357,Camila Ruiz,Deposito,907.58,2026-09-20,03:48:07,Aprobada
TX-007125,006-693645,Pedro Castillo,Transferencia,4631.05,2026-02-12,06:33:02,Pendiente
TX-007126,001-560526,Miguel Castro,Transferencia,11640.48,2026-04-10,16:49:47,Aprobada
TX-007127,007-816977,Lucia Vega,PagoServicio,14241.59,2026-07-08,01:00:16,Observada
TX-007128,004-958320,Rosa Herrera,Transferencia,9391.39,2026-09-26,06:32:51,Rechazada
TX-007129,003-834620,Carlos Perez,Transferencia,8763.24,2026-06-06,02:55:00,Observada
TX-007130,001-270038,Pedro Castillo,Deposito,14451.50,2026-02-08,16:42:50,Observada
TX-007131,009-366316,Elena Vargas,Deposito,4178.17,2026-08-19,13:49:07,Observada
TX-007132,005-483226,Rosa Herrera,Retiro,3776.92,2026-04-30,17:39:54,Aprobada
TX-007133,009-339002,Maria Soto,Transferencia,13003.50,2026-11-29,12:08:19,Rechazada
TX-007134,008-763449,Maria Soto,Deposito,14126.48,2026-09-23,04:36:46,Pendiente
TX-007135,008-846985,Diego Flores,Retiro,11719.29,2026-06-27,16:45:15,Pendiente
TX-007136,002-852442,Miguel Castro,Deposito,13732.57,2026-04-27,06:01:32,Anulada
TX-007137,005-120987,Elena Vargas,Transferencia,8620.74,2026-05-01,05:05:08,Observada
TX-007138,006-992060,Rosa Herrera,Deposito,13456.64,2026-04-02,02:53:13,Anulada
TX-007139,003-775661,Fernando Diaz,Deposito,8409.65,2026-11-24,09:20:08,Anulada
TX-007140,008-687359,Ana Torres,PagoServicio,11281.64,2026-07-05,19:11:03,Observada
TX-007141,008-538369,Rosa Herrera,Deposito,12806.97,2026-07-02,12:54:56,Rechazada
TX-007142,008-656931,Ana Torres,Deposito,3730.99,2026-11-29,14:52:15,Rechazada
TX-007143,006-216931,Diego Flores,Transferencia,12826.49,2026-06-26,12:58:42,Aprobada
TX-007144,007-232955,Miguel Castro,PagoServicio,4606.11,2026-06-19,00:31:01,Observada
TX-007145,007-545752,Fernando Diaz,PagoServicio,11305.71,2026-09-26,18:34:50,Anulada
TX-007146,002-716906,Luis Ramos,Retiro,13412.98,2026-03-05,13:37:31,Observada
TX-007147,005-232308,Pedro Castillo,Retiro,1707.23,2026-06-19,00:37:22,Anulada
TX-007148,008-986530,Elena Vargas,Transferencia,7968.90,2026-05-18,21:10:58,Observada
TX-007149,008-434033,Diego Flores,Transferencia,402.11,2026-05-26,13:05:25,Observada
TX-007150,004-935194,Elena Vargas,PagoServicio,7279.20,2026-09-14,22:18:57,Pendiente
TX-007151,005-923233,Jorge Medina,PagoServicio,14489.93,2026-12-23,00:16:57,Aprobada
TX-007152,005-135703,Pedro Castillo,PagoServicio,12689.60,2026-07-01,18:43:54,Aprobada
TX-007153,003-482929,Fernando Diaz,Transferencia,10461.21,2026-05-20,19:12:45,Pendiente
TX-007154,005-368485,Diego Flores,Deposito,546.36,2026-11-19,14:54:24,Anulada
TX-007155,009-436287,Jorge Medina,Deposito,1991.46,2026-06-01,05:52:08,Rechazada
TX-007156,008-370885,Elena Vargas,Deposito,14007.55,2026-08-02,10:24:23,Pendiente
TX-007157,006-452984,Fernando Diaz,Deposito,10645.69,2026-09-12,04:20:31,Observada
TX-007158,007-973931,Rosa Herrera,PagoServicio,3165.72,2026-11-18,14:13:21,Pendiente
TX-007159,005-292669,Ana Torres,Deposito,405.51,2026-08-08,12:54:34,Pendiente
TX-007160,004-918253,Ana Torres,PagoServicio,2416.62,2026-12-27,14:34:55,Observada
TX-007161,003-653619,Camila Ruiz,Retiro,7127.29,2026-08-11,01:25:07,Pendiente
TX-007162,009-683333,Jorge Medina,Transferencia,14201.89,2026-08-04,15:58:52,Anulada
TX-007163,005-982372,Miguel Castro,Retiro,11033.36,2026-09-08,12:53:54,Observada
TX-007164,007-123960,Carlos Perez,PagoServicio,13877.63,2026-11-11,22:39:43,Anulada
TX-007165,009-132624,Rosa Herrera,Retiro,11670.24,2026-06-19,00:09:39,Pendiente
TX-007166,005-667234,Maria Soto,Deposito,2956.22,2026-05-20,22:47:12,Aprobada
TX-007167,001-605357,Diego Flores,PagoServicio,12031.50,2026-06-17,21:48:48,Pendiente
TX-007168,004-601427,Jorge Medina,PagoServicio,10214.64,2026-04-10,10:32:40,Rechazada
TX-007169,005-614822,Luis Ramos,PagoServicio,14906.32,2026-08-08,03:12:11,Aprobada
TX-007170,002-508515,Carlos Perez,PagoServicio,8733.31,2026-01-09,10:19:21,Observada
TX-007171,003-459774,Diego Flores,Retiro,5170.58,2026-02-08,11:45:29,Observada
TX-007172,002-465620,Sofia Rojas,PagoServicio,7957.13,2026-07-06,13:15:48,Anulada
TX-007173,009-248817,Carlos Perez,Transferencia,7178.95,2026-01-18,21:30:23,Aprobada
TX-007174,009-166387,Carlos Perez,Retiro,11315.67,2026-10-19,02:07:51,Pendiente
TX-007175,001-248288,Carlos Perez,PagoServicio,4501.78,2026-03-11,01:40:54,Observada
TX-007176,003-894709,Rosa Herrera,Deposito,9356.53,2026-02-07,22:20:29,Anulada
TX-007177,001-194672,Fernando Diaz,PagoServicio,10094.38,2026-09-06,01:11:40,Pendiente
TX-007178,002-223714,Camila Ruiz,Retiro,8589.72,2026-04-27,17:07:02,Observada
TX-007179,005-141341,Carlos Perez,Transferencia,14863.87,2026-07-30,15:31:49,Rechazada
TX-007180,009-584596,Diego Flores,Transferencia,3954.88,2026-12-22,06:57:11,Pendiente
TX-007181,006-200546,Luis Ramos,Retiro,422.14,2026-03-15,05:33:36,Rechazada
TX-007182,001-485288,Diego Flores,PagoServicio,14758.12,2026-09-22,01:50:13,Observada
TX-007183,005-261672,Carlos Perez,Deposito,12408.11,2026-08-05,13:26:10,Rechazada
TX-007184,008-474600,Elena Vargas,Deposito,13300.36,2026-07-25,19:02:12,Anulada
TX-007185,005-503604,Carlos Perez,PagoServicio,10795.40,2026-04-04,17:16:38,Pendiente
TX-007186,009-760516,Rosa Herrera,Deposito,815.12,2026-04-05,14:53:34,Aprobada
TX-007187,003-570341,Jorge Medina,Retiro,10259.93,2026-01-31,19:19:35,Observada
TX-007188,004-953563,Luis Ramos,PagoServicio,2384.17,2026-01-19,02:11:06,Pendiente
TX-007189,006-307479,Maria Soto,PagoServicio,6658.28,2026-08-24,11:21:10,Rechazada
TX-007190,005-982796,Camila Ruiz,Deposito,10136.85,2026-09-30,23:59:56,Anulada
TX-007191,004-824538,Jorge Medina,Retiro,5924.68,2026-08-05,20:12:28,Observada
TX-007192,008-717803,Elena Vargas,Retiro,11009.69,2026-12-08,15:16:33,Anulada
TX-007193,005-723392,Luis Ramos,Retiro,12826.90,2026-06-19,09:40:42,Observada
TX-007194,003-631025,Jorge Medina,PagoServicio,3864.09,2026-11-03,04:54:42,Anulada
TX-007195,007-746527,Luis Ramos,Transferencia,4425.52,2026-06-22,02:07:03,Observada
TX-007196,003-725798,Sofia Rojas,PagoServicio,4709.31,2026-11-21,05:22:17,Pendiente
TX-007197,002-879779,Pedro Castillo,PagoServicio,3313.82,2026-09-16,12:57:49,Anulada
TX-007198,001-247561,Ana Torres,Deposito,312.61,2026-01-31,02:17:13,Aprobada
TX-007199,008-944809,Luis Ramos,Transferencia,2028.42,2026-10-29,05:02:20,Pendiente
TX-007200,004-924928,Fernando Diaz,Retiro,6851.30,2026-12-26,13:59:30,Rechazada
TX-007201,007-482114,Jorge Medina,Transferencia,4373.67,2026-06-03,15:47:50,Rechazada
TX-007202,006-433290,Ana Torres,Transferencia,8740.77,2026-05-24,16:56:38,Rechazada
TX-007203,002-793865,Luis Ramos,Transferencia,13235.07,2026-10-07,08:08:16,Pendiente
TX-007204,009-416819,Pedro Castillo,PagoServicio,6649.38,2026-03-29,11:27:50,Aprobada
TX-007205,004-600327,Ana Torres,Transferencia,10861.25,2026-10-05,23:59:44,Aprobada
TX-007206,008-388601,Diego Flores,Retiro,1393.21,2026-06-25,03:43:52,Pendiente
TX-007207,007-129117,Rosa Herrera,PagoServicio,14983.90,2026-01-03,15:29:24,Rechazada
TX-007208,002-839920,Elena Vargas,PagoServicio,3204.52,2026-03-24,17:59:55,Rechazada
TX-007209,008-950693,Camila Ruiz,Transferencia,1260.58,2026-12-10,22:47:40,Aprobada
TX-007210,002-792614,Elena Vargas,Deposito,8489.55,2026-06-10,16:15:23,Rechazada
TX-007211,002-967262,Rosa Herrera,Retiro,13790.89,2026-03-03,20:42:15,Pendiente
TX-007212,001-100090,Sofia Rojas,Transferencia,3138.65,2026-05-29,01:40:31,Pendiente
TX-007213,005-987594,Fernando Diaz,PagoServicio,13898.81,2026-01-21,14:01:04,Rechazada
TX-007214,006-996713,Luis Ramos,Deposito,3750.77,2026-07-30,16:19:49,Aprobada
TX-007215,005-968924,Jorge Medina,Transferencia,971.53,2026-08-05,08:39:55,Aprobada
TX-007216,001-417543,Pedro Castillo,Transferencia,1252.75,2026-05-03,15:45:24,Rechazada
TX-007217,002-842110,Luis Ramos,Deposito,9172.59,2026-12-20,22:02:44,Observada
TX-007218,001-970872,Maria Soto,PagoServicio,6099.46,2026-10-31,02:24:24,Rechazada
TX-007219,005-935391,Elena Vargas,PagoServicio,14950.38,2026-08-24,17:11:54,Observada
TX-007220,007-152098,Miguel Castro,Deposito,3857.46,2026-07-15,02:56:26,Pendiente
TX-007221,007-256939,Pedro Castillo,PagoServicio,5255.56,2026-11-22,05:03:55,Pendiente
TX-007222,003-288179,Lucia Vega,PagoServicio,12975.06,2026-10-22,00:53:11,Aprobada
TX-007223,007-719354,Elena Vargas,Deposito,9947.24,2026-09-26,20:13:30,Anulada
TX-007224,007-893637,Luis Ramos,PagoServicio,5069.27,2026-04-11,03:21:36,Aprobada
TX-007225,009-267101,Jorge Medina,PagoServicio,1649.46,2026-02-14,23:25:02,Pendiente
TX-007226,009-685184,Miguel Castro,Transferencia,5746.41,2026-05-24,08:12:19,Anulada
TX-007227,001-179312,Diego Flores,PagoServicio,10070.75,2026-12-02,01:57:54,Pendiente
TX-007228,006-613916,Ana Torres,Retiro,6028.39,2026-10-14,14:48:57,Anulada
TX-007229,007-991580,Pedro Castillo,Transferencia,3947.17,2026-10-13,02:30:41,Pendiente
TX-007230,002-413522,Elena Vargas,Deposito,11201.52,2026-08-31,09:19:27,Pendiente
TX-007231,003-885089,Sofia Rojas,PagoServicio,11866.70,2026-01-08,07:03:49,Anulada
TX-007232,009-163528,Fernando Diaz,Deposito,12722.25,2026-01-26,03:57:24,Pendiente
TX-007233,002-338373,Jorge Medina,PagoServicio,14691.94,2026-12-09,12:42:31,Rechazada
TX-007234,007-634614,Lucia Vega,PagoServicio,654.58,2026-02-25,12:39:57,Pendiente
TX-007235,002-530944,Fernando Diaz,Transferencia,4429.25,2026-12-06,11:10:46,Aprobada
TX-007236,008-500715,Camila Ruiz,Transferencia,6592.69,2026-01-05,02:53:21,Aprobada
TX-007237,007-660856,Luis Ramos,Deposito,3307.25,2026-05-20,18:57:06,Anulada
TX-007238,008-261650,Camila Ruiz,Retiro,8943.57,2026-09-10,15:37:53,Observada
TX-007239,007-531086,Fernando Diaz,Transferencia,10250.72,2026-05-02,12:20:11,Pendiente
TX-007240,002-581285,Rosa Herrera,Transferencia,4843.47,2026-01-12,09:03:34,Observada
TX-007241,007-114577,Luis Ramos,PagoServicio,5224.47,2026-02-13,01:29:40,Anulada
TX-007242,001-105708,Elena Vargas,PagoServicio,13689.72,2026-08-03,23:53:52,Pendiente
TX-007243,003-631527,Lucia Vega,Deposito,5445.22,2026-06-19,15:16:44,Aprobada
TX-007244,009-755498,Sofia Rojas,PagoServicio,7238.46,2026-01-18,18:20:05,Observada
TX-007245,007-611814,Maria Soto,Transferencia,9065.64,2026-03-03,20:59:18,Rechazada
TX-007246,009-896627,Carlos Perez,Deposito,8797.06,2026-02-15,13:30:15,Pendiente
TX-007247,004-111191,Camila Ruiz,Retiro,1670.07,2026-03-03,12:46:14,Observada
TX-007248,003-881526,Pedro Castillo,PagoServicio,8025.70,2026-03-18,05:27:11,Observada
TX-007249,008-394008,Rosa Herrera,Transferencia,13430.66,2026-09-21,06:12:32,Anulada
TX-007250,002-278863,Camila Ruiz,Transferencia,5185.93,2026-08-15,19:15:00,Pendiente
TX-007251,005-821497,Jorge Medina,PagoServicio,8867.55,2026-11-26,02:01:46,Anulada
TX-007252,009-130677,Luis Ramos,Retiro,10070.88,2026-03-06,03:30:52,Pendiente
TX-007253,007-936341,Maria Soto,Transferencia,7986.43,2026-06-11,03:32:06,Aprobada
TX-007254,001-686523,Valeria Leon,Transferencia,2239.34,2026-07-10,15:25:07,Aprobada
TX-007255,002-991187,Sofia Rojas,Retiro,10768.08,2026-10-13,12:47:16,Observada
TX-007256,004-579911,Ana Torres,Retiro,13523.91,2026-12-27,00:59:37,Pendiente
TX-007257,006-752998,Luis Ramos,Deposito,1857.51,2026-06-20,03:29:43,Observada
TX-007258,002-556752,Fernando Diaz,PagoServicio,2283.59,2026-08-11,08:27:54,Observada
TX-007259,006-668000,Miguel Castro,PagoServicio,13856.14,2026-10-17,19:11:01,Rechazada
TX-007260,007-997456,Ana Torres,Retiro,11710.42,2026-04-05,13:17:54,Observada
TX-007261,009-611890,Carlos Perez,Retiro,12142.68,2026-08-29,07:54:28,Rechazada
TX-007262,003-442073,Miguel Castro,Deposito,5400.21,2026-11-09,15:49:01,Anulada
TX-007263,001-506019,Diego Flores,Deposito,284.94,2026-06-20,13:34:43,Anulada
TX-007264,008-959182,Carlos Perez,PagoServicio,13671.34,2026-11-14,09:04:42,Anulada
TX-007265,004-766893,Elena Vargas,Deposito,13381.59,2026-10-21,02:01:36,Aprobada
TX-007266,001-770797,Ana Torres,PagoServicio,5848.75,2026-07-29,16:21:07,Pendiente
TX-007267,009-401147,Carlos Perez,Retiro,14320.29,2026-10-21,18:47:18,Aprobada
TX-007268,005-551511,Ana Torres,Retiro,10526.43,2026-05-02,15:03:02,Observada
TX-007269,001-843356,Valeria Leon,PagoServicio,13314.89,2026-05-30,01:23:48,Pendiente
TX-007270,004-593156,Pedro Castillo,Transferencia,4276.57,2026-07-01,13:12:55,Anulada
TX-007271,001-766320,Miguel Castro,Deposito,11216.17,2026-11-16,00:19:55,Rechazada
TX-007272,001-375570,Jorge Medina,Transferencia,1906.06,2026-09-12,07:40:43,Anulada
TX-007273,001-267568,Miguel Castro,PagoServicio,6387.54,2026-05-24,01:04:10,Aprobada
TX-007274,004-104595,Camila Ruiz,Transferencia,4816.42,2026-09-02,21:24:22,Aprobada
TX-007275,002-753455,Valeria Leon,Deposito,13734.20,2026-05-08,12:56:24,Pendiente
TX-007276,008-319939,Elena Vargas,Transferencia,8133.67,2026-03-11,21:15:07,Observada
TX-007277,005-125545,Sofia Rojas,Retiro,7662.71,2026-07-14,17:08:24,Pendiente
TX-007278,001-566000,Maria Soto,Deposito,4727.86,2026-03-13,08:59:40,Aprobada
TX-007279,006-827154,Maria Soto,Deposito,1103.76,2026-11-24,01:58:57,Pendiente
TX-007280,001-222752,Carlos Perez,Deposito,2363.45,2026-07-01,19:08:54,Aprobada
TX-007281,002-939883,Jorge Medina,PagoServicio,10090.58,2026-10-28,20:28:28,Pendiente
TX-007282,001-854506,Pedro Castillo,Transferencia,3131.88,2026-12-03,02:36:31,Anulada
TX-007283,002-656372,Camila Ruiz,Deposito,1326.02,2026-01-10,12:28:35,Pendiente
TX-007284,002-961633,Lucia Vega,Transferencia,1916.36,2026-10-04,23:21:54,Aprobada
TX-007285,008-370838,Camila Ruiz,Transferencia,14663.25,2026-10-13,10:28:35,Pendiente
TX-007286,002-447309,Sofia Rojas,Retiro,3251.88,2026-10-27,16:38:39,Rechazada
TX-007287,008-526944,Fernando Diaz,Retiro,11771.06,2026-05-29,14:46:52,Anulada
TX-007288,005-569839,Carlos Perez,PagoServicio,12562.10,2026-03-20,20:42:04,Aprobada
TX-007289,003-807144,Pedro Castillo,Retiro,12763.06,2026-08-23,01:51:14,Aprobada
TX-007290,007-153722,Pedro Castillo,PagoServicio,2988.44,2026-11-12,00:55:06,Aprobada
TX-007291,008-184886,Maria Soto,Deposito,12443.27,2026-11-26,04:43:38,Aprobada
TX-007292,004-600361,Carlos Perez,Deposito,9238.59,2026-02-23,04:02:00,Pendiente
TX-007293,009-953647,Luis Ramos,Retiro,13404.86,2026-06-01,05:12:09,Anulada
TX-007294,005-298907,Sofia Rojas,Deposito,3121.36,2026-06-16,00:47:33,Pendiente
TX-007295,004-188120,Camila Ruiz,Deposito,13517.90,2026-05-03,09:06:21,Anulada
TX-007296,005-490943,Sofia Rojas,Transferencia,5528.72,2026-10-20,21:09:53,Anulada
TX-007297,006-214151,Elena Vargas,Deposito,5728.30,2026-04-01,09:01:10,Aprobada
TX-007298,009-569496,Diego Flores,PagoServicio,13162.34,2026-10-31,07:58:00,Rechazada
TX-007299,004-806518,Rosa Herrera,Transferencia,1939.63,2026-01-04,01:01:32,Pendiente
TX-007300,003-949818,Miguel Castro,Retiro,3617.73,2026-03-28,05:21:44,Anulada
TX-007301,009-762023,Rosa Herrera,Retiro,1563.63,2026-08-10,08:45:36,Observada
TX-007302,001-905847,Maria Soto,Deposito,416.15,2026-10-10,01:26:28,Rechazada
TX-007303,008-116939,Lucia Vega,Transferencia,373.52,2026-05-01,12:31:43,Rechazada
TX-007304,009-556672,Elena Vargas,PagoServicio,6436.83,2026-04-28,18:08:42,Observada
TX-007305,001-951213,Jorge Medina,Retiro,5836.59,2026-10-14,16:43:43,Rechazada
TX-007306,008-429754,Jorge Medina,PagoServicio,14285.93,2026-03-20,15:47:02,Observada
TX-007307,009-130349,Pedro Castillo,Retiro,14564.88,2026-07-08,13:28:47,Rechazada
TX-007308,009-160695,Miguel Castro,Retiro,3026.70,2026-12-09,21:29:01,Aprobada
TX-007309,008-130977,Luis Ramos,Retiro,4426.13,2026-07-14,04:11:58,Aprobada
TX-007310,008-479518,Luis Ramos,PagoServicio,2087.74,2026-01-02,05:38:54,Anulada
TX-007311,009-792299,Camila Ruiz,PagoServicio,12594.04,2026-06-06,19:21:45,Observada
TX-007312,009-818899,Maria Soto,Transferencia,13191.60,2026-07-31,10:34:34,Anulada
TX-007313,007-111820,Ana Torres,PagoServicio,11627.77,2026-12-16,00:42:09,Observada
TX-007314,009-814009,Elena Vargas,Transferencia,13129.90,2026-03-03,23:51:07,Observada
TX-007315,001-426713,Fernando Diaz,Retiro,5548.59,2026-07-31,09:13:41,Pendiente
TX-007316,007-438192,Valeria Leon,Transferencia,6340.12,2026-10-29,11:06:08,Aprobada
TX-007317,008-725772,Maria Soto,Retiro,9473.13,2026-02-09,04:06:41,Anulada
TX-007318,008-733868,Jorge Medina,Transferencia,3261.99,2026-01-17,00:49:43,Anulada
TX-007319,001-656974,Carlos Perez,Deposito,8385.88,2026-01-02,16:52:02,Anulada
TX-007320,009-991525,Pedro Castillo,Deposito,3868.60,2026-07-26,02:33:08,Observada
TX-007321,009-701374,Ana Torres,Deposito,13461.74,2026-07-27,09:05:35,Rechazada
TX-007322,004-367363,Sofia Rojas,Deposito,8092.40,2026-12-23,11:47:59,Observada
TX-007323,003-505683,Ana Torres,Retiro,1508.38,2026-01-28,06:43:26,Anulada
TX-007324,001-542873,Fernando Diaz,PagoServicio,11217.94,2026-06-11,04:17:07,Pendiente
TX-007325,001-435729,Elena Vargas,PagoServicio,9534.86,2026-04-28,22:37:19,Rechazada
TX-007326,001-657008,Jorge Medina,Transferencia,12629.54,2026-03-24,04:41:45,Observada
TX-007327,009-281380,Elena Vargas,Deposito,10593.52,2026-11-23,14:15:41,Rechazada
TX-007328,008-212108,Maria Soto,PagoServicio,11026.94,2026-12-06,14:51:29,Anulada
TX-007329,009-620609,Ana Torres,Deposito,14894.38,2026-02-01,04:24:33,Pendiente
TX-007330,006-610248,Valeria Leon,Transferencia,3531.67,2026-10-13,01:21:14,Observada
TX-007331,004-849108,Luis Ramos,Deposito,12280.05,2026-02-16,09:16:39,Observada
TX-007332,006-506530,Maria Soto,Deposito,7212.30,2026-08-22,21:44:19,Pendiente
TX-007333,005-358213,Carlos Perez,Transferencia,7456.74,2026-07-31,12:11:51,Rechazada
TX-007334,008-337011,Fernando Diaz,Transferencia,5284.34,2026-12-02,13:15:48,Anulada
TX-007335,008-528345,Sofia Rojas,Retiro,490.07,2026-04-30,23:13:47,Aprobada
TX-007336,008-646154,Lucia Vega,PagoServicio,3803.47,2026-01-06,06:19:12,Aprobada
TX-007337,006-563699,Jorge Medina,Deposito,6100.17,2026-05-30,23:35:55,Rechazada
TX-007338,002-729039,Diego Flores,PagoServicio,7669.86,2026-05-03,23:01:57,Observada
TX-007339,006-761784,Maria Soto,Deposito,13545.35,2026-09-15,20:49:21,Pendiente
TX-007340,003-375840,Pedro Castillo,PagoServicio,6034.49,2026-03-09,18:40:39,Anulada
TX-007341,003-700366,Diego Flores,Transferencia,14909.70,2026-03-04,22:06:35,Rechazada
TX-007342,007-595115,Diego Flores,Deposito,664.63,2026-09-16,17:30:04,Aprobada
TX-007343,002-429707,Rosa Herrera,Deposito,1572.16,2026-07-20,16:35:23,Rechazada
TX-007344,008-852111,Elena Vargas,Retiro,8360.90,2026-09-18,13:25:27,Anulada
TX-007345,009-329251,Carlos Perez,Retiro,12054.24,2026-11-21,00:23:23,Anulada
TX-007346,009-509235,Maria Soto,Retiro,5378.69,2026-12-09,05:07:30,Pendiente
TX-007347,007-780718,Valeria Leon,PagoServicio,2808.87,2026-06-10,02:43:35,Observada
TX-007348,002-163329,Carlos Perez,Deposito,6027.65,2026-07-13,02:35:25,Pendiente
TX-007349,009-154322,Valeria Leon,Deposito,3019.56,2026-09-11,03:25:57,Aprobada
TX-007350,005-972869,Rosa Herrera,Retiro,6162.17,2026-07-06,19:37:04,Rechazada
TX-007351,006-104264,Camila Ruiz,PagoServicio,481.50,2026-10-11,09:43:08,Aprobada
TX-007352,003-961848,Sofia Rojas,PagoServicio,12928.00,2026-11-29,04:27:38,Observada
TX-007353,001-713911,Rosa Herrera,PagoServicio,1141.28,2026-08-23,21:46:55,Aprobada
TX-007354,002-106663,Ana Torres,Transferencia,6451.05,2026-05-19,02:35:58,Anulada
TX-007355,006-423911,Pedro Castillo,Deposito,14033.02,2026-04-07,13:17:20,Aprobada
TX-007356,001-200753,Jorge Medina,Deposito,12814.63,2026-02-20,14:25:09,Observada
TX-007357,005-896411,Camila Ruiz,Retiro,12067.87,2026-01-02,15:35:50,Pendiente
TX-007358,003-961242,Fernando Diaz,Retiro,5104.72,2026-09-20,01:25:48,Anulada
TX-007359,009-579984,Camila Ruiz,Retiro,856.92,2026-10-28,11:40:45,Rechazada
TX-007360,003-214302,Sofia Rojas,PagoServicio,5609.01,2026-10-28,15:23:40,Observada
TX-007361,002-148076,Fernando Diaz,PagoServicio,896.18,2026-07-26,16:35:46,Observada
TX-007362,002-223674,Miguel Castro,PagoServicio,1407.17,2026-09-17,19:01:30,Pendiente
TX-007363,001-770386,Maria Soto,Deposito,512.54,2026-01-09,17:13:15,Observada
TX-007364,005-284700,Maria Soto,PagoServicio,14909.28,2026-12-19,16:37:31,Pendiente
TX-007365,004-425175,Miguel Castro,Deposito,11444.16,2026-06-10,17:48:12,Pendiente
TX-007366,003-551994,Camila Ruiz,Deposito,922.47,2026-05-05,05:30:18,Rechazada
TX-007367,005-623331,Elena Vargas,PagoServicio,10081.95,2026-04-13,06:54:44,Aprobada
TX-007368,002-531226,Ana Torres,Retiro,7630.10,2026-09-30,06:54:15,Anulada
TX-007369,006-301584,Fernando Diaz,PagoServicio,5156.99,2026-08-21,19:47:50,Anulada
TX-007370,008-431798,Diego Flores,Retiro,899.42,2026-10-09,00:47:32,Aprobada
TX-007371,006-438844,Maria Soto,Retiro,11442.88,2026-01-20,07:33:11,Aprobada
TX-007372,007-387078,Fernando Diaz,Retiro,316.85,2026-09-13,21:05:53,Rechazada
TX-007373,003-732391,Jorge Medina,PagoServicio,10576.56,2026-04-25,12:46:55,Pendiente
TX-007374,004-338971,Rosa Herrera,Retiro,8901.22,2026-05-01,00:51:28,Pendiente
TX-007375,008-650817,Sofia Rojas,PagoServicio,10401.49,2026-10-12,01:42:45,Pendiente
TX-007376,001-409261,Miguel Castro,PagoServicio,14146.94,2026-02-20,06:49:44,Pendiente
TX-007377,007-854315,Lucia Vega,PagoServicio,2263.59,2026-12-04,00:58:07,Anulada
TX-007378,004-793629,Rosa Herrera,Deposito,1550.59,2026-11-05,18:45:10,Aprobada
TX-007379,007-572574,Camila Ruiz,Transferencia,336.53,2026-08-20,15:11:31,Anulada
TX-007380,008-686192,Lucia Vega,Deposito,14764.54,2026-08-27,07:14:52,Anulada
TX-007381,003-707062,Diego Flores,Retiro,999.76,2026-09-05,00:27:36,Pendiente
TX-007382,003-226984,Maria Soto,Retiro,6360.83,2026-07-16,11:31:15,Pendiente
TX-007383,008-912454,Ana Torres,Retiro,4269.94,2026-08-18,23:08:25,Aprobada
TX-007384,001-459019,Camila Ruiz,Deposito,7048.89,2026-08-11,12:31:33,Anulada
TX-007385,002-479228,Rosa Herrera,Deposito,3436.64,2026-09-21,12:30:48,Pendiente
TX-007386,007-467293,Luis Ramos,Retiro,14908.57,2026-03-28,14:05:06,Pendiente
TX-007387,004-378122,Lucia Vega,Transferencia,10753.66,2026-07-01,12:27:58,Aprobada
TX-007388,009-909681,Ana Torres,PagoServicio,12801.25,2026-03-26,01:30:36,Aprobada
TX-007389,004-719625,Pedro Castillo,Deposito,3587.36,2026-12-29,07:47:20,Observada
TX-007390,009-885926,Rosa Herrera,Deposito,12854.67,2026-08-29,13:01:00,Aprobada
TX-007391,008-319436,Fernando Diaz,Transferencia,2349.14,2026-03-05,12:17:06,Aprobada
TX-007392,002-932724,Luis Ramos,Retiro,5907.81,2026-09-05,12:52:48,Rechazada
TX-007393,002-792067,Valeria Leon,Transferencia,4796.85,2026-04-12,23:23:03,Observada
TX-007394,009-629761,Diego Flores,Retiro,11510.55,2026-09-04,20:39:35,Observada
TX-007395,001-611278,Ana Torres,Deposito,12837.45,2026-06-22,09:53:59,Aprobada
TX-007396,006-776661,Fernando Diaz,Transferencia,9580.53,2026-12-29,04:51:38,Rechazada
TX-007397,007-801215,Carlos Perez,Retiro,6662.33,2026-03-11,15:14:49,Pendiente
TX-007398,004-236316,Sofia Rojas,Deposito,6800.53,2026-01-02,06:54:48,Observada
TX-007399,009-155130,Lucia Vega,PagoServicio,610.99,2026-07-19,09:27:34,Anulada
TX-007400,004-562347,Diego Flores,PagoServicio,7424.53,2026-05-08,16:44:47,Rechazada
TX-007401,004-750449,Diego Flores,PagoServicio,12538.68,2026-03-17,19:03:49,Observada
TX-007402,002-950144,Valeria Leon,Deposito,5435.61,2026-04-14,23:12:02,Aprobada
TX-007403,009-806350,Carlos Perez,Deposito,6791.09,2026-10-06,22:15:13,Anulada
TX-007404,003-652922,Maria Soto,PagoServicio,12130.52,2026-10-16,07:21:24,Anulada
TX-007405,001-205495,Sofia Rojas,Deposito,1578.85,2026-08-23,06:57:08,Anulada
TX-007406,006-274007,Jorge Medina,Deposito,6700.53,2026-11-08,01:27:29,Anulada
TX-007407,008-203660,Pedro Castillo,Deposito,11021.27,2026-03-16,23:31:00,Rechazada
TX-007408,002-779057,Jorge Medina,Retiro,1077.78,2026-09-16,07:34:24,Rechazada
TX-007409,005-956982,Jorge Medina,Deposito,13452.19,2026-12-08,16:52:42,Aprobada
TX-007410,007-885844,Luis Ramos,PagoServicio,5698.10,2026-09-02,20:11:56,Aprobada
TX-007411,003-218027,Rosa Herrera,Transferencia,12028.55,2026-11-02,05:04:46,Aprobada
TX-007412,003-622937,Valeria Leon,PagoServicio,4622.30,2026-08-26,05:07:26,Anulada
TX-007413,006-956067,Miguel Castro,PagoServicio,855.45,2026-01-02,22:35:26,Pendiente
TX-007414,002-767418,Maria Soto,Deposito,3417.30,2026-12-15,13:04:21,Aprobada
TX-007415,007-302669,Luis Ramos,Transferencia,4970.28,2026-03-25,19:04:57,Observada
TX-007416,007-727134,Carlos Perez,Retiro,10955.47,2026-07-01,14:56:42,Anulada
TX-007417,003-843353,Miguel Castro,PagoServicio,4311.90,2026-11-24,05:04:51,Observada
TX-007418,003-287680,Sofia Rojas,PagoServicio,4765.72,2026-02-04,12:07:25,Aprobada
TX-007419,006-271461,Camila Ruiz,Deposito,11397.20,2026-03-22,03:50:32,Anulada
TX-007420,008-240506,Miguel Castro,Transferencia,6672.65,2026-06-23,05:38:12,Anulada
TX-007421,004-868504,Luis Ramos,Deposito,12918.12,2026-04-27,10:12:38,Pendiente
TX-007422,005-948520,Rosa Herrera,Transferencia,8909.79,2026-08-08,05:23:04,Observada
TX-007423,005-430903,Camila Ruiz,PagoServicio,2645.40,2026-04-13,00:32:55,Rechazada
TX-007424,009-391455,Ana Torres,Retiro,11506.07,2026-06-23,12:03:52,Aprobada
TX-007425,006-572348,Miguel Castro,Retiro,9989.80,2026-06-10,19:01:42,Anulada
TX-007426,006-105808,Camila Ruiz,PagoServicio,891.29,2026-09-19,17:15:42,Aprobada
TX-007427,009-263635,Pedro Castillo,Transferencia,9698.24,2026-02-16,01:18:35,Aprobada
TX-007428,004-194001,Camila Ruiz,PagoServicio,6799.44,2026-01-08,08:32:44,Observada
TX-007429,006-707180,Luis Ramos,Deposito,4174.57,2026-10-16,02:14:20,Pendiente
TX-007430,007-550504,Elena Vargas,Transferencia,9292.42,2026-11-10,00:39:04,Observada
TX-007431,008-819634,Sofia Rojas,Transferencia,14529.76,2026-10-07,14:08:42,Pendiente
TX-007432,001-851179,Lucia Vega,Retiro,4088.94,2026-01-01,13:42:04,Aprobada
TX-007433,001-294373,Sofia Rojas,Deposito,5139.05,2026-05-27,23:47:00,Pendiente
TX-007434,008-488122,Sofia Rojas,PagoServicio,5447.67,2026-06-27,20:41:49,Rechazada
TX-007435,003-716509,Camila Ruiz,PagoServicio,7200.62,2026-04-27,20:13:24,Aprobada
TX-007436,001-453959,Ana Torres,PagoServicio,7799.58,2026-08-27,13:45:49,Aprobada
TX-007437,003-353024,Carlos Perez,Transferencia,9183.25,2026-04-26,07:54:27,Observada
TX-007438,003-222976,Lucia Vega,PagoServicio,9550.65,2026-12-02,11:20:03,Observada
TX-007439,002-978387,Sofia Rojas,Deposito,3312.32,2026-11-22,05:37:22,Observada
TX-007440,004-976987,Miguel Castro,Transferencia,4836.45,2026-10-29,09:07:05,Pendiente
TX-007441,003-669557,Diego Flores,Transferencia,14264.58,2026-10-03,11:32:34,Anulada
TX-007442,002-765788,Elena Vargas,PagoServicio,2242.50,2026-03-20,14:26:15,Aprobada
TX-007443,007-216845,Pedro Castillo,Transferencia,7190.25,2026-11-30,10:53:19,Aprobada
TX-007444,007-517416,Luis Ramos,PagoServicio,9062.47,2026-03-27,12:54:49,Observada
TX-007445,008-160481,Pedro Castillo,Transferencia,4045.22,2026-02-16,10:59:05,Observada
TX-007446,008-564587,Diego Flores,PagoServicio,10124.25,2026-02-10,08:30:10,Anulada
TX-007447,005-532441,Jorge Medina,Transferencia,8520.04,2026-08-30,12:47:22,Observada
TX-007448,001-676196,Jorge Medina,Deposito,9242.16,2026-11-18,07:54:05,Aprobada
TX-007449,003-256840,Diego Flores,Retiro,285.80,2026-09-18,00:29:09,Observada
TX-007450,009-642193,Lucia Vega,PagoServicio,6790.26,2026-08-07,17:16:00,Anulada
TX-007451,009-629263,Maria Soto,Deposito,11667.48,2026-06-26,19:25:03,Pendiente
TX-007452,007-656824,Fernando Diaz,PagoServicio,8072.99,2026-06-17,07:23:40,Rechazada
TX-007453,008-365956,Elena Vargas,Retiro,14082.80,2026-04-02,00:08:01,Aprobada
TX-007454,001-697562,Fernando Diaz,PagoServicio,981.39,2026-05-07,00:07:25,Pendiente
TX-007455,008-953932,Pedro Castillo,Deposito,249.17,2026-11-12,12:14:01,Rechazada
TX-007456,004-503328,Jorge Medina,Retiro,10905.08,2026-02-04,02:48:35,Aprobada
TX-007457,006-500407,Jorge Medina,Transferencia,4162.58,2026-07-28,01:06:01,Rechazada
TX-007458,009-291376,Lucia Vega,PagoServicio,4635.70,2026-08-25,13:28:00,Aprobada
TX-007459,004-571209,Luis Ramos,PagoServicio,11883.98,2026-01-22,17:22:01,Anulada
TX-007460,005-802659,Camila Ruiz,Retiro,9962.01,2026-10-31,22:32:33,Rechazada
TX-007461,002-491853,Elena Vargas,PagoServicio,9583.90,2026-07-02,05:06:26,Anulada
TX-007462,002-934988,Carlos Perez,Transferencia,13230.98,2026-11-19,05:09:51,Anulada
TX-007463,002-482287,Luis Ramos,Transferencia,10640.35,2026-05-29,01:06:32,Anulada
TX-007464,001-127612,Lucia Vega,PagoServicio,8916.18,2026-04-29,00:12:57,Observada
TX-007465,005-395092,Diego Flores,Deposito,909.15,2026-05-15,19:21:43,Anulada
TX-007466,002-444571,Luis Ramos,Retiro,9247.25,2026-12-19,13:10:12,Rechazada
TX-007467,008-686913,Diego Flores,Transferencia,14994.87,2026-10-01,03:26:43,Aprobada
TX-007468,003-555097,Rosa Herrera,Transferencia,326.42,2026-07-14,09:18:14,Observada
TX-007469,001-771604,Sofia Rojas,Transferencia,13389.16,2026-11-20,08:20:22,Pendiente
TX-007470,005-184641,Sofia Rojas,PagoServicio,13067.59,2026-05-31,23:18:44,Aprobada
TX-007471,002-600073,Rosa Herrera,PagoServicio,10275.69,2026-11-21,09:11:03,Anulada
TX-007472,005-271119,Ana Torres,PagoServicio,13329.76,2026-07-02,01:26:12,Aprobada
TX-007473,009-131246,Pedro Castillo,Deposito,8320.02,2026-04-19,19:00:21,Aprobada
TX-007474,005-753342,Camila Ruiz,PagoServicio,7273.07,2026-09-23,16:52:51,Anulada
TX-007475,006-835748,Jorge Medina,Retiro,4280.23,2026-01-03,15:01:57,Aprobada
TX-007476,004-161572,Carlos Perez,Transferencia,5488.85,2026-10-17,21:05:12,Anulada
TX-007477,007-196850,Jorge Medina,Deposito,8846.29,2026-08-25,10:59:56,Observada
TX-007478,003-910733,Maria Soto,Deposito,9165.49,2026-09-04,02:12:40,Observada
TX-007479,007-376790,Camila Ruiz,Transferencia,9154.22,2026-08-18,01:17:48,Pendiente
TX-007480,009-322160,Maria Soto,Deposito,1138.50,2026-08-11,08:54:52,Aprobada
TX-007481,002-110509,Maria Soto,PagoServicio,3493.76,2026-04-12,21:20:55,Anulada
TX-007482,003-251962,Jorge Medina,PagoServicio,10463.40,2026-07-03,21:06:27,Aprobada
TX-007483,009-443276,Diego Flores,Deposito,12756.51,2026-03-06,05:52:09,Observada
TX-007484,009-280673,Carlos Perez,Deposito,11123.51,2026-04-13,11:54:23,Rechazada
TX-007485,005-368506,Valeria Leon,Retiro,1380.14,2026-07-22,22:52:09,Aprobada
TX-007486,002-226578,Pedro Castillo,Deposito,7164.55,2026-08-22,19:14:12,Pendiente
TX-007487,002-804853,Pedro Castillo,Transferencia,3168.71,2026-07-31,21:58:55,Pendiente
TX-007488,006-945136,Carlos Perez,Retiro,13585.87,2026-03-21,12:42:38,Observada
TX-007489,006-114601,Valeria Leon,Retiro,9150.81,2026-04-05,01:35:29,Aprobada
TX-007490,008-435142,Elena Vargas,Retiro,12239.01,2026-02-28,02:52:17,Rechazada
TX-007491,003-392301,Carlos Perez,Deposito,10483.05,2026-02-07,06:49:01,Rechazada
TX-007492,006-936428,Fernando Diaz,PagoServicio,11876.10,2026-12-11,00:42:07,Observada
TX-007493,006-558411,Maria Soto,Transferencia,7367.57,2026-12-11,06:35:25,Rechazada
TX-007494,006-119928,Ana Torres,PagoServicio,10644.77,2026-11-29,16:53:21,Pendiente
TX-007495,006-855427,Valeria Leon,Transferencia,14985.27,2026-04-29,09:07:33,Anulada
TX-007496,003-742882,Elena Vargas,Deposito,634.59,2026-11-30,04:23:12,Anulada
TX-007497,003-644621,Sofia Rojas,Retiro,5486.06,2026-05-15,21:03:39,Anulada
TX-007498,008-884856,Maria Soto,Retiro,13010.69,2026-10-18,22:37:23,Observada
TX-007499,001-903369,Sofia Rojas,Retiro,9454.25,2026-05-21,06:38:29,Anulada
TX-007500,008-859115,Carlos Perez,PagoServicio,301.85,2026-01-24,11:47:00,Pendiente
TX-007501,006-664649,Maria Soto,Retiro,6276.80,2026-10-21,11:56:14,Rechazada
TX-007502,002-528624,Jorge Medina,Deposito,12739.35,2026-01-25,16:00:51,Aprobada
TX-007503,006-307582,Miguel Castro,Retiro,9542.30,2026-06-24,11:11:30,Aprobada
TX-007504,004-976132,Lucia Vega,Transferencia,12443.17,2026-12-06,14:06:24,Pendiente
TX-007505,008-599960,Elena Vargas,Deposito,11359.22,2026-11-27,13:36:33,Anulada
TX-007506,009-830432,Camila Ruiz,PagoServicio,3181.04,2026-07-09,08:19:45,Aprobada
TX-007507,004-560933,Diego Flores,PagoServicio,128.44,2026-01-13,01:10:12,Pendiente
TX-007508,004-630450,Maria Soto,Transferencia,11973.43,2026-10-01,13:59:36,Rechazada
TX-007509,004-790974,Miguel Castro,PagoServicio,12017.77,2026-05-09,04:42:29,Observada
TX-007510,006-986086,Carlos Perez,PagoServicio,11883.58,2026-06-01,01:00:28,Pendiente
TX-007511,005-448310,Luis Ramos,Retiro,9397.69,2026-12-26,22:02:36,Observada
TX-007512,003-277243,Maria Soto,Transferencia,8129.37,2026-12-07,12:06:24,Rechazada
TX-007513,005-909092,Sofia Rojas,Deposito,10152.34,2026-11-07,16:22:22,Rechazada
TX-007514,007-227951,Carlos Perez,Transferencia,6719.04,2026-08-06,02:15:57,Observada
TX-007515,001-864299,Sofia Rojas,Retiro,9082.14,2026-04-13,03:16:25,Pendiente
TX-007516,002-138732,Sofia Rojas,Retiro,7785.31,2026-03-01,00:23:41,Anulada
TX-007517,003-174032,Sofia Rojas,Retiro,14615.62,2026-07-20,12:14:01,Observada
TX-007518,001-420999,Fernando Diaz,Retiro,7276.31,2026-05-25,23:00:30,Observada
TX-007519,002-886641,Ana Torres,Retiro,6328.42,2026-03-16,00:59:41,Aprobada
TX-007520,006-494897,Diego Flores,Deposito,9773.61,2026-09-10,15:10:58,Observada
TX-007521,003-431327,Camila Ruiz,Transferencia,10301.84,2026-05-29,20:47:44,Anulada
TX-007522,005-176879,Maria Soto,Retiro,4793.37,2026-08-01,11:29:39,Anulada
TX-007523,009-744299,Diego Flores,Transferencia,10163.64,2026-08-01,23:42:58,Anulada
TX-007524,009-502233,Rosa Herrera,Transferencia,7884.02,2026-02-05,15:17:06,Aprobada
TX-007525,008-204293,Lucia Vega,Retiro,13712.16,2026-03-21,08:33:51,Observada
TX-007526,001-356362,Rosa Herrera,PagoServicio,7674.97,2026-07-17,03:06:48,Pendiente
TX-007527,009-794519,Valeria Leon,Deposito,3923.45,2026-10-26,23:44:06,Pendiente
TX-007528,004-941186,Miguel Castro,PagoServicio,2023.62,2026-02-13,20:34:43,Rechazada
TX-007529,003-552495,Miguel Castro,PagoServicio,14903.77,2026-11-28,12:51:28,Observada
TX-007530,004-686225,Rosa Herrera,Retiro,11638.89,2026-01-29,05:12:32,Anulada
TX-007531,002-817172,Elena Vargas,Transferencia,12017.47,2026-04-01,11:06:42,Anulada
TX-007532,005-832355,Carlos Perez,Transferencia,11569.37,2026-07-02,03:11:20,Anulada
TX-007533,008-445453,Rosa Herrera,PagoServicio,7694.08,2026-11-02,16:19:58,Pendiente
TX-007534,003-222940,Valeria Leon,Transferencia,8346.53,2026-01-13,19:05:23,Aprobada
TX-007535,009-989432,Fernando Diaz,PagoServicio,4196.31,2026-03-06,12:27:33,Anulada
TX-007536,002-848054,Fernando Diaz,Retiro,1580.91,2026-03-03,22:32:46,Observada
TX-007537,006-749191,Fernando Diaz,PagoServicio,4644.45,2026-01-03,20:41:39,Rechazada
TX-007538,001-237515,Camila Ruiz,Retiro,1612.25,2026-01-29,00:38:22,Observada
TX-007539,009-218831,Jorge Medina,Transferencia,4633.22,2026-10-01,02:46:16,Rechazada
TX-007540,003-617923,Miguel Castro,Deposito,7892.98,2026-08-03,03:28:48,Aprobada
TX-007541,002-658956,Pedro Castillo,Retiro,372.40,2026-03-26,21:55:12,Aprobada
TX-007542,005-222000,Sofia Rojas,Deposito,1963.02,2026-06-26,03:11:07,Rechazada
TX-007543,007-193775,Valeria Leon,Transferencia,155.16,2026-05-14,15:28:21,Rechazada
TX-007544,002-144587,Ana Torres,Transferencia,6900.66,2026-09-13,20:34:01,Rechazada
TX-007545,006-167565,Carlos Perez,PagoServicio,13012.94,2026-03-07,23:33:20,Rechazada
TX-007546,004-669606,Camila Ruiz,Transferencia,1136.67,2026-09-15,06:59:19,Observada
TX-007547,001-285206,Ana Torres,Transferencia,12489.48,2026-05-02,01:35:27,Aprobada
TX-007548,002-892269,Lucia Vega,PagoServicio,9245.80,2026-02-01,23:41:59,Rechazada
TX-007549,007-137596,Elena Vargas,PagoServicio,7435.01,2026-12-14,09:11:15,Observada
TX-007550,003-138091,Camila Ruiz,Deposito,5473.28,2026-09-28,08:11:53,Anulada
TX-007551,009-107550,Sofia Rojas,Retiro,10351.51,2026-12-11,15:20:53,Pendiente
TX-007552,004-352683,Carlos Perez,Deposito,418.06,2026-06-06,05:14:26,Rechazada
TX-007553,007-238461,Pedro Castillo,Transferencia,544.65,2026-11-24,10:06:09,Anulada
TX-007554,005-496221,Luis Ramos,PagoServicio,3671.36,2026-12-08,04:04:57,Pendiente
TX-007555,002-949489,Fernando Diaz,Deposito,1516.42,2026-03-27,23:01:41,Rechazada
TX-007556,001-720423,Sofia Rojas,PagoServicio,3053.19,2026-12-02,21:54:48,Anulada
TX-007557,003-407669,Ana Torres,PagoServicio,4647.90,2026-09-05,16:01:50,Rechazada
TX-007558,006-694608,Camila Ruiz,PagoServicio,6228.95,2026-04-03,18:19:59,Rechazada
TX-007559,001-333094,Rosa Herrera,PagoServicio,3387.06,2026-07-20,23:14:42,Pendiente
TX-007560,008-391452,Carlos Perez,Retiro,9079.13,2026-08-17,08:57:59,Pendiente
TX-007561,009-120376,Fernando Diaz,Transferencia,424.69,2026-08-03,14:47:51,Pendiente
TX-007562,002-510882,Maria Soto,PagoServicio,7327.26,2026-01-18,00:14:27,Aprobada
TX-007563,005-551437,Valeria Leon,Retiro,9729.30,2026-04-15,01:50:52,Observada
TX-007564,006-105703,Miguel Castro,Transferencia,3384.98,2026-04-10,07:03:27,Pendiente
TX-007565,006-635687,Fernando Diaz,Deposito,5833.77,2026-10-16,12:13:59,Pendiente
TX-007566,003-161503,Luis Ramos,Transferencia,11444.03,2026-12-22,07:05:18,Anulada
TX-007567,001-247266,Carlos Perez,Retiro,42.84,2026-05-26,18:04:14,Pendiente
TX-007568,002-729194,Valeria Leon,Transferencia,6095.46,2026-01-07,03:28:56,Anulada
TX-007569,002-993013,Jorge Medina,Deposito,494.83,2026-05-14,10:04:40,Aprobada
TX-007570,003-508821,Miguel Castro,PagoServicio,7102.67,2026-05-18,14:29:49,Aprobada
TX-007571,005-520732,Luis Ramos,PagoServicio,9716.07,2026-09-15,01:08:13,Rechazada
TX-007572,009-757766,Lucia Vega,Retiro,11003.19,2026-09-19,16:54:27,Observada
TX-007573,006-545619,Valeria Leon,PagoServicio,11770.91,2026-03-05,22:48:50,Aprobada
TX-007574,003-103665,Lucia Vega,PagoServicio,1214.19,2026-01-12,14:28:03,Rechazada
TX-007575,007-921029,Camila Ruiz,Deposito,3419.96,2026-07-09,11:25:51,Observada
TX-007576,005-192680,Lucia Vega,Deposito,11780.07,2026-10-08,14:57:17,Observada
TX-007577,002-819562,Elena Vargas,PagoServicio,14065.55,2026-05-11,22:08:48,Rechazada
TX-007578,002-411000,Pedro Castillo,Deposito,5333.40,2026-08-06,10:57:06,Aprobada
TX-007579,001-252198,Camila Ruiz,Transferencia,14701.14,2026-10-07,04:37:31,Anulada
TX-007580,006-419826,Jorge Medina,Retiro,14608.49,2026-06-14,22:43:36,Pendiente
TX-007581,003-950867,Jorge Medina,Retiro,8906.61,2026-03-20,21:17:41,Observada
TX-007582,002-139868,Rosa Herrera,Transferencia,8486.74,2026-03-03,22:31:15,Pendiente
TX-007583,006-159440,Camila Ruiz,Transferencia,3969.11,2026-06-17,05:32:27,Pendiente
TX-007584,008-143206,Maria Soto,Retiro,6280.95,2026-06-20,18:12:37,Pendiente
TX-007585,002-615882,Ana Torres,PagoServicio,201.18,2026-03-09,08:46:11,Pendiente
TX-007586,003-451929,Pedro Castillo,Retiro,9914.52,2026-02-01,04:05:22,Rechazada
TX-007587,005-879094,Luis Ramos,PagoServicio,6324.71,2026-03-14,12:15:30,Anulada
TX-007588,001-703977,Pedro Castillo,Deposito,13892.32,2026-07-10,23:46:55,Pendiente
TX-007589,005-811948,Ana Torres,Transferencia,5831.63,2026-06-24,10:12:17,Anulada
TX-007590,001-468045,Rosa Herrera,Deposito,8321.47,2026-08-04,00:56:48,Aprobada
TX-007591,008-297057,Diego Flores,Retiro,3177.19,2026-11-26,06:17:28,Anulada
TX-007592,007-748478,Camila Ruiz,Transferencia,404.24,2026-12-23,04:30:53,Anulada
TX-007593,003-940279,Diego Flores,PagoServicio,9779.34,2026-05-18,11:03:02,Observada
TX-007594,002-243254,Rosa Herrera,Transferencia,11723.80,2026-05-29,15:39:09,Pendiente
TX-007595,007-391269,Fernando Diaz,PagoServicio,12552.40,2026-07-06,05:21:07,Observada
TX-007596,005-586053,Valeria Leon,Deposito,5742.39,2026-05-09,12:09:15,Aprobada
TX-007597,009-374185,Elena Vargas,Deposito,878.95,2026-09-22,06:43:18,Aprobada
TX-007598,005-359851,Rosa Herrera,Retiro,5349.17,2026-12-09,20:10:13,Aprobada
TX-007599,003-639640,Sofia Rojas,Transferencia,134.19,2026-07-22,07:45:53,Pendiente
TX-007600,006-901856,Miguel Castro,Transferencia,3770.76,2026-07-25,07:57:33,Rechazada
TX-007601,006-816678,Pedro Castillo,Retiro,177.99,2026-03-14,02:27:22,Anulada
TX-007602,007-453734,Miguel Castro,Transferencia,8055.47,2026-02-17,10:50:43,Anulada
TX-007603,009-137039,Rosa Herrera,Deposito,2793.29,2026-11-29,12:49:33,Rechazada
TX-007604,001-991500,Miguel Castro,Deposito,2929.48,2026-06-18,04:26:50,Observada
TX-007605,004-115697,Fernando Diaz,Retiro,12179.71,2026-03-30,03:45:56,Anulada
TX-007606,009-403572,Ana Torres,Transferencia,11066.95,2026-09-05,12:30:04,Observada
TX-007607,008-930207,Sofia Rojas,Retiro,10443.83,2026-12-05,06:12:25,Aprobada
TX-007608,002-870131,Ana Torres,Deposito,200.40,2026-07-10,03:28:10,Aprobada
TX-007609,008-136704,Diego Flores,Deposito,14674.26,2026-04-24,21:10:13,Pendiente
TX-007610,006-840991,Lucia Vega,Transferencia,12746.43,2026-08-18,13:25:46,Aprobada
TX-007611,005-359243,Valeria Leon,PagoServicio,11979.24,2026-07-02,20:24:03,Rechazada
TX-007612,009-774775,Lucia Vega,Retiro,1755.53,2026-09-26,16:18:04,Pendiente
TX-007613,006-533220,Jorge Medina,PagoServicio,9128.17,2026-08-21,19:24:25,Observada
TX-007614,003-690553,Sofia Rojas,Retiro,11055.56,2026-03-29,23:53:04,Rechazada
TX-007615,008-329051,Maria Soto,Deposito,14217.07,2026-07-09,22:03:55,Aprobada
TX-007616,004-809245,Miguel Castro,Transferencia,8568.92,2026-01-16,15:31:50,Pendiente
TX-007617,007-525197,Rosa Herrera,Deposito,10251.72,2026-02-12,09:54:20,Pendiente
TX-007618,002-818513,Carlos Perez,Deposito,2875.99,2026-12-13,17:20:28,Observada
TX-007619,007-643543,Camila Ruiz,Retiro,2263.19,2026-08-13,04:49:18,Anulada
TX-007620,008-503335,Rosa Herrera,Transferencia,9617.70,2026-10-18,16:52:27,Observada
TX-007621,001-471429,Rosa Herrera,Transferencia,8749.37,2026-07-02,20:05:33,Aprobada
TX-007622,003-813774,Lucia Vega,Retiro,12986.81,2026-06-16,03:00:43,Rechazada
TX-007623,008-362513,Fernando Diaz,Retiro,6942.82,2026-07-27,10:17:31,Aprobada
TX-007624,002-328437,Luis Ramos,Deposito,2899.75,2026-01-30,03:42:41,Rechazada
TX-007625,006-806703,Jorge Medina,Transferencia,12073.84,2026-10-19,02:53:09,Anulada
TX-007626,003-534167,Luis Ramos,Transferencia,1638.71,2026-04-22,10:34:10,Observada
TX-007627,007-278861,Ana Torres,PagoServicio,3082.54,2026-06-29,03:17:07,Anulada
TX-007628,008-929574,Rosa Herrera,Retiro,10997.46,2026-05-02,04:23:05,Aprobada
TX-007629,005-964882,Pedro Castillo,Deposito,11904.59,2026-06-12,03:55:58,Pendiente
TX-007630,008-303417,Luis Ramos,Transferencia,11678.81,2026-07-18,18:50:29,Anulada
TX-007631,006-721232,Maria Soto,PagoServicio,6042.33,2026-07-03,20:34:55,Aprobada
TX-007632,001-671932,Miguel Castro,Deposito,3361.66,2026-03-17,11:25:12,Aprobada
TX-007633,002-412699,Valeria Leon,Deposito,7114.10,2026-10-13,18:09:16,Aprobada
TX-007634,007-491666,Elena Vargas,PagoServicio,156.51,2026-07-25,15:26:16,Aprobada
TX-007635,005-171858,Valeria Leon,Transferencia,11268.32,2026-09-18,14:06:43,Rechazada
TX-007636,005-398144,Sofia Rojas,Retiro,8340.64,2026-10-31,14:25:29,Rechazada
TX-007637,007-168788,Jorge Medina,Retiro,3941.92,2026-05-27,14:51:53,Aprobada
TX-007638,009-579735,Carlos Perez,PagoServicio,12519.14,2026-01-31,08:48:23,Pendiente
TX-007639,004-823042,Luis Ramos,Transferencia,2857.88,2026-12-20,18:11:33,Rechazada
TX-007640,003-718106,Fernando Diaz,Retiro,7806.27,2026-01-03,16:26:25,Pendiente
TX-007641,006-107083,Camila Ruiz,Retiro,59.25,2026-12-15,18:53:39,Anulada
TX-007642,004-390648,Diego Flores,Transferencia,9821.44,2026-06-06,01:25:47,Pendiente
TX-007643,008-532452,Lucia Vega,Retiro,10883.07,2026-03-18,17:39:28,Anulada
TX-007644,007-681941,Rosa Herrera,Transferencia,3059.94,2026-04-01,19:47:21,Observada
TX-007645,003-832590,Maria Soto,PagoServicio,12149.37,2026-10-31,06:58:26,Anulada
TX-007646,002-685384,Luis Ramos,Deposito,5186.88,2026-03-22,14:26:20,Anulada
TX-007647,003-482776,Fernando Diaz,Retiro,522.33,2026-03-09,22:14:42,Aprobada
TX-007648,004-516835,Jorge Medina,Transferencia,6127.25,2026-09-11,01:56:39,Rechazada
TX-007649,004-628123,Lucia Vega,Transferencia,13708.91,2026-07-03,21:54:25,Anulada
TX-007650,008-523272,Ana Torres,Retiro,7668.39,2026-05-01,07:16:33,Anulada
TX-007651,001-595008,Maria Soto,PagoServicio,13701.17,2026-09-24,07:16:30,Pendiente
TX-007652,009-633528,Luis Ramos,Transferencia,5084.16,2026-01-12,18:14:57,Rechazada
TX-007653,002-537726,Jorge Medina,Transferencia,2612.77,2026-07-18,08:20:09,Rechazada
TX-007654,008-739193,Camila Ruiz,Retiro,9030.04,2026-07-29,17:36:03,Pendiente
TX-007655,004-893596,Ana Torres,Retiro,14483.47,2026-11-04,21:17:27,Rechazada
TX-007656,008-777640,Valeria Leon,Transferencia,4115.68,2026-08-11,05:02:15,Pendiente
TX-007657,004-722398,Pedro Castillo,Retiro,12414.75,2026-06-13,18:56:19,Anulada
TX-007658,009-864538,Maria Soto,Retiro,14196.87,2026-10-29,11:28:41,Rechazada
TX-007659,001-559980,Maria Soto,Deposito,12215.15,2026-06-10,21:46:43,Aprobada
TX-007660,002-457208,Sofia Rojas,Retiro,3475.67,2026-01-21,04:32:34,Observada
TX-007661,008-679380,Ana Torres,Transferencia,10190.79,2026-04-19,12:33:16,Observada
TX-007662,008-139224,Luis Ramos,Deposito,10559.27,2026-01-31,01:58:49,Rechazada
TX-007663,009-100917,Lucia Vega,Deposito,6568.47,2026-12-11,11:10:26,Rechazada
TX-007664,001-689133,Carlos Perez,PagoServicio,1931.12,2026-08-02,00:22:51,Observada
TX-007665,005-628263,Pedro Castillo,PagoServicio,2795.43,2026-11-14,00:16:04,Observada
TX-007666,009-777946,Valeria Leon,PagoServicio,10542.51,2026-07-06,06:38:11,Rechazada
TX-007667,003-936514,Jorge Medina,PagoServicio,14533.24,2026-01-10,20:07:43,Observada
TX-007668,004-740911,Elena Vargas,Deposito,9612.92,2026-10-02,03:26:38,Rechazada
TX-007669,007-684404,Diego Flores,Transferencia,6405.39,2026-10-28,01:11:54,Observada
TX-007670,005-178069,Fernando Diaz,PagoServicio,8909.02,2026-04-08,11:33:44,Rechazada
TX-007671,007-524323,Elena Vargas,Retiro,10135.09,2026-07-04,17:10:05,Pendiente
TX-007672,007-918996,Luis Ramos,Deposito,5309.65,2026-05-14,01:45:53,Observada
TX-007673,008-605056,Fernando Diaz,PagoServicio,13339.05,2026-05-21,15:52:13,Anulada
TX-007674,003-821412,Diego Flores,Deposito,14468.43,2026-07-16,03:53:13,Rechazada
TX-007675,007-177291,Valeria Leon,Retiro,6602.78,2026-05-02,04:33:37,Anulada
TX-007676,003-299343,Rosa Herrera,PagoServicio,572.60,2026-02-20,16:35:59,Pendiente
TX-007677,005-440152,Ana Torres,Retiro,5277.60,2026-11-26,00:48:36,Observada
TX-007678,008-771541,Ana Torres,Retiro,1816.93,2026-07-06,04:13:39,Anulada
TX-007679,003-747861,Pedro Castillo,Transferencia,13697.95,2026-10-22,18:36:57,Aprobada
TX-007680,001-345521,Jorge Medina,PagoServicio,3132.76,2026-03-04,20:32:11,Anulada
TX-007681,005-102678,Carlos Perez,Transferencia,4567.26,2026-07-10,15:01:23,Pendiente
TX-007682,002-755502,Maria Soto,PagoServicio,9168.08,2026-11-16,05:28:06,Anulada
TX-007683,001-637403,Fernando Diaz,PagoServicio,4789.17,2026-11-30,10:34:38,Aprobada
TX-007684,001-649463,Sofia Rojas,Transferencia,9224.63,2026-08-19,12:37:58,Observada
TX-007685,001-620122,Miguel Castro,Retiro,9373.44,2026-03-22,05:52:59,Aprobada
TX-007686,004-234118,Diego Flores,Deposito,493.86,2026-09-20,15:04:55,Observada
TX-007687,006-716618,Lucia Vega,Retiro,5390.90,2026-01-17,14:59:01,Aprobada
TX-007688,007-491622,Jorge Medina,Deposito,5479.67,2026-07-04,09:15:17,Pendiente
TX-007689,009-496389,Carlos Perez,Retiro,8333.11,2026-01-05,04:14:52,Observada
TX-007690,001-922310,Pedro Castillo,PagoServicio,899.19,2026-12-12,07:39:47,Pendiente
TX-007691,006-602105,Carlos Perez,Deposito,1745.81,2026-08-11,05:42:13,Observada
TX-007692,001-916642,Ana Torres,PagoServicio,13922.34,2026-11-18,13:58:00,Aprobada
TX-007693,007-943143,Camila Ruiz,Transferencia,9903.27,2026-03-17,05:12:57,Aprobada
TX-007694,008-496850,Sofia Rojas,Transferencia,12069.55,2026-03-05,21:28:23,Pendiente
TX-007695,005-827312,Pedro Castillo,PagoServicio,9016.38,2026-09-30,18:39:34,Anulada
TX-007696,002-635052,Luis Ramos,Deposito,3201.70,2026-10-22,19:45:53,Observada
TX-007697,008-444080,Jorge Medina,Deposito,12705.89,2026-05-21,13:30:55,Pendiente
TX-007698,007-923457,Ana Torres,PagoServicio,8353.35,2026-04-15,04:56:26,Rechazada
TX-007699,007-122436,Pedro Castillo,Retiro,3539.65,2026-07-23,20:20:15,Anulada
TX-007700,003-952357,Camila Ruiz,Deposito,9123.93,2026-08-17,16:12:28,Observada
TX-007701,007-495487,Fernando Diaz,Transferencia,8205.56,2026-10-31,11:07:13,Aprobada
TX-007702,009-588901,Rosa Herrera,Deposito,7767.75,2026-01-15,01:23:00,Pendiente
TX-007703,002-403170,Camila Ruiz,Transferencia,2902.52,2026-03-28,15:02:31,Pendiente
TX-007704,009-566524,Lucia Vega,Deposito,1588.42,2026-11-08,11:08:40,Observada
TX-007705,002-691140,Elena Vargas,Retiro,13000.02,2026-08-26,20:35:28,Aprobada
TX-007706,003-265848,Camila Ruiz,Retiro,13188.82,2026-08-22,06:33:42,Pendiente
TX-007707,005-325914,Luis Ramos,Retiro,1280.65,2026-03-18,14:56:45,Pendiente
TX-007708,006-446406,Miguel Castro,PagoServicio,9103.82,2026-08-20,16:24:30,Aprobada
TX-007709,001-598558,Maria Soto,Deposito,6022.12,2026-10-31,13:25:48,Anulada
TX-007710,008-237489,Carlos Perez,Transferencia,5730.03,2026-03-23,10:55:19,Observada
TX-007711,006-568446,Miguel Castro,Retiro,6636.49,2026-01-29,14:56:39,Pendiente
TX-007712,002-925755,Ana Torres,Deposito,1494.66,2026-06-04,22:20:58,Observada
TX-007713,008-606751,Sofia Rojas,PagoServicio,9097.03,2026-11-09,10:52:45,Anulada
TX-007714,004-879492,Maria Soto,Retiro,4076.93,2026-08-22,14:10:22,Observada
TX-007715,008-328717,Jorge Medina,Transferencia,8844.41,2026-07-03,04:07:18,Pendiente
TX-007716,006-917327,Jorge Medina,Transferencia,12137.77,2026-01-12,16:37:31,Anulada
TX-007717,005-450730,Lucia Vega,Transferencia,13839.50,2026-07-28,23:23:29,Anulada
TX-007718,005-412621,Carlos Perez,Retiro,5662.25,2026-08-17,08:36:30,Observada
TX-007719,007-699181,Lucia Vega,Transferencia,3540.85,2026-05-31,22:30:27,Observada
TX-007720,008-382629,Rosa Herrera,PagoServicio,12619.27,2026-08-23,16:48:38,Anulada
TX-007721,007-731791,Miguel Castro,Transferencia,7795.24,2026-07-05,23:56:39,Anulada
TX-007722,007-343212,Diego Flores,Transferencia,14803.66,2026-04-26,08:24:31,Aprobada
TX-007723,009-826350,Carlos Perez,Deposito,8765.44,2026-10-17,16:09:17,Anulada
TX-007724,005-739531,Ana Torres,Deposito,11851.40,2026-04-12,03:12:58,Observada
TX-007725,005-295305,Jorge Medina,Transferencia,6796.44,2026-05-21,16:53:29,Pendiente
TX-007726,005-460279,Fernando Diaz,Retiro,7211.54,2026-06-09,23:47:24,Aprobada
TX-007727,001-730791,Pedro Castillo,Deposito,6906.40,2026-09-10,03:15:31,Rechazada
TX-007728,009-598339,Lucia Vega,Transferencia,6851.04,2026-02-05,02:17:01,Anulada
TX-007729,004-740628,Luis Ramos,Deposito,5733.63,2026-01-03,19:57:29,Rechazada
TX-007730,008-672667,Maria Soto,Transferencia,3433.53,2026-06-10,17:52:30,Anulada
TX-007731,002-808800,Elena Vargas,Transferencia,8401.84,2026-09-09,03:57:01,Pendiente
TX-007732,009-618843,Jorge Medina,PagoServicio,16.36,2026-10-07,10:57:54,Observada
TX-007733,006-130831,Luis Ramos,Retiro,8640.03,2026-09-19,02:43:40,Anulada
TX-007734,004-978747,Rosa Herrera,Retiro,14777.07,2026-06-02,21:27:14,Observada
TX-007735,008-825208,Rosa Herrera,Deposito,11600.23,2026-11-11,12:54:32,Observada
TX-007736,004-196459,Rosa Herrera,PagoServicio,11667.82,2026-01-27,00:56:19,Anulada
TX-007737,007-290102,Sofia Rojas,PagoServicio,10969.47,2026-10-13,09:01:52,Anulada
TX-007738,007-173402,Sofia Rojas,Retiro,11935.01,2026-10-25,07:56:41,Anulada
TX-007739,007-317715,Rosa Herrera,Transferencia,3634.43,2026-12-31,11:01:03,Rechazada
TX-007740,003-880373,Rosa Herrera,PagoServicio,1956.09,2026-09-23,23:10:04,Anulada
TX-007741,009-541847,Lucia Vega,Transferencia,9154.53,2026-06-06,06:38:24,Observada
TX-007742,006-948466,Miguel Castro,Deposito,8509.66,2026-06-25,17:41:00,Aprobada
TX-007743,006-335927,Sofia Rojas,Deposito,4042.67,2026-11-08,19:12:20,Rechazada
TX-007744,005-690501,Camila Ruiz,Deposito,4316.09,2026-02-21,05:55:09,Aprobada
TX-007745,008-498763,Maria Soto,Transferencia,13576.76,2026-09-11,06:28:24,Aprobada
TX-007746,002-834664,Maria Soto,Retiro,13452.03,2026-12-23,11:20:07,Anulada
TX-007747,003-658508,Ana Torres,Transferencia,11849.95,2026-08-17,19:56:22,Rechazada
TX-007748,001-472611,Carlos Perez,PagoServicio,4826.97,2026-04-23,04:08:26,Pendiente
TX-007749,007-650121,Sofia Rojas,PagoServicio,8984.04,2026-01-15,21:25:36,Aprobada
TX-007750,003-329091,Carlos Perez,Transferencia,11786.66,2026-05-03,18:36:36,Rechazada
TX-007751,005-115289,Lucia Vega,Transferencia,13918.50,2026-09-05,11:44:01,Observada
TX-007752,006-638998,Fernando Diaz,Deposito,10430.91,2026-02-26,11:08:45,Observada
TX-007753,007-642396,Sofia Rojas,Transferencia,9778.29,2026-03-09,18:57:44,Observada
TX-007754,008-953721,Elena Vargas,Retiro,12066.87,2026-03-29,20:20:18,Rechazada
TX-007755,006-557063,Miguel Castro,Deposito,13568.55,2026-01-08,17:41:53,Aprobada
TX-007756,009-380757,Lucia Vega,Deposito,6721.73,2026-05-27,21:08:00,Aprobada
TX-007757,007-966422,Fernando Diaz,Retiro,13264.66,2026-11-23,16:51:25,Pendiente
TX-007758,001-866884,Sofia Rojas,Deposito,989.28,2026-03-25,00:48:49,Aprobada
TX-007759,009-421829,Luis Ramos,PagoServicio,13317.29,2026-09-17,13:37:20,Rechazada
TX-007760,007-486507,Miguel Castro,Retiro,3187.14,2026-09-04,10:19:11,Observada
TX-007761,006-835198,Elena Vargas,Deposito,4228.83,2026-10-18,09:42:28,Aprobada
TX-007762,003-957952,Camila Ruiz,Transferencia,3313.52,2026-10-22,21:16:36,Anulada
TX-007763,005-873248,Sofia Rojas,PagoServicio,10134.51,2026-06-19,04:01:23,Pendiente
TX-007764,005-807648,Ana Torres,Transferencia,13091.62,2026-11-16,06:30:05,Anulada
TX-007765,003-839624,Valeria Leon,Transferencia,13390.26,2026-09-21,22:46:32,Rechazada
TX-007766,006-322319,Pedro Castillo,Deposito,12385.02,2026-05-14,03:36:28,Observada
TX-007767,003-969689,Valeria Leon,PagoServicio,12093.49,2026-09-09,01:59:52,Aprobada
TX-007768,008-827254,Valeria Leon,Transferencia,12536.97,2026-04-07,08:04:59,Anulada
TX-007769,005-846172,Jorge Medina,Deposito,12703.73,2026-04-06,02:17:43,Pendiente
TX-007770,001-585698,Camila Ruiz,Deposito,9280.38,2026-07-15,08:12:47,Pendiente
TX-007771,001-492486,Fernando Diaz,Retiro,10051.45,2026-01-21,02:43:28,Pendiente
TX-007772,006-906189,Lucia Vega,PagoServicio,10689.13,2026-01-31,07:45:25,Rechazada
TX-007773,001-521020,Diego Flores,Transferencia,9931.47,2026-09-08,08:52:10,Observada
TX-007774,002-200360,Diego Flores,Deposito,11571.78,2026-06-26,10:41:33,Rechazada
TX-007775,008-263089,Pedro Castillo,Retiro,11862.20,2026-04-01,02:43:12,Aprobada
TX-007776,006-661140,Lucia Vega,PagoServicio,4647.54,2026-10-24,15:20:31,Anulada
TX-007777,005-384651,Elena Vargas,Retiro,8210.28,2026-09-25,04:12:32,Pendiente
TX-007778,005-805441,Ana Torres,Transferencia,8771.01,2026-03-06,01:03:52,Rechazada
TX-007779,002-702921,Pedro Castillo,Transferencia,14338.01,2026-08-06,13:27:02,Observada
TX-007780,004-115825,Elena Vargas,Deposito,10271.26,2026-08-14,23:02:25,Aprobada
TX-007781,001-351547,Rosa Herrera,Deposito,9513.94,2026-10-24,12:59:27,Rechazada
TX-007782,003-882247,Diego Flores,Retiro,13200.18,2026-02-25,05:17:21,Aprobada
TX-007783,006-814454,Pedro Castillo,Deposito,10605.82,2026-12-31,19:22:28,Observada
TX-007784,003-629520,Lucia Vega,PagoServicio,5578.30,2026-11-06,09:23:23,Pendiente
TX-007785,008-672905,Fernando Diaz,Retiro,12516.18,2026-11-11,16:13:00,Rechazada
TX-007786,004-731622,Diego Flores,Deposito,3120.74,2026-01-12,10:48:50,Anulada
TX-007787,006-183306,Valeria Leon,Deposito,11430.27,2026-08-01,09:53:55,Observada
TX-007788,009-295881,Rosa Herrera,Transferencia,10186.01,2026-08-08,18:15:07,Pendiente
TX-007789,008-288859,Fernando Diaz,Retiro,9063.95,2026-07-21,08:08:19,Rechazada
TX-007790,001-815253,Miguel Castro,Transferencia,8417.21,2026-08-07,10:27:19,Observada
TX-007791,006-761821,Camila Ruiz,Deposito,6069.14,2026-11-05,03:40:20,Aprobada
TX-007792,008-890295,Lucia Vega,Deposito,13037.91,2026-03-03,02:44:56,Pendiente
TX-007793,007-771434,Jorge Medina,Transferencia,13440.41,2026-12-21,06:19:33,Rechazada
TX-007794,008-204234,Valeria Leon,PagoServicio,5356.65,2026-06-25,12:56:02,Pendiente
TX-007795,001-933271,Diego Flores,Transferencia,9971.32,2026-01-14,10:05:17,Observada
TX-007796,006-795217,Elena Vargas,Retiro,694.23,2026-06-05,11:53:44,Anulada
TX-007797,001-585187,Lucia Vega,Retiro,8719.40,2026-09-03,18:00:23,Observada
TX-007798,005-658856,Lucia Vega,PagoServicio,14934.21,2026-03-15,20:15:51,Anulada
TX-007799,003-143445,Maria Soto,Deposito,9440.52,2026-04-10,04:30:10,Pendiente
TX-007800,001-815199,Jorge Medina,Retiro,9535.41,2026-08-11,23:32:00,Observada
TX-007801,002-667719,Camila Ruiz,Transferencia,1820.68,2026-03-12,05:52:15,Aprobada
TX-007802,004-894102,Sofia Rojas,PagoServicio,13647.64,2026-08-26,01:33:50,Aprobada
TX-007803,007-748423,Rosa Herrera,Deposito,13917.90,2026-12-13,21:17:31,Observada
TX-007804,002-769643,Rosa Herrera,PagoServicio,6232.48,2026-06-13,05:26:29,Pendiente
TX-007805,008-169501,Ana Torres,PagoServicio,10418.74,2026-03-27,09:23:01,Pendiente
TX-007806,003-564485,Pedro Castillo,PagoServicio,5506.37,2026-09-30,05:51:07,Aprobada
TX-007807,009-360010,Luis Ramos,Retiro,181.43,2026-01-03,00:08:52,Aprobada
TX-007808,007-183942,Camila Ruiz,Retiro,2685.32,2026-05-09,08:45:43,Rechazada
TX-007809,001-162301,Miguel Castro,PagoServicio,4435.14,2026-11-10,12:56:24,Observada
TX-007810,007-845896,Fernando Diaz,Deposito,3169.82,2026-01-15,15:14:13,Anulada
TX-007811,007-125376,Rosa Herrera,Deposito,2234.03,2026-11-29,22:51:53,Rechazada
TX-007812,002-517146,Jorge Medina,Retiro,3191.77,2026-11-27,14:42:59,Pendiente
TX-007813,007-977423,Fernando Diaz,Deposito,14782.53,2026-07-04,03:49:27,Aprobada
TX-007814,001-499276,Ana Torres,PagoServicio,928.99,2026-06-26,09:38:54,Rechazada
TX-007815,008-575139,Valeria Leon,Retiro,1095.27,2026-02-17,11:26:28,Anulada
TX-007816,002-141266,Ana Torres,PagoServicio,2422.51,2026-08-25,03:40:56,Aprobada
TX-007817,009-792797,Lucia Vega,PagoServicio,9313.59,2026-11-20,00:03:50,Anulada
TX-007818,001-861701,Luis Ramos,Transferencia,6846.94,2026-10-13,09:17:46,Pendiente
TX-007819,007-384608,Jorge Medina,PagoServicio,11105.58,2026-07-29,11:07:42,Pendiente
TX-007820,008-893085,Pedro Castillo,PagoServicio,8892.57,2026-12-11,05:50:40,Rechazada
TX-007821,004-517820,Camila Ruiz,PagoServicio,13061.56,2026-05-05,08:28:49,Anulada
TX-007822,005-905528,Jorge Medina,Transferencia,12503.53,2026-01-09,01:12:41,Anulada
TX-007823,004-878341,Miguel Castro,PagoServicio,7943.51,2026-07-29,16:32:59,Observada
TX-007824,006-270115,Carlos Perez,Transferencia,8075.32,2026-04-23,05:47:28,Pendiente
TX-007825,004-303000,Lucia Vega,Retiro,381.82,2026-08-26,15:02:16,Anulada
TX-007826,003-127305,Rosa Herrera,PagoServicio,12731.38,2026-01-01,19:59:25,Aprobada
TX-007827,003-511722,Rosa Herrera,PagoServicio,5249.21,2026-04-12,17:00:12,Observada
TX-007828,006-312148,Rosa Herrera,PagoServicio,12076.10,2026-11-03,18:25:18,Aprobada
TX-007829,007-321059,Valeria Leon,Retiro,5129.07,2026-02-10,10:15:16,Observada
TX-007830,003-960036,Camila Ruiz,Retiro,799.94,2026-11-24,06:24:53,Pendiente
TX-007831,009-271813,Luis Ramos,PagoServicio,12024.60,2026-03-10,01:42:47,Observada
TX-007832,004-818439,Carlos Perez,Transferencia,8165.80,2026-12-19,04:45:23,Aprobada
TX-007833,005-680271,Elena Vargas,Transferencia,8033.64,2026-09-26,12:04:43,Anulada
TX-007834,007-828382,Luis Ramos,Transferencia,2502.33,2026-05-23,15:48:44,Anulada
TX-007835,001-417283,Lucia Vega,Retiro,910.56,2026-05-04,17:11:21,Observada
TX-007836,008-233033,Luis Ramos,Transferencia,2011.74,2026-02-11,13:28:35,Observada
TX-007837,009-210837,Ana Torres,Transferencia,14468.67,2026-11-27,12:12:28,Observada
TX-007838,007-549744,Carlos Perez,Deposito,1939.14,2026-05-10,15:28:54,Rechazada
TX-007839,007-607504,Carlos Perez,PagoServicio,1727.04,2026-01-05,20:27:42,Observada
TX-007840,001-514120,Valeria Leon,PagoServicio,7894.43,2026-06-18,05:11:40,Pendiente
TX-007841,007-874033,Miguel Castro,Deposito,1521.74,2026-07-03,13:30:13,Rechazada
TX-007842,006-736356,Miguel Castro,Deposito,6421.69,2026-08-10,01:59:48,Pendiente
TX-007843,004-766681,Jorge Medina,Deposito,14655.31,2026-05-14,03:03:16,Rechazada
TX-007844,006-581680,Jorge Medina,PagoServicio,8080.14,2026-11-21,03:01:05,Anulada
TX-007845,008-852300,Jorge Medina,Retiro,10210.92,2026-08-11,08:28:19,Pendiente
TX-007846,002-506878,Camila Ruiz,PagoServicio,519.76,2026-10-09,14:49:55,Rechazada
TX-007847,004-788481,Jorge Medina,Transferencia,1506.73,2026-09-20,16:04:11,Aprobada
TX-007848,006-847092,Camila Ruiz,Transferencia,10186.49,2026-11-06,03:27:38,Aprobada
TX-007849,006-775423,Rosa Herrera,Transferencia,9318.57,2026-05-28,13:39:44,Rechazada
TX-007850,003-334458,Ana Torres,Deposito,7320.08,2026-07-10,19:19:42,Rechazada
TX-007851,006-852596,Diego Flores,PagoServicio,1138.78,2026-02-05,12:30:51,Pendiente
TX-007852,006-820055,Camila Ruiz,Retiro,3459.26,2026-10-30,01:23:15,Anulada
TX-007853,005-196076,Sofia Rojas,Retiro,13861.80,2026-09-23,09:33:07,Anulada
TX-007854,001-555510,Maria Soto,Transferencia,4820.49,2026-09-28,03:22:28,Observada
TX-007855,007-156171,Camila Ruiz,Retiro,410.41,2026-12-28,05:22:21,Anulada
TX-007856,009-160801,Pedro Castillo,Transferencia,9587.18,2026-03-25,16:17:01,Pendiente
TX-007857,004-387426,Miguel Castro,Retiro,6117.11,2026-05-05,22:45:21,Observada
TX-007858,009-164211,Fernando Diaz,PagoServicio,6649.46,2026-09-02,06:39:57,Rechazada
TX-007859,005-610910,Maria Soto,Deposito,13532.61,2026-04-12,04:51:55,Aprobada
TX-007860,007-586292,Sofia Rojas,Retiro,1424.13,2026-07-28,11:09:31,Observada
TX-007861,005-353140,Ana Torres,PagoServicio,4297.88,2026-04-28,01:27:00,Rechazada
TX-007862,004-246862,Sofia Rojas,Retiro,10943.22,2026-07-22,21:58:36,Observada
TX-007863,001-733376,Fernando Diaz,Retiro,8759.68,2026-05-11,08:00:43,Aprobada
TX-007864,007-804661,Maria Soto,Transferencia,8351.75,2026-05-16,07:47:00,Pendiente
TX-007865,009-927978,Maria Soto,PagoServicio,2106.44,2026-07-05,03:52:47,Rechazada
TX-007866,004-207036,Miguel Castro,Retiro,5070.91,2026-02-07,08:26:08,Rechazada
TX-007867,009-587550,Sofia Rojas,PagoServicio,3351.89,2026-01-03,17:26:03,Pendiente
TX-007868,002-753133,Jorge Medina,Deposito,3925.91,2026-07-01,14:27:15,Observada
TX-007869,006-849759,Maria Soto,Retiro,4557.23,2026-11-25,02:08:26,Anulada
TX-007870,007-641111,Rosa Herrera,Deposito,14101.81,2026-02-14,14:14:11,Observada
TX-007871,003-169762,Jorge Medina,Deposito,1091.53,2026-02-10,12:15:33,Rechazada
TX-007872,006-821078,Camila Ruiz,Retiro,9438.46,2026-04-26,08:54:43,Pendiente
TX-007873,005-773601,Jorge Medina,Transferencia,10678.27,2026-11-20,21:32:18,Pendiente
TX-007874,001-756006,Ana Torres,Deposito,12085.59,2026-06-20,17:33:55,Pendiente
TX-007875,006-843677,Valeria Leon,Transferencia,7275.60,2026-06-12,22:05:16,Pendiente
TX-007876,009-581955,Valeria Leon,Deposito,1734.32,2026-07-31,21:35:05,Rechazada
TX-007877,002-287485,Jorge Medina,PagoServicio,706.48,2026-07-28,01:47:01,Rechazada
TX-007878,004-467156,Diego Flores,Deposito,8114.47,2026-09-05,11:11:11,Rechazada
TX-007879,005-479907,Maria Soto,Deposito,12393.38,2026-11-09,00:55:08,Anulada
TX-007880,009-224462,Sofia Rojas,Transferencia,9953.76,2026-12-08,17:48:11,Pendiente
TX-007881,004-424236,Luis Ramos,PagoServicio,6364.53,2026-11-19,05:34:22,Pendiente
TX-007882,005-527173,Luis Ramos,Deposito,1489.61,2026-09-08,09:18:59,Anulada
TX-007883,002-134186,Camila Ruiz,Transferencia,4400.59,2026-10-29,07:41:08,Observada
TX-007884,004-695772,Camila Ruiz,Transferencia,9444.04,2026-11-18,16:26:53,Anulada
TX-007885,009-959159,Camila Ruiz,Retiro,14110.41,2026-05-02,16:56:10,Anulada
TX-007886,005-395416,Valeria Leon,Transferencia,10116.27,2026-02-22,07:12:08,Observada
TX-007887,008-177055,Maria Soto,PagoServicio,14694.90,2026-09-28,19:22:39,Aprobada
TX-007888,006-503886,Camila Ruiz,Deposito,2927.59,2026-11-20,19:35:24,Anulada
TX-007889,001-973531,Diego Flores,Transferencia,10220.42,2026-04-20,10:25:04,Pendiente
TX-007890,008-697606,Elena Vargas,Deposito,220.00,2026-07-24,08:10:29,Aprobada
TX-007891,004-130194,Rosa Herrera,Retiro,2506.95,2026-09-04,16:37:04,Aprobada
TX-007892,007-374123,Miguel Castro,Transferencia,9079.28,2026-10-24,15:32:41,Observada
TX-007893,006-682849,Fernando Diaz,Deposito,503.72,2026-09-27,17:32:08,Anulada
TX-007894,004-587151,Sofia Rojas,Deposito,4836.06,2026-11-16,00:15:22,Observada
TX-007895,006-682061,Jorge Medina,Retiro,7874.94,2026-12-27,17:01:21,Rechazada
TX-007896,004-676859,Elena Vargas,PagoServicio,4810.50,2026-03-11,06:59:28,Observada
TX-007897,001-114028,Valeria Leon,Transferencia,5482.19,2026-07-31,04:06:57,Aprobada
TX-007898,002-651216,Rosa Herrera,Transferencia,113.83,2026-04-07,02:12:16,Aprobada
TX-007899,001-448315,Elena Vargas,Retiro,6846.41,2026-03-01,17:17:57,Anulada
TX-007900,007-649340,Fernando Diaz,PagoServicio,9448.14,2026-11-02,05:49:59,Rechazada
TX-007901,001-892470,Carlos Perez,Transferencia,6820.01,2026-01-24,20:25:16,Anulada
TX-007902,002-900685,Sofia Rojas,Retiro,14093.67,2026-03-21,15:22:36,Anulada
TX-007903,008-496845,Camila Ruiz,PagoServicio,2518.35,2026-05-23,05:57:27,Pendiente
TX-007904,002-465320,Miguel Castro,Transferencia,14633.33,2026-08-06,23:45:18,Aprobada
TX-007905,008-102735,Miguel Castro,Retiro,6820.60,2026-02-22,01:49:07,Anulada
TX-007906,003-972227,Miguel Castro,Deposito,12734.77,2026-12-29,00:24:44,Rechazada
TX-007907,009-528762,Carlos Perez,Deposito,8073.69,2026-11-27,20:58:25,Rechazada
TX-007908,005-712108,Maria Soto,PagoServicio,3011.50,2026-08-15,06:28:01,Anulada
TX-007909,008-776190,Camila Ruiz,Deposito,9240.33,2026-05-17,08:55:52,Anulada
TX-007910,002-155591,Diego Flores,Retiro,11571.01,2026-10-17,21:38:38,Rechazada
TX-007911,004-476917,Pedro Castillo,Deposito,6838.53,2026-02-27,16:12:09,Anulada
TX-007912,004-375297,Sofia Rojas,Retiro,9718.11,2026-11-13,22:03:19,Anulada
TX-007913,002-555790,Luis Ramos,Transferencia,5258.67,2026-12-20,12:20:03,Anulada
TX-007914,008-483441,Carlos Perez,Transferencia,10476.03,2026-02-28,02:14:49,Anulada
TX-007915,007-190484,Lucia Vega,Transferencia,14710.80,2026-12-06,21:53:24,Anulada
TX-007916,005-167616,Sofia Rojas,PagoServicio,8498.87,2026-09-01,14:05:19,Rechazada
TX-007917,001-296190,Jorge Medina,Transferencia,4129.83,2026-11-27,10:07:12,Pendiente
TX-007918,009-184805,Rosa Herrera,Transferencia,8440.74,2026-08-28,05:18:38,Aprobada
TX-007919,008-756759,Maria Soto,Deposito,5064.43,2026-07-20,10:15:41,Pendiente
TX-007920,009-874558,Jorge Medina,Deposito,8807.70,2026-01-17,16:06:19,Aprobada
TX-007921,003-541333,Maria Soto,PagoServicio,5205.45,2026-07-29,17:46:49,Aprobada
TX-007922,008-788690,Maria Soto,Transferencia,12425.21,2026-08-05,11:47:17,Aprobada
TX-007923,006-579022,Rosa Herrera,Transferencia,1214.20,2026-12-17,20:41:38,Observada
TX-007924,005-320537,Rosa Herrera,Deposito,6700.99,2026-09-24,06:22:24,Rechazada
TX-007925,003-446214,Pedro Castillo,Deposito,13099.92,2026-06-13,18:13:56,Anulada
TX-007926,001-836312,Fernando Diaz,Deposito,6370.97,2026-08-21,22:28:05,Aprobada
TX-007927,001-208990,Pedro Castillo,Transferencia,1924.43,2026-03-23,23:15:29,Observada
TX-007928,003-386469,Fernando Diaz,Retiro,4408.02,2026-09-08,16:41:51,Pendiente
TX-007929,008-811337,Ana Torres,Transferencia,2039.94,2026-12-20,21:01:57,Pendiente
TX-007930,002-699945,Fernando Diaz,Transferencia,5903.27,2026-09-10,18:36:33,Observada
TX-007931,003-423239,Fernando Diaz,Deposito,11718.71,2026-01-20,15:47:16,Anulada
TX-007932,006-948107,Jorge Medina,PagoServicio,13464.12,2026-11-22,07:20:52,Pendiente
TX-007933,009-602482,Jorge Medina,Deposito,6876.60,2026-04-05,07:12:34,Aprobada
TX-007934,009-322953,Pedro Castillo,PagoServicio,1989.15,2026-07-28,09:27:00,Anulada
TX-007935,001-747991,Luis Ramos,Transferencia,563.93,2026-09-26,06:39:31,Observada
TX-007936,004-380006,Camila Ruiz,PagoServicio,4617.84,2026-10-27,03:54:57,Aprobada
TX-007937,009-115056,Miguel Castro,Deposito,13341.76,2026-02-22,06:41:58,Aprobada
TX-007938,003-264509,Carlos Perez,Transferencia,4747.31,2026-12-04,01:49:27,Anulada
TX-007939,008-460966,Jorge Medina,Retiro,3229.83,2026-10-29,19:37:09,Observada
TX-007940,009-912261,Camila Ruiz,Retiro,13962.12,2026-11-26,17:00:15,Observada
TX-007941,007-460943,Jorge Medina,Deposito,10917.74,2026-05-15,18:41:57,Rechazada
TX-007942,006-633644,Sofia Rojas,Deposito,14111.51,2026-12-07,12:22:52,Anulada
TX-007943,006-125658,Fernando Diaz,PagoServicio,11435.45,2026-04-14,20:05:59,Anulada
TX-007944,008-650652,Maria Soto,PagoServicio,4655.10,2026-07-18,02:56:41,Observada
TX-007945,002-335053,Ana Torres,Transferencia,815.72,2026-05-14,08:45:43,Pendiente
TX-007946,005-524892,Camila Ruiz,Deposito,5115.17,2026-04-07,19:53:17,Rechazada
TX-007947,005-566326,Diego Flores,Deposito,2052.11,2026-04-14,02:41:19,Anulada
TX-007948,005-401809,Jorge Medina,Transferencia,4306.80,2026-02-15,22:18:41,Pendiente
TX-007949,006-136937,Pedro Castillo,PagoServicio,3188.00,2026-03-18,01:13:38,Observada
TX-007950,001-548160,Diego Flores,Deposito,9734.91,2026-11-28,04:12:23,Aprobada
TX-007951,009-209521,Diego Flores,PagoServicio,9728.50,2026-03-18,19:50:56,Anulada
TX-007952,008-997062,Miguel Castro,Deposito,9827.78,2026-05-16,05:58:47,Pendiente
TX-007953,005-271475,Maria Soto,Transferencia,9980.92,2026-04-06,14:17:35,Rechazada
TX-007954,005-180275,Diego Flores,PagoServicio,12708.71,2026-12-12,19:15:11,Observada
TX-007955,002-184914,Valeria Leon,Transferencia,12912.70,2026-10-05,05:21:44,Observada
TX-007956,008-831000,Rosa Herrera,PagoServicio,4424.74,2026-11-14,15:35:56,Rechazada
TX-007957,007-154108,Miguel Castro,Deposito,8187.10,2026-01-01,23:32:20,Anulada
TX-007958,009-447960,Diego Flores,Retiro,6582.95,2026-04-11,07:28:19,Rechazada
TX-007959,007-701297,Rosa Herrera,Deposito,7060.23,2026-08-23,17:56:52,Rechazada
TX-007960,005-913222,Jorge Medina,PagoServicio,10461.66,2026-07-20,16:44:01,Anulada
TX-007961,004-850077,Valeria Leon,PagoServicio,1231.62,2026-09-03,09:17:59,Aprobada
TX-007962,009-797620,Jorge Medina,PagoServicio,5752.66,2026-10-10,09:45:30,Pendiente
TX-007963,009-806629,Ana Torres,Deposito,2843.89,2026-11-03,13:52:59,Anulada
TX-007964,007-765299,Pedro Castillo,Retiro,10887.25,2026-12-18,12:57:46,Observada
TX-007965,001-771291,Rosa Herrera,Transferencia,12894.52,2026-03-17,05:33:38,Aprobada
TX-007966,003-540319,Ana Torres,Deposito,4785.14,2026-11-25,12:18:58,Observada
TX-007967,005-165134,Maria Soto,Deposito,13897.30,2026-08-30,05:44:09,Pendiente
TX-007968,009-899557,Jorge Medina,PagoServicio,8602.65,2026-05-26,09:00:22,Anulada
TX-007969,002-771490,Maria Soto,PagoServicio,7742.60,2026-03-30,05:10:42,Aprobada
TX-007970,008-643612,Carlos Perez,PagoServicio,13003.64,2026-02-12,09:46:37,Anulada
TX-007971,004-465484,Diego Flores,Deposito,1645.61,2026-10-14,01:23:46,Rechazada
TX-007972,005-443704,Diego Flores,Retiro,3035.29,2026-11-11,22:11:51,Pendiente
TX-007973,009-158504,Fernando Diaz,Retiro,4341.74,2026-05-04,23:40:11,Observada
TX-007974,002-206560,Rosa Herrera,PagoServicio,14907.31,2026-11-11,22:42:03,Observada
TX-007975,005-908937,Carlos Perez,Deposito,1549.23,2026-11-01,04:56:03,Pendiente
TX-007976,003-639307,Miguel Castro,PagoServicio,3025.41,2026-07-12,13:20:03,Aprobada
TX-007977,003-315518,Luis Ramos,PagoServicio,3853.97,2026-12-17,14:28:48,Aprobada
TX-007978,003-650149,Fernando Diaz,Transferencia,676.63,2026-05-28,17:01:04,Aprobada
TX-007979,008-506711,Carlos Perez,Deposito,4114.17,2026-03-22,15:13:49,Pendiente
TX-007980,007-102159,Maria Soto,PagoServicio,14557.75,2026-03-22,19:15:33,Rechazada
TX-007981,006-517416,Lucia Vega,Transferencia,10658.15,2026-09-05,21:33:05,Rechazada
TX-007982,009-796222,Jorge Medina,Transferencia,12174.84,2026-05-09,11:02:18,Rechazada
TX-007983,002-477473,Fernando Diaz,Transferencia,4042.07,2026-09-06,11:38:13,Rechazada
TX-007984,006-995969,Miguel Castro,Transferencia,7127.97,2026-09-10,06:54:16,Rechazada
TX-007985,007-631981,Pedro Castillo,Transferencia,3955.94,2026-10-17,02:41:42,Pendiente
TX-007986,009-481329,Maria Soto,PagoServicio,778.86,2026-12-10,03:58:09,Rechazada
TX-007987,004-450016,Lucia Vega,PagoServicio,2314.94,2026-03-07,10:08:07,Pendiente
TX-007988,001-435079,Elena Vargas,Deposito,12043.47,2026-12-15,04:46:56,Rechazada
TX-007989,001-900947,Sofia Rojas,Transferencia,14418.36,2026-03-29,15:33:06,Anulada
TX-007990,001-104475,Lucia Vega,Deposito,9843.79,2026-12-21,11:21:32,Anulada
TX-007991,003-596260,Pedro Castillo,Retiro,2952.85,2026-01-21,00:02:56,Anulada
TX-007992,008-137497,Rosa Herrera,Deposito,6288.26,2026-11-05,15:13:16,Rechazada
TX-007993,004-450715,Pedro Castillo,Deposito,6033.66,2026-07-17,17:19:55,Pendiente
TX-007994,009-166381,Valeria Leon,Retiro,8352.59,2026-12-09,21:46:58,Rechazada
TX-007995,008-411519,Valeria Leon,PagoServicio,8701.93,2026-01-17,10:39:58,Aprobada
TX-007996,006-851378,Pedro Castillo,PagoServicio,10674.47,2026-03-22,23:22:02,Rechazada
TX-007997,009-103458,Jorge Medina,Retiro,6096.78,2026-05-31,19:20:42,Aprobada
TX-007998,005-110528,Lucia Vega,Deposito,6844.71,2026-12-20,00:42:37,Pendiente
TX-007999,001-207573,Jorge Medina,Deposito,242.63,2026-06-10,03:36:25,Observada
TX-008000,006-919744,Pedro Castillo,Transferencia,9686.43,2026-05-06,11:16:28,Anulada
TX-008001,007-719446,Jorge Medina,Retiro,2465.44,2026-03-07,17:25:56,Pendiente
TX-008002,003-144177,Lucia Vega,Retiro,281.96,2026-06-05,01:42:43,Rechazada
TX-008003,002-702043,Luis Ramos,Transferencia,12400.97,2026-11-28,02:35:21,Anulada
TX-008004,008-978840,Miguel Castro,Transferencia,11087.43,2026-04-06,15:12:29,Observada
TX-008005,004-456391,Diego Flores,Transferencia,11428.99,2026-11-06,12:17:50,Aprobada
TX-008006,005-853654,Maria Soto,Transferencia,14638.93,2026-03-01,19:15:21,Anulada
TX-008007,007-214096,Maria Soto,Retiro,3252.31,2026-08-04,01:32:09,Observada
TX-008008,002-382663,Ana Torres,Retiro,9543.87,2026-12-28,03:13:39,Pendiente
TX-008009,005-242988,Maria Soto,Deposito,11076.27,2026-03-02,15:53:05,Rechazada
TX-008010,005-351509,Ana Torres,Retiro,3479.30,2026-02-21,01:40:40,Aprobada
TX-008011,001-128552,Luis Ramos,Retiro,1949.90,2026-07-24,10:38:59,Anulada
TX-008012,003-671026,Camila Ruiz,Retiro,3978.71,2026-04-02,13:46:08,Pendiente
TX-008013,001-771816,Diego Flores,PagoServicio,8511.95,2026-10-05,08:19:36,Rechazada
TX-008014,006-341438,Rosa Herrera,Retiro,9066.45,2026-05-28,19:45:04,Aprobada
TX-008015,008-530801,Maria Soto,Deposito,13415.13,2026-09-28,10:17:37,Anulada
TX-008016,005-527712,Fernando Diaz,PagoServicio,11999.69,2026-04-22,00:33:50,Aprobada
TX-008017,009-890225,Elena Vargas,PagoServicio,6881.00,2026-12-29,16:57:16,Pendiente
TX-008018,004-494226,Luis Ramos,Deposito,62.11,2026-03-15,11:39:02,Aprobada
TX-008019,008-141673,Diego Flores,Transferencia,5887.75,2026-12-15,00:28:16,Rechazada
TX-008020,007-157409,Maria Soto,PagoServicio,14226.73,2026-12-20,08:51:21,Aprobada
TX-008021,006-543623,Jorge Medina,Retiro,6326.74,2026-07-10,06:02:30,Rechazada
TX-008022,007-296103,Diego Flores,Retiro,4379.27,2026-11-12,05:08:45,Anulada
TX-008023,009-699983,Jorge Medina,PagoServicio,12975.72,2026-03-17,22:01:42,Anulada
TX-008024,003-824785,Lucia Vega,Retiro,14195.70,2026-03-02,15:53:14,Aprobada
TX-008025,005-553170,Maria Soto,Retiro,2494.65,2026-03-04,09:02:08,Anulada
TX-008026,004-306352,Valeria Leon,Transferencia,2960.76,2026-12-31,14:20:58,Pendiente
TX-008027,003-856936,Maria Soto,Retiro,5074.39,2026-01-11,20:29:37,Observada
TX-008028,003-608921,Camila Ruiz,Transferencia,11573.45,2026-12-01,16:32:05,Pendiente
TX-008029,001-854024,Camila Ruiz,Transferencia,14980.08,2026-04-27,05:37:31,Aprobada
TX-008030,003-426630,Pedro Castillo,Retiro,2791.02,2026-03-02,03:16:12,Pendiente
TX-008031,006-506711,Jorge Medina,Transferencia,7840.81,2026-11-17,01:34:53,Anulada
TX-008032,004-703226,Fernando Diaz,Retiro,13576.78,2026-09-28,19:40:19,Pendiente
TX-008033,001-393120,Sofia Rojas,Retiro,10415.13,2026-08-27,07:14:18,Rechazada
TX-008034,004-773943,Jorge Medina,Deposito,1702.92,2026-12-25,12:19:59,Rechazada
TX-008035,006-679670,Miguel Castro,Retiro,3116.27,2026-07-22,20:04:30,Observada
TX-008036,009-775212,Diego Flores,Deposito,11818.58,2026-01-31,22:43:55,Anulada
TX-008037,001-456878,Carlos Perez,Transferencia,8693.79,2026-10-17,04:00:04,Pendiente
TX-008038,006-688663,Jorge Medina,Deposito,8560.03,2026-01-23,23:44:45,Anulada
TX-008039,003-462140,Rosa Herrera,PagoServicio,1945.37,2026-03-12,15:28:05,Rechazada
TX-008040,001-105953,Jorge Medina,Transferencia,8397.79,2026-12-06,10:03:05,Aprobada
TX-008041,009-556897,Diego Flores,Deposito,7549.30,2026-04-26,17:20:49,Observada
TX-008042,008-398979,Jorge Medina,Deposito,2531.13,2026-08-29,16:41:21,Aprobada
TX-008043,005-674317,Carlos Perez,Deposito,14312.55,2026-05-28,21:32:02,Pendiente
TX-008044,001-683006,Camila Ruiz,PagoServicio,8574.93,2026-09-16,02:15:29,Rechazada
TX-008045,008-985462,Miguel Castro,Transferencia,11196.74,2026-05-10,07:13:22,Rechazada
TX-008046,006-941847,Rosa Herrera,Deposito,13385.74,2026-02-10,02:51:28,Aprobada
TX-008047,001-886887,Miguel Castro,Deposito,5332.75,2026-06-09,09:56:52,Rechazada
TX-008048,005-175190,Maria Soto,PagoServicio,9899.11,2026-06-23,02:12:11,Observada
TX-008049,009-127441,Rosa Herrera,Deposito,14245.47,2026-10-14,23:41:07,Pendiente
TX-008050,007-416897,Jorge Medina,Transferencia,3732.84,2026-06-14,18:43:25,Pendiente
TX-008051,003-982237,Lucia Vega,Deposito,11398.34,2026-10-05,17:39:52,Rechazada
TX-008052,001-551071,Pedro Castillo,Deposito,12756.69,2026-10-12,11:25:33,Rechazada
TX-008053,003-527793,Camila Ruiz,Transferencia,4431.03,2026-03-27,16:39:39,Pendiente
TX-008054,001-829272,Camila Ruiz,Retiro,7182.05,2026-05-15,01:46:36,Rechazada
TX-008055,005-299296,Rosa Herrera,Transferencia,654.73,2026-01-26,05:27:27,Pendiente
TX-008056,007-659411,Carlos Perez,Transferencia,9290.25,2026-12-13,21:43:48,Pendiente
TX-008057,004-861902,Luis Ramos,Retiro,2461.36,2026-05-22,03:36:30,Rechazada
TX-008058,007-389024,Diego Flores,PagoServicio,4233.06,2026-08-02,05:16:15,Observada
TX-008059,001-555989,Jorge Medina,PagoServicio,4364.17,2026-03-05,10:18:21,Anulada
TX-008060,007-757724,Elena Vargas,Retiro,564.84,2026-09-13,22:44:57,Aprobada
TX-008061,008-649664,Luis Ramos,Transferencia,10978.74,2026-10-12,17:34:11,Aprobada
TX-008062,002-241774,Lucia Vega,Deposito,7860.43,2026-01-04,14:23:14,Pendiente
TX-008063,007-735438,Camila Ruiz,Deposito,14137.25,2026-02-10,16:40:03,Aprobada
TX-008064,009-605797,Lucia Vega,Transferencia,392.52,2026-04-10,11:44:34,Anulada
TX-008065,002-966780,Ana Torres,Transferencia,6595.43,2026-09-29,07:43:19,Rechazada
TX-008066,002-867521,Miguel Castro,Deposito,13763.56,2026-03-09,04:22:02,Aprobada
TX-008067,005-696052,Diego Flores,Retiro,253.98,2026-06-10,21:04:29,Pendiente
TX-008068,001-377767,Luis Ramos,Retiro,1110.03,2026-06-28,00:47:16,Aprobada
TX-008069,005-818335,Carlos Perez,Transferencia,448.03,2026-05-16,03:44:36,Pendiente
TX-008070,001-327569,Luis Ramos,Deposito,10921.82,2026-07-19,10:45:47,Observada
TX-008071,009-431871,Ana Torres,PagoServicio,6234.69,2026-10-27,08:03:51,Observada
TX-008072,008-949197,Pedro Castillo,Transferencia,4016.43,2026-04-13,20:51:03,Anulada
TX-008073,004-462349,Elena Vargas,Transferencia,4988.65,2026-01-09,03:54:59,Anulada
TX-008074,006-226291,Lucia Vega,Retiro,13970.67,2026-07-04,03:12:08,Aprobada
TX-008075,003-168199,Pedro Castillo,Retiro,8102.85,2026-02-14,14:33:24,Aprobada
TX-008076,006-228098,Luis Ramos,Transferencia,13609.15,2026-06-18,17:08:40,Rechazada
TX-008077,008-987168,Luis Ramos,Deposito,3125.01,2026-05-24,14:38:42,Anulada
TX-008078,004-376032,Luis Ramos,Transferencia,5899.37,2026-09-09,07:56:24,Observada
TX-008079,006-110923,Camila Ruiz,Deposito,14307.12,2026-12-06,03:25:33,Observada
TX-008080,003-433024,Pedro Castillo,Retiro,1831.08,2026-09-29,08:57:59,Aprobada
TX-008081,008-309786,Jorge Medina,Transferencia,2811.52,2026-01-03,16:16:40,Observada
TX-008082,003-437544,Fernando Diaz,Transferencia,8190.65,2026-04-29,21:49:33,Pendiente
TX-008083,003-415245,Elena Vargas,Transferencia,8236.42,2026-06-19,16:43:20,Aprobada
TX-008084,007-807005,Diego Flores,Retiro,4770.84,2026-03-31,09:57:17,Rechazada
TX-008085,007-140869,Luis Ramos,Transferencia,13842.11,2026-08-15,03:36:54,Anulada
TX-008086,004-920132,Luis Ramos,Transferencia,14159.34,2026-10-01,20:45:16,Pendiente
TX-008087,001-126990,Rosa Herrera,Transferencia,2479.47,2026-10-07,04:09:40,Anulada
TX-008088,008-841649,Luis Ramos,Retiro,9929.87,2026-11-25,06:49:12,Rechazada
TX-008089,009-646084,Jorge Medina,Deposito,10997.40,2026-05-11,06:26:35,Anulada
TX-008090,005-752866,Maria Soto,Deposito,3977.68,2026-03-16,10:56:32,Pendiente
TX-008091,006-960700,Ana Torres,Retiro,6083.57,2026-04-12,04:57:27,Rechazada
TX-008092,008-354645,Valeria Leon,PagoServicio,9384.02,2026-11-28,18:01:34,Observada
TX-008093,007-391987,Valeria Leon,Transferencia,13182.11,2026-01-15,13:45:50,Pendiente
TX-008094,002-903143,Maria Soto,Retiro,10485.59,2026-07-01,21:07:34,Rechazada
TX-008095,005-298207,Ana Torres,PagoServicio,7395.71,2026-07-13,06:46:30,Anulada
TX-008096,009-344925,Camila Ruiz,PagoServicio,6838.20,2026-07-17,03:09:48,Aprobada
TX-008097,001-617125,Ana Torres,Retiro,3779.15,2026-01-21,21:31:43,Anulada
TX-008098,004-763804,Pedro Castillo,Transferencia,10740.72,2026-12-01,11:19:10,Rechazada
TX-008099,004-878460,Rosa Herrera,Transferencia,14900.55,2026-06-26,11:21:48,Anulada
TX-008100,003-157422,Valeria Leon,Retiro,10080.78,2026-11-04,08:52:40,Observada
TX-008101,007-187972,Miguel Castro,PagoServicio,9647.55,2026-01-07,06:32:35,Aprobada
TX-008102,008-966402,Elena Vargas,Retiro,8848.56,2026-05-07,08:52:22,Aprobada
TX-008103,003-499880,Camila Ruiz,PagoServicio,878.61,2026-09-22,20:29:55,Anulada
TX-008104,007-714914,Sofia Rojas,Transferencia,14663.50,2026-11-27,10:33:04,Aprobada
TX-008105,009-384026,Ana Torres,Retiro,9375.52,2026-10-16,06:35:26,Anulada
TX-008106,003-790266,Camila Ruiz,PagoServicio,5872.29,2026-07-07,17:40:53,Rechazada
TX-008107,007-121640,Rosa Herrera,PagoServicio,3435.61,2026-11-09,08:36:41,Rechazada
TX-008108,004-955873,Diego Flores,Deposito,670.22,2026-06-01,20:47:23,Observada
TX-008109,008-549009,Ana Torres,Deposito,5319.77,2026-07-24,07:50:57,Aprobada
TX-008110,001-456263,Miguel Castro,Transferencia,10184.86,2026-01-21,17:09:22,Anulada
TX-008111,004-145142,Sofia Rojas,Retiro,5417.00,2026-09-26,16:25:36,Anulada
TX-008112,009-969742,Ana Torres,Deposito,14753.25,2026-05-24,23:49:32,Observada
TX-008113,005-426767,Rosa Herrera,Transferencia,8779.73,2026-10-18,19:24:03,Pendiente
TX-008114,002-985232,Maria Soto,Deposito,3175.63,2026-01-26,13:36:08,Observada
TX-008115,001-489862,Ana Torres,Retiro,8947.42,2026-10-19,21:20:24,Anulada
TX-008116,001-561601,Sofia Rojas,Transferencia,8723.10,2026-10-24,01:21:26,Anulada
TX-008117,002-878017,Elena Vargas,Deposito,9173.37,2026-07-28,09:28:31,Rechazada
TX-008118,007-617279,Valeria Leon,Deposito,9152.61,2026-04-03,01:05:43,Rechazada
TX-008119,002-571773,Jorge Medina,Deposito,8456.74,2026-09-28,02:52:39,Aprobada
TX-008120,002-904073,Jorge Medina,PagoServicio,6588.90,2026-05-25,05:13:48,Aprobada
TX-008121,001-392633,Carlos Perez,PagoServicio,5091.47,2026-12-05,04:25:48,Rechazada
TX-008122,002-448551,Miguel Castro,PagoServicio,5322.69,2026-12-31,22:12:55,Rechazada
TX-008123,003-750950,Pedro Castillo,Transferencia,10745.66,2026-04-07,05:34:03,Anulada
TX-008124,007-137516,Elena Vargas,Retiro,14202.95,2026-01-23,20:52:29,Rechazada
TX-008125,007-619781,Lucia Vega,PagoServicio,6637.14,2026-05-20,20:04:49,Observada
TX-008126,008-485061,Miguel Castro,Retiro,11582.60,2026-05-07,05:08:00,Aprobada
TX-008127,006-360396,Lucia Vega,PagoServicio,4273.97,2026-08-21,10:01:16,Rechazada
TX-008128,008-101089,Valeria Leon,Transferencia,2570.00,2026-06-27,22:40:33,Anulada
TX-008129,001-899594,Miguel Castro,Transferencia,3120.25,2026-07-29,15:03:08,Aprobada
TX-008130,001-221295,Ana Torres,Retiro,9513.85,2026-11-08,13:04:34,Aprobada
TX-008131,009-259620,Miguel Castro,Retiro,3863.67,2026-02-07,14:35:08,Observada
TX-008132,001-726292,Camila Ruiz,Transferencia,8656.28,2026-05-15,22:53:59,Observada
TX-008133,009-660745,Rosa Herrera,Deposito,1715.42,2026-06-05,13:23:18,Observada
TX-008134,002-689831,Ana Torres,PagoServicio,13201.95,2026-04-12,06:11:19,Pendiente
TX-008135,005-728331,Ana Torres,Deposito,3358.54,2026-08-18,03:01:04,Pendiente
TX-008136,007-852376,Luis Ramos,PagoServicio,14379.57,2026-02-24,21:06:23,Rechazada
TX-008137,003-588886,Fernando Diaz,PagoServicio,1992.18,2026-02-10,15:27:12,Aprobada
TX-008138,006-381613,Rosa Herrera,Transferencia,2548.90,2026-05-29,04:26:35,Aprobada
TX-008139,003-648638,Camila Ruiz,Deposito,12772.87,2026-06-10,02:37:41,Pendiente
TX-008140,006-713128,Maria Soto,Transferencia,10612.29,2026-08-17,06:14:41,Pendiente
TX-008141,007-667205,Valeria Leon,PagoServicio,13549.36,2026-12-06,06:01:53,Anulada
TX-008142,004-991091,Carlos Perez,PagoServicio,14688.66,2026-05-17,19:27:41,Rechazada
TX-008143,002-658095,Ana Torres,Retiro,3506.84,2026-04-25,04:36:52,Anulada
TX-008144,008-530565,Luis Ramos,Deposito,4561.88,2026-03-28,22:30:14,Rechazada
TX-008145,008-343109,Sofia Rojas,Transferencia,9311.00,2026-11-25,10:28:16,Aprobada
TX-008146,009-445283,Jorge Medina,Deposito,3348.64,2026-10-14,16:08:39,Observada
TX-008147,005-564296,Sofia Rojas,Retiro,1579.27,2026-10-05,19:19:34,Rechazada
TX-008148,005-288451,Fernando Diaz,Transferencia,205.30,2026-04-21,21:09:14,Anulada
TX-008149,003-773480,Jorge Medina,Deposito,2364.48,2026-03-20,16:57:06,Pendiente
TX-008150,007-859635,Camila Ruiz,Transferencia,4767.00,2026-11-03,14:36:22,Rechazada
TX-008151,002-892192,Miguel Castro,PagoServicio,7384.17,2026-10-13,12:05:07,Aprobada
TX-008152,009-738092,Sofia Rojas,Transferencia,1338.48,2026-05-27,20:05:42,Observada
TX-008153,006-630238,Elena Vargas,PagoServicio,7535.54,2026-03-04,03:54:54,Pendiente
TX-008154,003-870753,Pedro Castillo,PagoServicio,5414.39,2026-02-20,19:06:18,Anulada
TX-008155,004-683838,Miguel Castro,Deposito,3765.64,2026-09-06,00:20:59,Aprobada
TX-008156,005-856965,Lucia Vega,Deposito,276.26,2026-04-01,07:38:08,Anulada
TX-008157,009-518803,Carlos Perez,Retiro,11200.08,2026-05-27,09:59:41,Observada
TX-008158,001-648588,Luis Ramos,Deposito,4420.26,2026-07-26,05:48:59,Observada
TX-008159,001-244122,Diego Flores,PagoServicio,11906.90,2026-03-29,10:21:09,Rechazada
TX-008160,009-844148,Elena Vargas,Retiro,12988.16,2026-05-14,19:28:11,Rechazada
TX-008161,001-602657,Ana Torres,PagoServicio,13381.52,2026-11-06,21:02:20,Aprobada
TX-008162,001-934591,Lucia Vega,PagoServicio,7750.62,2026-01-09,21:12:27,Aprobada
TX-008163,006-165132,Valeria Leon,Retiro,13681.30,2026-04-03,17:17:29,Pendiente
TX-008164,006-173861,Maria Soto,Retiro,9047.44,2026-09-08,17:22:18,Pendiente
TX-008165,006-386653,Rosa Herrera,Transferencia,7624.20,2026-03-19,09:37:34,Observada
TX-008166,009-646178,Luis Ramos,Deposito,9762.56,2026-10-20,08:15:35,Pendiente
TX-008167,003-467062,Ana Torres,PagoServicio,12043.55,2026-04-30,19:32:18,Rechazada
TX-008168,009-985165,Maria Soto,Transferencia,12313.50,2026-08-20,00:14:42,Pendiente
TX-008169,001-781957,Fernando Diaz,Transferencia,6654.82,2026-06-16,03:24:49,Observada
TX-008170,008-449115,Pedro Castillo,Transferencia,528.15,2026-05-05,14:32:25,Rechazada
TX-008171,006-607680,Rosa Herrera,PagoServicio,10697.56,2026-09-11,07:58:21,Rechazada
TX-008172,007-574313,Carlos Perez,Retiro,14961.54,2026-01-27,09:27:11,Pendiente
TX-008173,003-365503,Jorge Medina,Deposito,1277.18,2026-05-19,08:50:53,Aprobada
TX-008174,007-870267,Carlos Perez,Retiro,9241.13,2026-06-19,14:40:31,Observada
TX-008175,002-772414,Lucia Vega,Retiro,14411.49,2026-04-13,16:38:12,Rechazada
TX-008176,007-416390,Valeria Leon,Deposito,1137.15,2026-07-24,20:36:15,Rechazada
TX-008177,008-814279,Pedro Castillo,PagoServicio,7116.35,2026-01-24,08:51:17,Observada
TX-008178,002-373083,Miguel Castro,PagoServicio,451.95,2026-07-11,07:22:21,Pendiente
TX-008179,002-724391,Sofia Rojas,Deposito,394.51,2026-10-09,19:59:48,Aprobada
TX-008180,001-965292,Fernando Diaz,Retiro,4917.78,2026-09-20,18:23:45,Anulada
TX-008181,004-990230,Camila Ruiz,Deposito,13908.99,2026-09-12,06:56:57,Observada
TX-008182,003-567779,Valeria Leon,Retiro,9391.81,2026-08-05,06:18:52,Observada
TX-008183,008-601786,Sofia Rojas,Deposito,3918.01,2026-02-22,01:35:14,Rechazada
TX-008184,005-593982,Rosa Herrera,Transferencia,4253.97,2026-02-14,11:01:36,Rechazada
TX-008185,008-385785,Camila Ruiz,Transferencia,11695.54,2026-07-26,11:49:33,Rechazada
TX-008186,007-958206,Pedro Castillo,PagoServicio,14462.03,2026-03-12,05:32:40,Anulada
TX-008187,004-800058,Sofia Rojas,PagoServicio,5435.56,2026-03-11,10:01:43,Observada
TX-008188,006-898640,Lucia Vega,Deposito,10116.40,2026-04-11,09:00:07,Aprobada
TX-008189,004-916925,Lucia Vega,Retiro,9079.80,2026-05-21,07:04:56,Anulada
TX-008190,006-445228,Carlos Perez,PagoServicio,9853.97,2026-09-02,00:55:34,Rechazada
TX-008191,003-819154,Ana Torres,Deposito,6576.13,2026-05-09,19:36:25,Pendiente
TX-008192,005-618914,Miguel Castro,PagoServicio,5377.18,2026-12-07,07:53:06,Rechazada
TX-008193,001-171368,Valeria Leon,PagoServicio,5782.50,2026-09-26,10:45:59,Anulada
TX-008194,003-975373,Jorge Medina,Transferencia,4095.67,2026-04-04,04:55:53,Anulada
TX-008195,009-447247,Elena Vargas,Retiro,12993.58,2026-07-21,17:46:55,Observada
TX-008196,002-992641,Elena Vargas,Deposito,11541.96,2026-07-21,01:22:05,Rechazada
TX-008197,005-783082,Camila Ruiz,Deposito,3378.41,2026-02-21,01:14:16,Anulada
TX-008198,008-851625,Carlos Perez,Deposito,4667.87,2026-12-05,23:32:51,Rechazada
TX-008199,005-163635,Maria Soto,Deposito,12303.75,2026-07-28,00:19:07,Aprobada
TX-008200,005-832828,Sofia Rojas,PagoServicio,10542.09,2026-12-12,14:16:09,Anulada
TX-008201,009-767178,Diego Flores,Transferencia,8093.55,2026-06-25,07:09:32,Observada
TX-008202,004-981542,Lucia Vega,Retiro,7319.72,2026-04-30,08:38:12,Observada
TX-008203,008-208632,Luis Ramos,Deposito,6687.01,2026-06-27,03:11:45,Rechazada
TX-008204,008-920037,Valeria Leon,Transferencia,5127.25,2026-06-07,22:07:34,Aprobada
TX-008205,007-264479,Luis Ramos,PagoServicio,3182.30,2026-12-29,02:39:57,Observada
TX-008206,002-345940,Fernando Diaz,PagoServicio,2970.35,2026-04-24,07:26:04,Aprobada
TX-008207,004-179029,Diego Flores,Transferencia,5973.05,2026-06-11,07:43:40,Aprobada
TX-008208,007-277855,Lucia Vega,PagoServicio,9263.76,2026-07-31,20:48:15,Anulada
TX-008209,007-602811,Elena Vargas,PagoServicio,2592.67,2026-10-14,01:08:55,Aprobada
TX-008210,009-245349,Maria Soto,Deposito,6972.00,2026-09-02,08:17:27,Rechazada
TX-008211,003-370148,Jorge Medina,PagoServicio,9787.28,2026-12-12,13:16:28,Anulada
TX-008212,007-561331,Ana Torres,PagoServicio,1546.48,2026-11-24,00:58:07,Observada
TX-008213,002-768850,Lucia Vega,Deposito,6909.21,2026-02-24,17:41:04,Pendiente
TX-008214,008-662851,Pedro Castillo,Retiro,2892.30,2026-05-03,12:11:22,Rechazada
TX-008215,009-157840,Ana Torres,Retiro,4391.79,2026-01-28,06:08:34,Rechazada
TX-008216,008-350795,Lucia Vega,Deposito,4048.10,2026-04-22,01:15:49,Observada
TX-008217,002-168667,Pedro Castillo,Deposito,7773.23,2026-03-14,02:45:39,Rechazada
TX-008218,002-684446,Luis Ramos,Deposito,1272.83,2026-02-05,18:14:15,Anulada
TX-008219,001-572852,Miguel Castro,Transferencia,6527.42,2026-07-03,08:47:27,Observada
TX-008220,004-966865,Miguel Castro,Transferencia,3150.89,2026-11-05,02:33:59,Observada
TX-008221,005-427904,Carlos Perez,Retiro,2905.52,2026-12-12,12:41:26,Pendiente
TX-008222,003-465722,Pedro Castillo,Transferencia,12830.19,2026-05-21,02:22:53,Rechazada
TX-008223,004-828094,Elena Vargas,Retiro,12232.10,2026-02-04,09:18:30,Aprobada
TX-008224,002-268292,Pedro Castillo,Deposito,10474.64,2026-06-25,05:03:21,Pendiente
TX-008225,002-406429,Diego Flores,Deposito,12737.63,2026-10-24,07:20:19,Observada
TX-008226,008-144331,Carlos Perez,Transferencia,10546.20,2026-07-06,10:45:07,Aprobada
TX-008227,006-549414,Valeria Leon,Retiro,5551.67,2026-03-18,04:29:57,Rechazada
TX-008228,001-170227,Elena Vargas,Deposito,12026.17,2026-03-26,01:01:27,Pendiente
TX-008229,005-488912,Sofia Rojas,Retiro,11786.18,2026-12-06,17:38:25,Observada
TX-008230,009-640663,Camila Ruiz,Retiro,6559.83,2026-06-18,09:16:04,Rechazada
TX-008231,007-763440,Miguel Castro,Deposito,14744.72,2026-05-02,03:07:57,Pendiente
TX-008232,009-222757,Ana Torres,PagoServicio,13963.61,2026-03-17,08:05:37,Rechazada
TX-008233,007-570255,Rosa Herrera,Retiro,8472.41,2026-09-04,03:03:50,Aprobada
TX-008234,007-960551,Fernando Diaz,Transferencia,4128.56,2026-12-03,22:08:14,Anulada
TX-008235,005-253953,Diego Flores,Retiro,11347.65,2026-02-04,18:56:43,Anulada
TX-008236,003-379294,Jorge Medina,Deposito,14355.56,2026-09-07,10:38:07,Pendiente
TX-008237,001-551796,Diego Flores,PagoServicio,8127.01,2026-03-07,19:42:24,Aprobada
TX-008238,004-627055,Jorge Medina,Retiro,13124.04,2026-02-06,15:51:58,Rechazada
TX-008239,001-326000,Valeria Leon,Retiro,10852.20,2026-08-27,21:58:29,Anulada
TX-008240,004-716062,Rosa Herrera,Transferencia,1581.77,2026-12-12,03:56:43,Aprobada
TX-008241,006-751877,Pedro Castillo,Deposito,7356.17,2026-06-15,08:51:05,Aprobada
TX-008242,007-685955,Rosa Herrera,Transferencia,10849.40,2026-05-31,18:43:59,Anulada
TX-008243,001-349020,Ana Torres,Deposito,10913.63,2026-11-29,00:29:00,Aprobada
TX-008244,001-442601,Camila Ruiz,Deposito,13053.87,2026-07-22,06:18:16,Aprobada
TX-008245,002-942902,Fernando Diaz,Retiro,1786.40,2026-12-04,13:21:06,Pendiente
TX-008246,004-351919,Sofia Rojas,Transferencia,13736.60,2026-07-11,16:41:22,Pendiente
TX-008247,004-294788,Luis Ramos,Transferencia,1804.56,2026-05-14,14:36:58,Pendiente
TX-008248,006-749540,Camila Ruiz,Retiro,8673.10,2026-10-22,14:27:18,Observada
TX-008249,002-725281,Sofia Rojas,Transferencia,9037.99,2026-01-26,19:27:13,Rechazada
TX-008250,007-407014,Luis Ramos,PagoServicio,9655.20,2026-05-04,02:36:05,Anulada
TX-008251,003-118946,Elena Vargas,Deposito,14674.27,2026-04-28,12:42:25,Anulada
TX-008252,004-924365,Sofia Rojas,Transferencia,13516.62,2026-01-11,14:24:48,Aprobada
TX-008253,007-964549,Valeria Leon,Transferencia,1620.15,2026-02-01,21:30:42,Pendiente
TX-008254,004-877932,Sofia Rojas,Transferencia,9364.78,2026-04-24,09:32:18,Rechazada
TX-008255,005-481596,Camila Ruiz,Retiro,9831.78,2026-12-14,12:41:41,Anulada
TX-008256,008-317657,Maria Soto,Transferencia,54.71,2026-08-15,13:35:43,Observada
TX-008257,001-222199,Pedro Castillo,Retiro,5028.19,2026-11-09,06:42:08,Aprobada
TX-008258,006-331146,Maria Soto,Deposito,14478.82,2026-10-17,08:04:43,Rechazada
TX-008259,005-810052,Valeria Leon,Transferencia,12963.66,2026-04-27,16:13:27,Anulada
TX-008260,008-145310,Lucia Vega,PagoServicio,4151.37,2026-12-10,02:33:18,Pendiente
TX-008261,006-473583,Luis Ramos,PagoServicio,8556.86,2026-03-23,16:18:37,Rechazada
TX-008262,005-133124,Miguel Castro,Deposito,13384.98,2026-09-06,00:24:32,Observada
TX-008263,005-204587,Luis Ramos,Retiro,5550.38,2026-08-09,03:01:08,Aprobada
TX-008264,001-345834,Valeria Leon,Transferencia,10407.24,2026-11-13,06:02:34,Observada
TX-008265,008-562011,Camila Ruiz,Transferencia,9370.81,2026-09-21,08:24:11,Pendiente
TX-008266,003-176027,Valeria Leon,Deposito,10150.01,2026-11-27,07:11:04,Observada
TX-008267,009-850932,Ana Torres,Deposito,10428.64,2026-03-15,10:52:07,Anulada
TX-008268,005-251418,Diego Flores,Transferencia,500.32,2026-11-04,22:22:33,Anulada
TX-008269,009-715483,Maria Soto,Deposito,11607.21,2026-11-02,22:08:16,Anulada
TX-008270,006-607582,Valeria Leon,Retiro,9134.99,2026-11-15,00:38:07,Anulada
TX-008271,001-301041,Jorge Medina,Transferencia,3223.16,2026-07-03,02:37:43,Rechazada
TX-008272,002-260856,Ana Torres,Deposito,14507.77,2026-11-03,20:22:06,Anulada
TX-008273,007-694407,Camila Ruiz,Deposito,7795.23,2026-03-21,17:05:21,Aprobada
TX-008274,008-364250,Valeria Leon,PagoServicio,14210.91,2026-01-31,03:40:32,Rechazada
TX-008275,005-123511,Fernando Diaz,Deposito,10373.51,2026-02-15,16:02:19,Pendiente
TX-008276,001-434936,Ana Torres,Transferencia,8307.75,2026-04-05,06:37:59,Observada
TX-008277,002-618276,Elena Vargas,Transferencia,45.30,2026-04-18,05:54:09,Anulada
TX-008278,006-419207,Fernando Diaz,Transferencia,10858.77,2026-10-27,09:51:52,Rechazada
TX-008279,004-797765,Lucia Vega,Transferencia,135.81,2026-10-09,14:45:13,Anulada
TX-008280,005-811337,Pedro Castillo,Retiro,4781.71,2026-12-10,08:17:11,Rechazada
TX-008281,007-253205,Pedro Castillo,Deposito,6476.14,2026-04-16,11:11:00,Pendiente
TX-008282,002-262913,Camila Ruiz,PagoServicio,928.07,2026-12-20,23:00:39,Aprobada
TX-008283,004-793464,Maria Soto,Transferencia,5006.57,2026-08-17,16:08:08,Pendiente
TX-008284,002-620358,Rosa Herrera,PagoServicio,1652.75,2026-02-07,09:00:04,Pendiente
TX-008285,009-345556,Maria Soto,Deposito,11254.52,2026-01-15,16:10:20,Anulada
TX-008286,007-885862,Pedro Castillo,Retiro,13971.99,2026-06-09,17:50:18,Aprobada
TX-008287,003-229446,Sofia Rojas,PagoServicio,14943.57,2026-08-07,20:55:05,Pendiente
TX-008288,009-192318,Elena Vargas,Transferencia,37.67,2026-01-25,23:08:21,Rechazada
TX-008289,004-329901,Fernando Diaz,Transferencia,1847.21,2026-06-26,14:38:18,Anulada
TX-008290,007-453642,Pedro Castillo,PagoServicio,9761.57,2026-12-18,17:35:03,Rechazada
TX-008291,003-332152,Valeria Leon,Retiro,5829.58,2026-04-30,09:27:52,Aprobada
TX-008292,005-352544,Lucia Vega,Deposito,5902.29,2026-03-07,23:16:03,Rechazada
TX-008293,009-123724,Fernando Diaz,PagoServicio,3964.95,2026-08-23,02:02:31,Aprobada
TX-008294,006-309415,Valeria Leon,Transferencia,5147.66,2026-08-27,08:24:03,Pendiente
TX-008295,001-744623,Rosa Herrera,Deposito,2435.54,2026-09-06,23:16:24,Aprobada
TX-008296,007-669796,Carlos Perez,PagoServicio,2294.54,2026-06-23,01:24:31,Observada
TX-008297,003-189951,Ana Torres,PagoServicio,2783.52,2026-04-22,08:06:27,Aprobada
TX-008298,001-973126,Pedro Castillo,Transferencia,13746.21,2026-12-21,16:01:50,Pendiente
TX-008299,008-700381,Valeria Leon,Transferencia,5603.16,2026-05-11,13:09:34,Aprobada
TX-008300,009-427140,Diego Flores,Deposito,10775.56,2026-11-03,19:50:54,Pendiente
TX-008301,003-752952,Sofia Rojas,Deposito,3709.81,2026-05-04,06:41:11,Rechazada
TX-008302,003-200692,Jorge Medina,Retiro,1931.94,2026-04-29,15:19:51,Rechazada
TX-008303,005-914622,Valeria Leon,PagoServicio,13893.49,2026-09-18,04:49:45,Rechazada
TX-008304,009-162621,Camila Ruiz,Retiro,347.20,2026-03-02,03:55:19,Anulada
TX-008305,002-774812,Elena Vargas,PagoServicio,14834.88,2026-05-30,02:45:11,Pendiente
TX-008306,002-785528,Camila Ruiz,Retiro,10787.72,2026-02-26,13:10:41,Aprobada
TX-008307,005-755485,Pedro Castillo,PagoServicio,7740.25,2026-02-13,04:35:26,Rechazada
TX-008308,002-405145,Pedro Castillo,PagoServicio,2066.42,2026-05-25,19:28:00,Rechazada
TX-008309,001-329302,Ana Torres,Retiro,4216.61,2026-01-26,09:02:10,Rechazada
TX-008310,001-115946,Luis Ramos,Transferencia,3171.90,2026-04-20,09:33:10,Observada
TX-008311,005-973293,Lucia Vega,Retiro,1263.91,2026-04-07,10:38:28,Observada
TX-008312,008-626566,Camila Ruiz,Transferencia,14468.21,2026-05-25,04:51:07,Pendiente
TX-008313,003-874882,Maria Soto,PagoServicio,14487.02,2026-01-10,03:22:56,Rechazada
TX-008314,007-155652,Fernando Diaz,Deposito,8454.82,2026-06-05,03:37:19,Anulada
TX-008315,008-742331,Diego Flores,PagoServicio,10440.51,2026-05-17,12:33:40,Observada
TX-008316,007-779441,Rosa Herrera,Deposito,1177.06,2026-03-24,05:06:09,Pendiente
TX-008317,001-995534,Jorge Medina,PagoServicio,11796.05,2026-08-29,01:21:55,Anulada
TX-008318,007-573641,Maria Soto,PagoServicio,10601.14,2026-03-15,18:55:56,Rechazada
TX-008319,007-630610,Ana Torres,Transferencia,6648.96,2026-12-20,16:41:12,Aprobada
TX-008320,005-623347,Pedro Castillo,Transferencia,9875.86,2026-10-31,06:46:59,Pendiente
TX-008321,003-234361,Ana Torres,Transferencia,1000.09,2026-12-10,10:49:31,Observada
TX-008322,001-867790,Lucia Vega,Retiro,1937.51,2026-09-29,17:36:03,Pendiente
TX-008323,004-346907,Camila Ruiz,Retiro,3161.33,2026-08-03,08:09:06,Aprobada
TX-008324,005-343583,Carlos Perez,Transferencia,6100.16,2026-01-29,21:16:31,Observada
TX-008325,007-874528,Miguel Castro,PagoServicio,4617.96,2026-04-30,09:08:19,Observada
TX-008326,008-141595,Jorge Medina,Transferencia,1688.96,2026-07-24,16:29:10,Anulada
TX-008327,006-171242,Rosa Herrera,Transferencia,1774.38,2026-07-11,21:13:59,Anulada
TX-008328,008-234619,Carlos Perez,Transferencia,13703.43,2026-07-12,03:07:01,Aprobada
TX-008329,006-778620,Pedro Castillo,PagoServicio,166.84,2026-06-06,06:06:47,Pendiente
TX-008330,003-320446,Sofia Rojas,Retiro,10861.29,2026-04-28,09:59:19,Pendiente
TX-008331,009-663845,Fernando Diaz,Deposito,10671.80,2026-10-15,16:27:12,Anulada
TX-008332,004-567643,Luis Ramos,Deposito,6930.68,2026-08-03,03:37:55,Observada
TX-008333,006-127060,Valeria Leon,Transferencia,5361.07,2026-09-27,09:52:10,Observada
TX-008334,002-170777,Elena Vargas,PagoServicio,7933.98,2026-09-03,11:53:59,Pendiente
TX-008335,005-151466,Ana Torres,Retiro,11002.13,2026-11-17,12:21:06,Pendiente
TX-008336,009-731642,Lucia Vega,Retiro,4149.97,2026-12-30,23:13:22,Rechazada
TX-008337,008-736938,Miguel Castro,Retiro,6096.15,2026-06-16,03:03:38,Aprobada
TX-008338,005-424595,Valeria Leon,PagoServicio,11789.39,2026-10-13,07:10:22,Observada
TX-008339,002-225335,Valeria Leon,Transferencia,6112.69,2026-07-24,07:26:29,Rechazada
TX-008340,008-851669,Jorge Medina,Retiro,4444.75,2026-06-22,23:26:03,Observada
TX-008341,005-716689,Sofia Rojas,PagoServicio,14586.03,2026-10-15,17:15:58,Pendiente
TX-008342,006-834277,Maria Soto,PagoServicio,13440.71,2026-09-26,14:17:37,Rechazada
TX-008343,002-771704,Valeria Leon,Transferencia,4771.54,2026-07-12,10:28:01,Pendiente
TX-008344,005-226781,Miguel Castro,Retiro,11869.19,2026-04-18,16:29:23,Pendiente
TX-008345,006-794027,Jorge Medina,PagoServicio,9555.24,2026-01-12,14:39:57,Observada
TX-008346,001-599317,Elena Vargas,PagoServicio,9632.61,2026-11-20,06:45:19,Pendiente
TX-008347,006-453779,Carlos Perez,Transferencia,14865.28,2026-01-28,15:58:09,Observada
TX-008348,004-208926,Rosa Herrera,Deposito,1573.90,2026-07-02,19:45:57,Rechazada
TX-008349,006-716301,Maria Soto,Transferencia,9578.33,2026-08-12,04:35:21,Anulada
TX-008350,006-500448,Jorge Medina,Retiro,3882.41,2026-05-23,10:09:28,Pendiente
TX-008351,006-926402,Camila Ruiz,Retiro,4904.47,2026-11-22,12:20:54,Aprobada
TX-008352,008-591935,Lucia Vega,Deposito,6471.74,2026-03-02,14:08:45,Observada
TX-008353,005-263261,Rosa Herrera,Deposito,3248.23,2026-04-30,12:56:37,Rechazada
TX-008354,009-880571,Maria Soto,Retiro,364.83,2026-02-19,09:26:33,Aprobada
TX-008355,005-176382,Ana Torres,PagoServicio,4395.63,2026-08-10,16:34:43,Observada
TX-008356,001-579838,Maria Soto,PagoServicio,5113.42,2026-10-05,07:37:14,Aprobada
TX-008357,002-859357,Lucia Vega,PagoServicio,6296.40,2026-08-30,21:55:55,Observada
TX-008358,008-343136,Jorge Medina,Retiro,5615.25,2026-01-22,08:07:50,Anulada
TX-008359,004-268605,Luis Ramos,Deposito,5851.95,2026-11-23,00:19:33,Anulada
TX-008360,004-927556,Maria Soto,Transferencia,5623.50,2026-01-01,09:58:16,Observada
TX-008361,006-143700,Sofia Rojas,PagoServicio,13656.90,2026-02-14,02:01:51,Pendiente
TX-008362,009-645088,Lucia Vega,Deposito,10044.94,2026-02-19,04:03:08,Rechazada
TX-008363,007-362191,Diego Flores,Deposito,1092.13,2026-12-18,15:37:48,Aprobada
TX-008364,001-933368,Elena Vargas,Retiro,507.48,2026-08-10,06:14:31,Observada
TX-008365,008-523531,Fernando Diaz,Transferencia,4469.16,2026-11-03,14:27:02,Observada
TX-008366,003-356851,Maria Soto,Transferencia,12549.24,2026-02-16,12:47:45,Observada
TX-008367,006-230661,Diego Flores,PagoServicio,7096.92,2026-11-04,20:21:08,Rechazada
TX-008368,007-128796,Pedro Castillo,PagoServicio,5311.15,2026-02-01,07:23:12,Pendiente
TX-008369,004-383621,Elena Vargas,Retiro,2700.63,2026-07-12,08:11:03,Aprobada
TX-008370,005-327528,Luis Ramos,Transferencia,13977.24,2026-06-27,15:23:55,Rechazada
TX-008371,003-250373,Valeria Leon,PagoServicio,3814.43,2026-12-28,15:11:27,Anulada
TX-008372,006-631273,Diego Flores,Retiro,11010.75,2026-07-08,23:47:49,Pendiente
TX-008373,003-667003,Fernando Diaz,PagoServicio,504.35,2026-07-08,19:12:27,Observada
TX-008374,008-800112,Miguel Castro,PagoServicio,14331.73,2026-12-18,16:25:12,Anulada
TX-008375,009-160139,Luis Ramos,Transferencia,965.46,2026-03-22,05:46:14,Aprobada
TX-008376,006-280485,Camila Ruiz,Retiro,14175.25,2026-07-25,16:30:58,Rechazada
TX-008377,006-272384,Maria Soto,Retiro,6987.20,2026-05-11,06:23:32,Aprobada
TX-008378,005-400441,Rosa Herrera,Transferencia,5969.02,2026-04-05,01:02:27,Rechazada
TX-008379,005-392193,Valeria Leon,PagoServicio,8237.84,2026-06-09,03:15:23,Aprobada
TX-008380,005-985247,Luis Ramos,Retiro,6277.63,2026-06-03,19:08:32,Pendiente
TX-008381,006-761652,Lucia Vega,Retiro,7011.58,2026-04-07,04:05:42,Rechazada
TX-008382,008-158396,Maria Soto,Transferencia,13320.24,2026-04-26,16:01:13,Observada
TX-008383,002-877271,Sofia Rojas,Transferencia,4684.93,2026-09-17,23:11:25,Observada
TX-008384,002-152907,Maria Soto,PagoServicio,9933.32,2026-09-09,20:22:24,Pendiente
TX-008385,005-408023,Luis Ramos,Transferencia,11366.16,2026-04-13,23:41:34,Rechazada
TX-008386,008-587502,Miguel Castro,Transferencia,2512.69,2026-09-14,09:50:04,Observada
TX-008387,008-134479,Pedro Castillo,Transferencia,3091.72,2026-06-10,14:35:52,Rechazada
TX-008388,004-573016,Miguel Castro,Retiro,14705.62,2026-04-17,12:00:38,Observada
TX-008389,005-909103,Pedro Castillo,PagoServicio,154.05,2026-07-28,15:55:45,Pendiente
TX-008390,002-189157,Diego Flores,Transferencia,13672.08,2026-05-05,08:43:18,Observada
TX-008391,004-284488,Miguel Castro,Retiro,10102.58,2026-07-08,10:33:48,Anulada
TX-008392,002-897454,Luis Ramos,Transferencia,12215.26,2026-07-17,13:14:34,Pendiente
TX-008393,002-288435,Pedro Castillo,Retiro,10226.73,2026-03-11,08:10:12,Anulada
TX-008394,002-525114,Diego Flores,Deposito,14162.56,2026-10-24,05:26:15,Rechazada
TX-008395,003-989283,Diego Flores,Retiro,13861.55,2026-04-06,19:59:31,Anulada
TX-008396,005-174122,Valeria Leon,PagoServicio,4961.93,2026-12-01,09:45:42,Observada
TX-008397,007-190847,Jorge Medina,PagoServicio,5621.76,2026-07-08,04:27:17,Rechazada
TX-008398,003-802429,Lucia Vega,Deposito,12611.38,2026-12-15,19:14:36,Anulada
TX-008399,004-557176,Sofia Rojas,Transferencia,7499.77,2026-08-06,08:05:34,Rechazada
TX-008400,004-795093,Lucia Vega,Transferencia,7711.51,2026-10-12,16:47:31,Rechazada
TX-008401,008-636078,Carlos Perez,PagoServicio,12755.72,2026-02-13,15:30:21,Pendiente
TX-008402,003-993281,Sofia Rojas,PagoServicio,7841.50,2026-05-29,13:33:44,Anulada
TX-008403,001-668427,Ana Torres,PagoServicio,8836.73,2026-06-11,23:27:54,Pendiente
TX-008404,004-153321,Ana Torres,Transferencia,2804.37,2026-02-25,13:58:42,Observada
TX-008405,006-114177,Diego Flores,Retiro,10381.93,2026-09-13,22:27:06,Aprobada
TX-008406,005-593186,Miguel Castro,Transferencia,9285.69,2026-08-06,14:30:33,Aprobada
TX-008407,004-332905,Jorge Medina,Transferencia,3980.32,2026-09-22,22:42:15,Aprobada
TX-008408,004-943554,Jorge Medina,Deposito,6749.12,2026-03-10,13:30:49,Observada
TX-008409,004-706899,Maria Soto,Retiro,10281.73,2026-10-09,02:13:36,Anulada
TX-008410,005-698294,Pedro Castillo,Deposito,2375.47,2026-11-16,17:01:53,Observada
TX-008411,003-740411,Carlos Perez,Retiro,14098.93,2026-10-11,21:03:53,Anulada
TX-008412,009-324674,Maria Soto,Deposito,456.39,2026-07-03,01:06:16,Rechazada
TX-008413,009-189624,Rosa Herrera,Deposito,9179.66,2026-02-10,16:57:47,Observada
TX-008414,002-797086,Valeria Leon,Transferencia,8846.98,2026-07-16,13:49:14,Aprobada
TX-008415,009-688573,Fernando Diaz,Transferencia,3948.97,2026-08-31,17:09:03,Rechazada
TX-008416,004-513177,Fernando Diaz,Retiro,6569.50,2026-04-15,08:21:19,Pendiente
TX-008417,006-969335,Maria Soto,Retiro,7263.72,2026-08-22,21:47:03,Pendiente
TX-008418,003-508638,Jorge Medina,Retiro,11960.92,2026-09-25,18:39:04,Observada
TX-008419,003-294373,Elena Vargas,Retiro,1537.61,2026-05-03,11:29:49,Pendiente
TX-008420,004-253098,Pedro Castillo,Transferencia,11659.39,2026-06-02,08:58:52,Anulada
TX-008421,004-915074,Miguel Castro,Retiro,8504.81,2026-12-19,11:26:37,Observada
TX-008422,005-479051,Luis Ramos,Transferencia,10572.28,2026-06-03,06:14:08,Pendiente
TX-008423,002-542586,Ana Torres,PagoServicio,2610.62,2026-04-26,00:31:52,Anulada
TX-008424,006-211400,Carlos Perez,Retiro,8720.11,2026-06-15,11:29:48,Aprobada
TX-008425,006-968159,Jorge Medina,Deposito,12659.07,2026-09-07,02:21:28,Anulada
TX-008426,007-514308,Fernando Diaz,Deposito,13602.34,2026-07-05,23:41:42,Aprobada
TX-008427,002-636908,Luis Ramos,Retiro,13689.38,2026-02-22,06:38:05,Aprobada
TX-008428,008-262574,Carlos Perez,Transferencia,8748.44,2026-02-03,21:23:41,Anulada
TX-008429,005-519026,Pedro Castillo,Deposito,12906.93,2026-10-29,02:07:48,Observada
TX-008430,004-553646,Diego Flores,Deposito,14953.47,2026-11-02,22:31:54,Aprobada
TX-008431,007-580380,Elena Vargas,PagoServicio,9735.58,2026-05-21,01:39:16,Pendiente
TX-008432,002-725942,Sofia Rojas,PagoServicio,8783.67,2026-06-07,15:56:35,Aprobada
TX-008433,003-244610,Carlos Perez,PagoServicio,4128.33,2026-04-29,23:22:07,Anulada
TX-008434,006-819619,Luis Ramos,Deposito,3525.10,2026-09-16,21:26:03,Aprobada
TX-008435,005-306676,Elena Vargas,Deposito,14607.79,2026-04-26,05:59:01,Anulada
TX-008436,002-992928,Sofia Rojas,Retiro,6453.08,2026-02-16,11:08:02,Observada
TX-008437,008-592175,Rosa Herrera,Deposito,10625.95,2026-04-17,04:24:05,Rechazada
TX-008438,003-252175,Luis Ramos,Retiro,10199.11,2026-02-20,22:46:35,Aprobada
TX-008439,008-301115,Valeria Leon,Transferencia,10025.61,2026-12-06,09:06:30,Anulada
TX-008440,001-343872,Lucia Vega,PagoServicio,3068.00,2026-06-26,04:48:10,Pendiente
TX-008441,002-132773,Camila Ruiz,Retiro,8867.91,2026-05-22,21:20:32,Anulada
TX-008442,004-864140,Valeria Leon,Deposito,230.98,2026-10-13,15:44:45,Rechazada
TX-008443,004-276466,Jorge Medina,Transferencia,375.69,2026-05-02,23:22:15,Rechazada
TX-008444,006-191830,Carlos Perez,Deposito,9756.32,2026-10-12,05:28:27,Rechazada
TX-008445,005-336110,Luis Ramos,PagoServicio,14445.94,2026-08-24,03:09:44,Aprobada
TX-008446,007-341417,Elena Vargas,Retiro,11397.91,2026-04-12,10:29:06,Observada
TX-008447,002-835653,Pedro Castillo,Deposito,12981.61,2026-03-24,00:18:43,Rechazada
TX-008448,009-274456,Pedro Castillo,Deposito,1625.21,2026-11-08,00:06:41,Observada
TX-008449,009-699202,Maria Soto,Retiro,498.76,2026-12-25,11:24:21,Anulada
TX-008450,003-697281,Camila Ruiz,Deposito,5121.47,2026-08-03,00:12:56,Aprobada
TX-008451,003-637103,Elena Vargas,Deposito,5205.11,2026-02-16,00:28:00,Anulada
TX-008452,007-700733,Camila Ruiz,Transferencia,11350.35,2026-09-15,19:09:38,Anulada
TX-008453,002-547972,Fernando Diaz,Retiro,5543.52,2026-04-24,22:06:00,Anulada
TX-008454,004-211965,Elena Vargas,Deposito,4840.42,2026-10-11,08:50:23,Observada
TX-008455,006-204661,Carlos Perez,Retiro,13810.47,2026-06-18,09:37:00,Aprobada
TX-008456,004-534397,Jorge Medina,Deposito,12732.06,2026-02-01,17:49:20,Observada
TX-008457,002-550202,Miguel Castro,Transferencia,4787.57,2026-04-04,14:21:12,Rechazada
TX-008458,008-815079,Ana Torres,PagoServicio,11287.59,2026-11-05,01:56:59,Rechazada
TX-008459,007-592432,Luis Ramos,Retiro,7477.35,2026-04-11,20:13:17,Observada
TX-008460,001-537889,Diego Flores,Deposito,14449.27,2026-11-09,11:18:07,Aprobada
TX-008461,003-213264,Jorge Medina,Deposito,12845.41,2026-09-15,12:02:00,Observada
TX-008462,008-247248,Diego Flores,PagoServicio,6700.10,2026-02-24,16:26:25,Aprobada
TX-008463,005-193399,Valeria Leon,PagoServicio,2553.85,2026-03-17,21:02:51,Aprobada
TX-008464,002-776187,Sofia Rojas,PagoServicio,8283.79,2026-12-10,19:52:54,Observada
TX-008465,006-879499,Fernando Diaz,PagoServicio,10356.83,2026-07-10,20:10:23,Pendiente
TX-008466,001-916981,Elena Vargas,Transferencia,9116.92,2026-02-25,20:30:11,Pendiente
TX-008467,006-358749,Elena Vargas,Transferencia,6801.24,2026-05-11,01:15:23,Pendiente
TX-008468,001-373150,Sofia Rojas,Transferencia,6522.50,2026-04-25,13:13:39,Rechazada
TX-008469,009-986756,Fernando Diaz,Deposito,742.46,2026-08-23,04:25:14,Observada
TX-008470,003-986462,Sofia Rojas,PagoServicio,5051.13,2026-05-15,06:06:12,Observada
TX-008471,007-958285,Diego Flores,Transferencia,8732.26,2026-02-04,13:39:23,Pendiente
TX-008472,003-473066,Elena Vargas,Transferencia,9251.52,2026-06-02,08:39:36,Rechazada
TX-008473,007-810120,Fernando Diaz,Transferencia,3278.84,2026-05-09,04:39:13,Pendiente
TX-008474,003-631723,Rosa Herrera,Retiro,2855.54,2026-03-23,14:29:34,Rechazada
TX-008475,007-609809,Valeria Leon,Retiro,13411.66,2026-11-30,20:17:24,Pendiente
TX-008476,004-476368,Valeria Leon,Deposito,9267.71,2026-02-11,23:17:50,Anulada
TX-008477,008-912878,Jorge Medina,PagoServicio,3716.04,2026-05-21,13:49:35,Anulada
TX-008478,007-837791,Rosa Herrera,Retiro,2134.97,2026-10-04,18:09:07,Pendiente
TX-008479,004-611430,Fernando Diaz,PagoServicio,2950.26,2026-06-07,09:10:01,Rechazada
TX-008480,009-621482,Luis Ramos,Transferencia,6927.27,2026-02-15,00:01:47,Observada
TX-008481,006-322488,Camila Ruiz,Deposito,8958.56,2026-05-10,06:16:31,Pendiente
TX-008482,004-734907,Lucia Vega,Deposito,12103.76,2026-06-15,01:12:19,Anulada
TX-008483,009-745226,Pedro Castillo,Retiro,9107.68,2026-07-28,23:37:55,Observada
TX-008484,004-919771,Rosa Herrera,Transferencia,9105.03,2026-10-11,21:33:07,Observada
TX-008485,003-645793,Pedro Castillo,Deposito,10420.26,2026-04-18,11:09:58,Aprobada
TX-008486,008-708580,Carlos Perez,Deposito,13686.47,2026-02-03,01:39:35,Pendiente
TX-008487,002-376099,Maria Soto,Transferencia,5349.78,2026-05-01,09:36:46,Aprobada
TX-008488,007-585083,Miguel Castro,PagoServicio,2214.01,2026-12-20,07:45:49,Rechazada
TX-008489,009-478251,Jorge Medina,Deposito,504.58,2026-01-09,18:33:18,Pendiente
TX-008490,003-880765,Camila Ruiz,PagoServicio,9552.92,2026-06-30,16:22:16,Aprobada
TX-008491,004-486065,Lucia Vega,PagoServicio,6470.78,2026-12-29,16:46:02,Rechazada
TX-008492,001-574771,Rosa Herrera,PagoServicio,8559.38,2026-08-24,23:48:12,Observada
TX-008493,006-180654,Camila Ruiz,Transferencia,8745.86,2026-06-03,11:49:03,Pendiente
TX-008494,002-751646,Miguel Castro,Deposito,356.48,2026-03-07,20:36:55,Rechazada
TX-008495,005-943837,Sofia Rojas,Transferencia,5444.65,2026-01-17,05:11:15,Pendiente
TX-008496,002-846735,Fernando Diaz,Transferencia,7490.38,2026-07-19,08:59:32,Rechazada
TX-008497,003-245918,Ana Torres,Retiro,12345.65,2026-02-04,04:35:58,Rechazada
TX-008498,001-104585,Maria Soto,Deposito,680.99,2026-11-01,02:31:53,Aprobada
TX-008499,005-562637,Lucia Vega,PagoServicio,2655.50,2026-08-11,05:11:49,Aprobada
TX-008500,006-488124,Pedro Castillo,Retiro,3617.16,2026-07-15,17:47:23,Rechazada
TX-008501,001-364717,Diego Flores,PagoServicio,5180.53,2026-09-30,17:24:59,Pendiente
TX-008502,006-495044,Elena Vargas,Deposito,4260.46,2026-11-17,06:42:05,Observada
TX-008503,004-305080,Carlos Perez,Retiro,11654.84,2026-11-27,10:44:56,Anulada
TX-008504,009-422477,Elena Vargas,PagoServicio,5146.32,2026-08-10,15:36:27,Aprobada
TX-008505,004-847576,Lucia Vega,Retiro,11881.83,2026-08-06,03:41:20,Rechazada
TX-008506,005-193528,Carlos Perez,Transferencia,1771.46,2026-11-05,14:39:31,Aprobada
TX-008507,007-793974,Rosa Herrera,Deposito,9925.60,2026-10-15,03:03:40,Pendiente
TX-008508,001-311127,Pedro Castillo,Retiro,13117.64,2026-04-23,21:07:42,Aprobada
TX-008509,008-816020,Jorge Medina,Retiro,3066.31,2026-10-06,22:58:44,Rechazada
TX-008510,001-894935,Fernando Diaz,PagoServicio,1674.35,2026-10-07,12:11:44,Rechazada
TX-008511,002-755940,Miguel Castro,Retiro,1389.41,2026-05-29,16:56:30,Aprobada
TX-008512,007-797461,Carlos Perez,Retiro,14424.13,2026-01-27,00:45:06,Anulada
TX-008513,007-583714,Camila Ruiz,Transferencia,10130.67,2026-09-14,20:51:11,Aprobada
TX-008514,009-941400,Elena Vargas,Transferencia,2322.23,2026-12-04,22:00:56,Rechazada
TX-008515,009-684171,Carlos Perez,PagoServicio,14958.41,2026-09-22,01:21:15,Observada
TX-008516,001-907775,Camila Ruiz,Retiro,11968.25,2026-09-18,06:02:42,Pendiente
TX-008517,008-737690,Elena Vargas,Deposito,3604.17,2026-05-19,22:04:39,Observada
TX-008518,005-383568,Camila Ruiz,Transferencia,13553.73,2026-08-24,05:45:27,Rechazada
TX-008519,006-406164,Elena Vargas,PagoServicio,10412.53,2026-07-23,06:09:55,Observada
TX-008520,004-720582,Diego Flores,PagoServicio,2446.49,2026-11-10,12:08:06,Aprobada
TX-008521,003-342789,Valeria Leon,Deposito,14517.96,2026-02-25,21:09:40,Aprobada
TX-008522,004-173734,Jorge Medina,Deposito,9349.37,2026-04-12,11:55:42,Pendiente
TX-008523,001-736700,Ana Torres,Transferencia,9826.90,2026-08-30,14:23:19,Pendiente
TX-008524,008-245164,Valeria Leon,PagoServicio,9239.55,2026-08-27,18:58:37,Pendiente
TX-008525,004-704312,Camila Ruiz,Transferencia,378.13,2026-11-27,03:59:39,Observada
TX-008526,004-330874,Carlos Perez,Retiro,6675.22,2026-05-05,06:14:56,Rechazada
TX-008527,005-666483,Camila Ruiz,Transferencia,12887.94,2026-09-26,20:16:01,Pendiente
TX-008528,007-510213,Valeria Leon,Retiro,3539.70,2026-08-05,10:46:57,Pendiente
TX-008529,009-461852,Fernando Diaz,Deposito,11088.79,2026-01-11,13:41:50,Aprobada
TX-008530,001-813132,Elena Vargas,Transferencia,14730.12,2026-09-29,14:36:37,Pendiente
TX-008531,005-417442,Rosa Herrera,Deposito,8263.02,2026-05-01,09:48:44,Observada
TX-008532,003-104103,Jorge Medina,Deposito,863.57,2026-02-10,17:15:19,Anulada
TX-008533,008-114598,Carlos Perez,Retiro,2559.22,2026-10-08,14:52:58,Observada
TX-008534,008-444148,Diego Flores,Transferencia,2017.88,2026-10-29,21:38:17,Pendiente
TX-008535,009-352814,Diego Flores,Transferencia,400.55,2026-03-23,02:11:20,Rechazada
TX-008536,001-824709,Lucia Vega,Transferencia,10849.35,2026-03-31,03:34:46,Observada
TX-008537,003-632885,Rosa Herrera,Transferencia,831.31,2026-02-28,07:47:13,Anulada
TX-008538,008-280693,Diego Flores,Deposito,12265.03,2026-06-24,00:07:52,Pendiente
TX-008539,006-219981,Maria Soto,PagoServicio,3226.93,2026-01-22,16:27:19,Aprobada
TX-008540,008-899678,Diego Flores,PagoServicio,11554.17,2026-12-28,21:50:02,Rechazada
TX-008541,004-836044,Ana Torres,Retiro,2383.83,2026-02-10,04:27:32,Observada
TX-008542,007-550276,Sofia Rojas,Retiro,1780.01,2026-03-05,18:45:25,Observada
TX-008543,005-538192,Maria Soto,Transferencia,12800.67,2026-03-25,03:24:28,Pendiente
TX-008544,006-705137,Elena Vargas,Deposito,8430.14,2026-09-06,03:47:01,Anulada
TX-008545,006-517190,Elena Vargas,Deposito,5972.44,2026-01-25,19:53:13,Anulada
TX-008546,003-726973,Elena Vargas,Deposito,12676.24,2026-01-13,18:26:30,Anulada
TX-008547,005-411416,Luis Ramos,Deposito,7481.88,2026-12-23,17:34:21,Rechazada
TX-008548,008-548364,Miguel Castro,Retiro,11331.75,2026-10-23,11:34:38,Anulada
TX-008549,003-465796,Sofia Rojas,Deposito,11547.02,2026-05-18,10:31:46,Anulada
TX-008550,007-426876,Jorge Medina,PagoServicio,6271.22,2026-05-20,01:45:09,Pendiente
TX-008551,008-609713,Fernando Diaz,Transferencia,4830.14,2026-08-06,18:26:37,Observada
TX-008552,006-972041,Ana Torres,PagoServicio,6964.75,2026-10-11,09:15:49,Anulada
TX-008553,007-393654,Miguel Castro,Deposito,1008.64,2026-05-26,06:27:22,Anulada
TX-008554,001-428220,Diego Flores,Retiro,13103.85,2026-11-24,12:07:12,Pendiente
TX-008555,007-627517,Jorge Medina,Transferencia,4663.00,2026-03-06,08:21:28,Observada
TX-008556,005-496261,Diego Flores,PagoServicio,9263.77,2026-01-19,00:21:07,Anulada
TX-008557,001-923297,Rosa Herrera,Deposito,10332.74,2026-06-08,03:40:39,Aprobada
TX-008558,007-331076,Valeria Leon,Retiro,7572.92,2026-01-13,07:07:02,Pendiente
TX-008559,002-537811,Maria Soto,PagoServicio,4960.29,2026-11-30,13:45:07,Rechazada
TX-008560,001-770457,Diego Flores,Retiro,2715.92,2026-03-09,21:04:46,Aprobada
TX-008561,003-903160,Rosa Herrera,Retiro,8420.55,2026-03-09,19:00:01,Anulada
TX-008562,005-378349,Fernando Diaz,PagoServicio,14686.17,2026-12-08,07:27:59,Rechazada
TX-008563,008-496396,Carlos Perez,Deposito,14345.47,2026-02-07,06:04:35,Pendiente
TX-008564,009-586576,Lucia Vega,PagoServicio,9454.38,2026-05-03,09:04:55,Aprobada
TX-008565,003-805613,Diego Flores,Deposito,4144.22,2026-10-20,17:51:09,Anulada
TX-008566,004-865593,Valeria Leon,Deposito,3361.82,2026-09-03,11:16:24,Rechazada
TX-008567,006-624521,Miguel Castro,Deposito,8561.50,2026-09-01,15:00:07,Anulada
TX-008568,002-554303,Diego Flores,Deposito,3350.38,2026-05-16,05:15:01,Anulada
TX-008569,006-250106,Maria Soto,PagoServicio,9787.62,2026-05-05,22:23:54,Aprobada
TX-008570,003-107355,Diego Flores,Transferencia,995.48,2026-02-04,21:08:01,Observada
TX-008571,005-890693,Diego Flores,PagoServicio,3748.93,2026-01-25,13:43:19,Aprobada
TX-008572,002-401078,Elena Vargas,PagoServicio,3589.86,2026-06-14,12:31:24,Aprobada
TX-008573,009-739799,Fernando Diaz,Transferencia,13940.50,2026-01-21,21:26:23,Pendiente
TX-008574,001-395524,Camila Ruiz,Deposito,9081.42,2026-06-01,06:28:55,Aprobada
TX-008575,008-780357,Lucia Vega,Transferencia,429.70,2026-10-01,17:40:38,Pendiente
TX-008576,008-484852,Rosa Herrera,Retiro,3933.26,2026-09-19,03:06:46,Pendiente
TX-008577,006-729597,Fernando Diaz,Deposito,2528.77,2026-01-07,09:35:28,Pendiente
TX-008578,003-117506,Camila Ruiz,Deposito,12206.52,2026-12-07,08:46:56,Anulada
TX-008579,003-671833,Camila Ruiz,PagoServicio,4814.86,2026-08-10,11:20:17,Aprobada
TX-008580,008-673770,Jorge Medina,Retiro,4873.23,2026-01-14,12:37:57,Pendiente
TX-008581,005-225232,Pedro Castillo,Transferencia,9097.19,2026-08-11,19:53:02,Rechazada
TX-008582,008-487627,Miguel Castro,PagoServicio,11389.37,2026-01-01,20:45:34,Observada
TX-008583,007-789300,Elena Vargas,Transferencia,14804.37,2026-09-22,18:29:29,Observada
TX-008584,002-802988,Sofia Rojas,Deposito,1700.05,2026-10-23,07:48:26,Pendiente
TX-008585,002-280182,Miguel Castro,Deposito,11824.81,2026-08-05,03:54:58,Rechazada
TX-008586,007-989016,Diego Flores,Deposito,14674.20,2026-11-01,19:07:42,Pendiente
TX-008587,006-664233,Maria Soto,PagoServicio,6950.70,2026-01-24,22:02:50,Observada
TX-008588,003-243093,Sofia Rojas,Transferencia,12311.17,2026-05-31,22:36:14,Anulada
TX-008589,005-727081,Ana Torres,PagoServicio,13297.40,2026-11-27,11:09:04,Anulada
TX-008590,003-621489,Sofia Rojas,Transferencia,301.36,2026-03-07,21:48:22,Rechazada
TX-008591,006-953809,Luis Ramos,Retiro,416.61,2026-08-31,07:15:48,Pendiente
TX-008592,006-714839,Fernando Diaz,PagoServicio,8757.23,2026-05-10,20:09:36,Observada
TX-008593,004-838093,Lucia Vega,Deposito,13213.35,2026-08-07,10:35:33,Pendiente
TX-008594,007-310174,Carlos Perez,PagoServicio,5384.29,2026-12-03,13:10:21,Anulada
TX-008595,005-721026,Fernando Diaz,Transferencia,3648.71,2026-07-29,22:52:09,Observada
TX-008596,009-622203,Miguel Castro,Transferencia,1703.84,2026-07-20,08:12:50,Aprobada
TX-008597,002-225814,Fernando Diaz,Retiro,3512.40,2026-07-03,19:02:03,Anulada
TX-008598,006-800974,Elena Vargas,Retiro,3134.86,2026-02-06,09:55:34,Pendiente
TX-008599,004-274508,Lucia Vega,Transferencia,9446.19,2026-06-21,17:20:34,Aprobada
TX-008600,008-895289,Rosa Herrera,Transferencia,2176.83,2026-07-15,10:23:12,Observada
TX-008601,007-351647,Carlos Perez,PagoServicio,11394.34,2026-08-28,08:11:08,Aprobada
TX-008602,009-859855,Luis Ramos,Retiro,10129.24,2026-03-08,20:45:09,Rechazada
TX-008603,001-970881,Valeria Leon,Retiro,2723.93,2026-01-22,00:58:33,Pendiente
TX-008604,005-644273,Lucia Vega,Retiro,12924.26,2026-02-13,13:55:25,Anulada
TX-008605,008-639919,Rosa Herrera,Transferencia,6236.60,2026-04-10,04:36:15,Anulada
TX-008606,006-598923,Luis Ramos,Transferencia,12020.21,2026-02-24,20:22:10,Pendiente
TX-008607,001-115581,Fernando Diaz,Retiro,7673.04,2026-03-05,17:10:24,Rechazada
TX-008608,005-902016,Luis Ramos,PagoServicio,665.25,2026-02-18,07:31:05,Anulada
TX-008609,004-993228,Camila Ruiz,Transferencia,3585.99,2026-07-11,03:35:06,Pendiente
TX-008610,004-369950,Ana Torres,Retiro,14804.56,2026-12-19,10:20:10,Aprobada
TX-008611,006-874750,Camila Ruiz,PagoServicio,8613.86,2026-05-09,23:20:11,Aprobada
TX-008612,008-334074,Carlos Perez,Retiro,13826.80,2026-07-22,03:55:54,Aprobada
TX-008613,004-528349,Valeria Leon,Retiro,11403.28,2026-01-19,04:55:28,Aprobada
TX-008614,006-998283,Maria Soto,PagoServicio,9247.88,2026-08-03,18:39:53,Pendiente
TX-008615,005-523671,Maria Soto,Transferencia,1395.28,2026-06-25,09:59:42,Aprobada
TX-008616,001-537321,Maria Soto,Transferencia,7717.21,2026-02-11,01:50:35,Rechazada
TX-008617,005-110336,Jorge Medina,PagoServicio,6496.29,2026-10-07,05:53:07,Pendiente
TX-008618,004-507763,Maria Soto,Retiro,1752.91,2026-09-28,08:14:49,Rechazada
TX-008619,006-145956,Camila Ruiz,Transferencia,1582.04,2026-04-16,04:37:32,Pendiente
TX-008620,007-668085,Elena Vargas,Deposito,415.61,2026-02-21,11:46:41,Anulada
TX-008621,002-982743,Miguel Castro,Deposito,7635.93,2026-08-16,08:50:24,Anulada
TX-008622,005-473263,Lucia Vega,Deposito,11031.94,2026-06-20,13:26:04,Rechazada
TX-008623,006-409060,Jorge Medina,Retiro,9884.11,2026-10-24,12:47:29,Aprobada
TX-008624,005-613273,Lucia Vega,Deposito,14874.54,2026-09-21,15:41:35,Aprobada
TX-008625,008-977273,Pedro Castillo,PagoServicio,3471.68,2026-04-10,20:37:56,Anulada
TX-008626,001-375649,Miguel Castro,PagoServicio,4890.18,2026-12-06,00:54:21,Pendiente
TX-008627,005-371156,Lucia Vega,PagoServicio,10409.54,2026-05-22,00:22:55,Observada
TX-008628,005-641916,Luis Ramos,Deposito,11091.25,2026-03-04,03:47:02,Pendiente
TX-008629,003-837475,Elena Vargas,PagoServicio,4476.88,2026-05-04,11:59:32,Aprobada
TX-008630,009-740026,Carlos Perez,Transferencia,3757.53,2026-02-01,22:17:34,Observada
TX-008631,009-408014,Maria Soto,Transferencia,3571.56,2026-08-20,10:40:39,Aprobada
TX-008632,004-914597,Sofia Rojas,PagoServicio,5110.09,2026-07-24,15:22:57,Rechazada
TX-008633,004-611365,Jorge Medina,PagoServicio,13432.92,2026-02-21,11:03:11,Observada
TX-008634,002-479636,Lucia Vega,Retiro,2456.81,2026-02-14,21:20:09,Rechazada
TX-008635,006-899595,Rosa Herrera,Transferencia,10751.51,2026-11-27,19:26:38,Anulada
TX-008636,004-388415,Rosa Herrera,Transferencia,2798.71,2026-07-04,09:31:11,Rechazada
TX-008637,003-340734,Miguel Castro,PagoServicio,13707.19,2026-01-17,22:04:24,Observada
TX-008638,005-172183,Diego Flores,PagoServicio,5189.61,2026-11-16,15:50:35,Observada
TX-008639,001-807568,Ana Torres,PagoServicio,3550.76,2026-04-02,03:56:36,Anulada
TX-008640,009-796298,Camila Ruiz,PagoServicio,14070.70,2026-03-23,10:53:32,Rechazada
TX-008641,006-267037,Luis Ramos,Transferencia,7969.36,2026-12-22,18:21:45,Anulada
TX-008642,004-771255,Jorge Medina,Deposito,5352.10,2026-12-27,17:30:21,Anulada
TX-008643,003-535219,Carlos Perez,Retiro,14212.98,2026-07-24,20:10:13,Anulada
TX-008644,005-938963,Rosa Herrera,Deposito,13186.51,2026-10-10,10:33:38,Aprobada
TX-008645,009-648739,Pedro Castillo,Transferencia,7921.26,2026-12-21,03:45:25,Aprobada
TX-008646,005-290152,Valeria Leon,Transferencia,7458.77,2026-12-12,04:16:34,Anulada
TX-008647,004-399167,Maria Soto,Transferencia,6181.96,2026-03-15,16:07:48,Rechazada
TX-008648,006-455888,Carlos Perez,Deposito,2940.04,2026-04-21,05:08:05,Anulada
TX-008649,008-846887,Luis Ramos,PagoServicio,1923.00,2026-01-05,21:15:59,Pendiente
TX-008650,001-968902,Elena Vargas,Retiro,2786.81,2026-02-27,14:24:44,Pendiente
TX-008651,004-968173,Camila Ruiz,Transferencia,12989.94,2026-08-27,00:43:24,Aprobada
TX-008652,008-335899,Luis Ramos,PagoServicio,2898.80,2026-02-21,22:53:45,Pendiente
TX-008653,004-103984,Camila Ruiz,PagoServicio,11475.87,2026-03-08,07:06:17,Pendiente
TX-008654,005-603443,Valeria Leon,Retiro,12586.75,2026-10-14,02:54:34,Aprobada
TX-008655,008-224603,Elena Vargas,Retiro,1262.58,2026-12-18,10:22:52,Rechazada
TX-008656,006-619840,Diego Flores,PagoServicio,14018.76,2026-01-31,08:02:39,Aprobada
TX-008657,003-418020,Miguel Castro,Transferencia,8537.84,2026-07-15,09:25:39,Rechazada
TX-008658,008-902408,Maria Soto,Deposito,4370.28,2026-08-31,03:18:54,Pendiente
TX-008659,003-139129,Jorge Medina,PagoServicio,8562.39,2026-09-02,02:07:48,Aprobada
TX-008660,006-250308,Miguel Castro,Retiro,1288.05,2026-12-29,17:23:11,Anulada
TX-008661,008-616952,Valeria Leon,Deposito,1610.05,2026-06-07,13:18:16,Pendiente
TX-008662,001-211760,Elena Vargas,Transferencia,799.09,2026-04-18,04:55:37,Pendiente
TX-008663,001-887929,Maria Soto,PagoServicio,6569.28,2026-01-23,22:48:33,Aprobada
TX-008664,003-333069,Luis Ramos,PagoServicio,2072.86,2026-11-24,15:01:05,Observada
TX-008665,006-196582,Ana Torres,Transferencia,300.03,2026-05-30,21:10:48,Observada
TX-008666,009-465756,Jorge Medina,Deposito,3594.94,2026-10-30,10:16:04,Observada
TX-008667,004-675343,Lucia Vega,PagoServicio,14573.27,2026-11-14,07:23:18,Aprobada
TX-008668,009-382573,Rosa Herrera,Deposito,7548.77,2026-12-03,05:39:19,Observada
TX-008669,004-149763,Elena Vargas,Retiro,1616.25,2026-08-19,00:06:13,Aprobada
TX-008670,009-266657,Carlos Perez,PagoServicio,2913.48,2026-11-28,09:05:08,Observada
TX-008671,003-446243,Miguel Castro,Transferencia,1409.63,2026-08-20,08:49:35,Anulada
TX-008672,001-880073,Miguel Castro,Retiro,14325.90,2026-10-07,15:40:59,Aprobada
TX-008673,001-261722,Sofia Rojas,Retiro,3494.80,2026-01-10,13:33:48,Pendiente
TX-008674,001-502226,Rosa Herrera,PagoServicio,10104.22,2026-08-05,07:33:30,Rechazada
TX-008675,006-267844,Miguel Castro,Retiro,8640.62,2026-05-07,14:37:05,Pendiente
TX-008676,007-453020,Miguel Castro,Deposito,7419.74,2026-03-28,10:13:00,Aprobada
TX-008677,007-731148,Luis Ramos,Deposito,5565.04,2026-12-16,06:48:26,Anulada
TX-008678,001-316323,Sofia Rojas,Deposito,3387.35,2026-10-18,10:41:23,Pendiente
TX-008679,003-973474,Elena Vargas,Retiro,6620.11,2026-04-10,06:42:52,Observada
TX-008680,007-573846,Miguel Castro,PagoServicio,11182.89,2026-02-18,19:26:54,Rechazada
TX-008681,007-831862,Jorge Medina,PagoServicio,1117.39,2026-04-29,02:42:57,Observada
TX-008682,001-390974,Rosa Herrera,Deposito,14925.63,2026-05-11,05:32:38,Rechazada
TX-008683,003-408538,Fernando Diaz,Retiro,10384.34,2026-05-20,19:38:43,Anulada
TX-008684,007-373389,Maria Soto,Deposito,4341.73,2026-06-24,17:19:28,Anulada
TX-008685,001-493678,Lucia Vega,Retiro,7239.48,2026-08-28,18:26:52,Observada
TX-008686,001-828345,Camila Ruiz,Retiro,4357.86,2026-10-19,13:19:44,Anulada
TX-008687,008-332904,Luis Ramos,Transferencia,6428.70,2026-02-17,17:09:04,Pendiente
TX-008688,007-986960,Pedro Castillo,Retiro,13320.89,2026-08-08,20:55:33,Anulada
TX-008689,006-294121,Elena Vargas,Transferencia,1447.06,2026-10-16,05:23:45,Pendiente
TX-008690,005-951206,Maria Soto,Deposito,82.41,2026-05-15,20:59:27,Aprobada
TX-008691,005-324055,Miguel Castro,PagoServicio,9169.87,2026-11-03,09:32:02,Aprobada
TX-008692,009-536094,Miguel Castro,Transferencia,7973.04,2026-07-18,17:37:31,Rechazada
TX-008693,006-652916,Fernando Diaz,Deposito,13387.27,2026-07-15,05:05:12,Rechazada
TX-008694,007-373532,Pedro Castillo,Deposito,9508.38,2026-06-24,02:46:02,Pendiente
TX-008695,008-702365,Diego Flores,PagoServicio,3906.52,2026-05-16,17:01:37,Pendiente
TX-008696,003-762749,Diego Flores,Transferencia,10970.95,2026-11-26,09:16:38,Pendiente
TX-008697,004-503274,Valeria Leon,Retiro,11960.97,2026-05-07,20:17:10,Observada
TX-008698,009-368243,Diego Flores,PagoServicio,13294.19,2026-07-25,01:18:53,Pendiente
TX-008699,001-945990,Fernando Diaz,PagoServicio,7842.22,2026-09-06,21:23:14,Observada
TX-008700,008-290119,Rosa Herrera,Deposito,3496.21,2026-10-22,21:51:27,Anulada
TX-008701,002-449753,Valeria Leon,Transferencia,8154.57,2026-06-06,22:03:10,Observada
TX-008702,009-807435,Rosa Herrera,Deposito,5603.26,2026-02-11,18:09:41,Anulada
TX-008703,004-812325,Elena Vargas,Retiro,12053.87,2026-06-10,06:54:19,Observada
TX-008704,002-777071,Fernando Diaz,Retiro,6967.77,2026-03-08,10:34:01,Rechazada
TX-008705,008-210626,Ana Torres,Transferencia,10860.62,2026-10-10,19:11:45,Anulada
TX-008706,006-742185,Camila Ruiz,PagoServicio,2866.09,2026-01-29,15:17:49,Anulada
TX-008707,008-467907,Jorge Medina,Transferencia,5499.88,2026-11-13,09:04:41,Rechazada
TX-008708,001-690048,Fernando Diaz,Retiro,5650.29,2026-03-27,22:17:10,Aprobada
TX-008709,002-402525,Lucia Vega,PagoServicio,4111.17,2026-02-12,01:53:41,Anulada
TX-008710,008-265375,Fernando Diaz,Deposito,1074.01,2026-01-23,06:28:24,Rechazada
TX-008711,007-617018,Pedro Castillo,Transferencia,5820.20,2026-10-31,04:12:05,Rechazada
TX-008712,003-843608,Fernando Diaz,Deposito,606.64,2026-02-05,11:50:54,Observada
TX-008713,002-972912,Carlos Perez,Transferencia,11258.81,2026-10-02,12:48:36,Observada
TX-008714,001-749182,Jorge Medina,Transferencia,7940.11,2026-06-10,01:07:36,Observada
TX-008715,001-678697,Jorge Medina,PagoServicio,11997.30,2026-04-01,22:13:54,Observada
TX-008716,004-767913,Luis Ramos,PagoServicio,12031.39,2026-11-05,14:43:04,Rechazada
TX-008717,008-461796,Diego Flores,Retiro,7360.17,2026-06-10,16:42:31,Aprobada
TX-008718,002-145229,Ana Torres,PagoServicio,9562.62,2026-12-21,05:25:05,Observada
TX-008719,008-406243,Ana Torres,Transferencia,8920.11,2026-06-29,09:40:53,Aprobada
TX-008720,002-638584,Carlos Perez,Retiro,5562.20,2026-09-20,08:54:33,Observada
TX-008721,007-879793,Miguel Castro,Transferencia,8167.24,2026-05-27,18:32:22,Aprobada
TX-008722,001-652229,Elena Vargas,Deposito,11798.78,2026-11-11,20:57:00,Observada
TX-008723,001-106787,Jorge Medina,Transferencia,12441.91,2026-02-08,22:15:50,Aprobada
TX-008724,003-886741,Maria Soto,Retiro,10876.27,2026-03-07,17:44:54,Observada
TX-008725,009-969024,Carlos Perez,Transferencia,4786.28,2026-11-25,02:44:38,Aprobada
TX-008726,002-972661,Luis Ramos,Transferencia,11011.74,2026-08-08,22:13:33,Rechazada
TX-008727,005-861560,Diego Flores,Transferencia,87.82,2026-05-29,08:46:20,Observada
TX-008728,007-745918,Valeria Leon,PagoServicio,12647.88,2026-01-16,09:42:53,Aprobada
TX-008729,005-743695,Lucia Vega,Transferencia,1232.63,2026-11-08,23:07:06,Observada
TX-008730,004-976552,Maria Soto,Retiro,11157.83,2026-05-21,21:33:23,Aprobada
TX-008731,007-369789,Rosa Herrera,Retiro,13682.44,2026-12-23,03:51:54,Anulada
TX-008732,006-631491,Camila Ruiz,PagoServicio,1831.93,2026-06-23,05:38:44,Rechazada
TX-008733,002-165969,Elena Vargas,PagoServicio,306.21,2026-10-31,23:54:28,Rechazada
TX-008734,006-365484,Miguel Castro,Deposito,11802.53,2026-08-20,02:25:11,Observada
TX-008735,006-442716,Ana Torres,Retiro,10594.58,2026-12-25,16:06:50,Rechazada
TX-008736,002-985510,Valeria Leon,Retiro,13739.85,2026-11-20,19:51:58,Pendiente
TX-008737,009-152849,Pedro Castillo,PagoServicio,14213.47,2026-08-28,21:16:23,Pendiente
TX-008738,001-278917,Lucia Vega,Retiro,14526.18,2026-09-10,18:20:44,Rechazada
TX-008739,007-325726,Carlos Perez,Deposito,2699.77,2026-02-14,19:18:47,Observada
TX-008740,006-401447,Valeria Leon,PagoServicio,7471.08,2026-02-18,12:35:37,Rechazada
TX-008741,003-102496,Maria Soto,Transferencia,6015.29,2026-09-26,01:10:47,Rechazada
TX-008742,003-115043,Carlos Perez,Transferencia,11674.42,2026-06-11,07:04:15,Observada
TX-008743,007-972102,Fernando Diaz,PagoServicio,4208.32,2026-07-21,04:41:39,Rechazada
TX-008744,003-635067,Fernando Diaz,PagoServicio,8324.05,2026-07-13,18:59:53,Rechazada
TX-008745,001-146029,Elena Vargas,Deposito,9185.97,2026-03-31,11:24:09,Aprobada
TX-008746,007-537695,Sofia Rojas,PagoServicio,11367.08,2026-06-19,17:04:32,Rechazada
TX-008747,007-133183,Camila Ruiz,Retiro,14210.35,2026-10-03,08:54:20,Anulada
TX-008748,007-782354,Lucia Vega,Transferencia,13604.81,2026-09-05,13:20:23,Aprobada
TX-008749,005-930481,Fernando Diaz,PagoServicio,1853.90,2026-06-11,04:20:07,Pendiente
TX-008750,006-369517,Miguel Castro,Deposito,9572.87,2026-11-26,14:29:37,Pendiente
TX-008751,005-526807,Pedro Castillo,PagoServicio,6932.64,2026-02-15,20:11:39,Rechazada
TX-008752,008-216665,Pedro Castillo,Retiro,3827.45,2026-06-30,19:36:47,Anulada
TX-008753,004-766487,Miguel Castro,Retiro,7821.66,2026-11-26,16:24:19,Observada
TX-008754,004-253114,Elena Vargas,Retiro,12089.30,2026-10-26,01:42:57,Observada
TX-008755,007-435977,Lucia Vega,Deposito,1930.07,2026-12-01,11:22:25,Pendiente
TX-008756,005-549152,Fernando Diaz,Deposito,5148.00,2026-04-17,20:27:49,Aprobada
TX-008757,004-864977,Ana Torres,Transferencia,2338.30,2026-02-08,21:14:03,Pendiente
TX-008758,004-503435,Sofia Rojas,Deposito,11354.52,2026-12-13,14:34:07,Anulada
TX-008759,005-476547,Elena Vargas,Retiro,8316.38,2026-08-03,19:33:43,Rechazada
TX-008760,004-243078,Carlos Perez,Deposito,11844.04,2026-05-10,06:51:34,Rechazada
TX-008761,004-466067,Sofia Rojas,PagoServicio,7725.28,2026-03-04,21:07:26,Rechazada
TX-008762,009-727751,Fernando Diaz,PagoServicio,12241.36,2026-10-27,04:19:21,Observada
TX-008763,006-417997,Diego Flores,Retiro,9971.44,2026-11-02,17:27:35,Rechazada
TX-008764,009-100759,Luis Ramos,Retiro,3499.08,2026-09-04,19:50:20,Observada
TX-008765,007-176782,Rosa Herrera,Transferencia,13503.94,2026-09-18,23:24:21,Observada
TX-008766,008-108419,Luis Ramos,Deposito,13150.96,2026-02-14,17:44:26,Aprobada
TX-008767,006-885063,Rosa Herrera,Transferencia,9554.26,2026-11-22,08:11:41,Rechazada
TX-008768,004-172491,Pedro Castillo,Retiro,9147.22,2026-03-04,07:34:37,Anulada
TX-008769,002-218651,Pedro Castillo,PagoServicio,13130.81,2026-12-24,01:55:50,Observada
TX-008770,006-140949,Diego Flores,Transferencia,5651.83,2026-12-15,21:19:49,Anulada
TX-008771,008-768559,Pedro Castillo,Transferencia,5543.17,2026-06-20,13:22:30,Anulada
TX-008772,003-226633,Miguel Castro,Deposito,974.67,2026-09-12,14:02:42,Anulada
TX-008773,009-969751,Luis Ramos,Transferencia,466.11,2026-08-13,13:39:41,Pendiente
TX-008774,005-331693,Ana Torres,Transferencia,2095.73,2026-07-09,13:37:31,Rechazada
TX-008775,003-886447,Ana Torres,PagoServicio,5045.11,2026-08-08,18:11:51,Pendiente
TX-008776,003-568156,Camila Ruiz,PagoServicio,9431.35,2026-08-04,00:00:32,Aprobada
TX-008777,009-281543,Sofia Rojas,Retiro,14014.25,2026-12-05,09:25:57,Observada
TX-008778,008-537446,Fernando Diaz,Retiro,10427.69,2026-02-09,00:20:06,Aprobada
TX-008779,005-358457,Luis Ramos,Transferencia,6887.31,2026-03-30,19:28:50,Anulada
TX-008780,009-994683,Elena Vargas,PagoServicio,14887.60,2026-04-18,07:30:01,Aprobada
TX-008781,005-991845,Maria Soto,PagoServicio,10820.89,2026-04-24,08:08:04,Rechazada
TX-008782,004-132230,Rosa Herrera,PagoServicio,10057.24,2026-11-08,00:00:05,Pendiente
TX-008783,007-217458,Lucia Vega,Retiro,7598.12,2026-03-20,08:42:30,Anulada
TX-008784,002-533093,Jorge Medina,Deposito,10633.08,2026-02-22,04:21:51,Anulada
TX-008785,006-425727,Miguel Castro,Transferencia,5342.90,2026-04-21,10:40:14,Observada
TX-008786,005-358080,Valeria Leon,Deposito,7333.65,2026-05-11,12:12:04,Rechazada
TX-008787,009-718068,Jorge Medina,Retiro,9778.84,2026-05-10,14:35:18,Anulada
TX-008788,008-691314,Valeria Leon,Retiro,2815.16,2026-11-06,18:16:05,Pendiente
TX-008789,006-461573,Fernando Diaz,Deposito,405.44,2026-09-10,21:53:35,Pendiente
TX-008790,003-228051,Ana Torres,Transferencia,1700.35,2026-09-05,01:36:35,Anulada
TX-008791,007-224207,Luis Ramos,PagoServicio,6688.39,2026-05-05,22:40:36,Pendiente
TX-008792,006-318882,Diego Flores,Transferencia,10822.28,2026-06-20,22:49:33,Anulada
TX-008793,009-498748,Sofia Rojas,Retiro,14647.28,2026-06-17,10:17:46,Anulada
TX-008794,003-990856,Rosa Herrera,Retiro,3561.35,2026-05-12,10:09:08,Rechazada
TX-008795,001-134109,Fernando Diaz,Retiro,9818.77,2026-10-14,16:49:55,Pendiente
TX-008796,004-723741,Pedro Castillo,Retiro,12996.67,2026-05-24,09:29:46,Observada
TX-008797,004-576504,Miguel Castro,PagoServicio,10026.21,2026-03-26,17:44:07,Aprobada
TX-008798,003-956832,Pedro Castillo,Retiro,4678.71,2026-07-26,03:44:24,Observada
TX-008799,001-228988,Carlos Perez,Transferencia,11073.96,2026-02-15,10:15:49,Aprobada
TX-008800,008-468108,Luis Ramos,PagoServicio,3571.86,2026-03-22,02:17:10,Pendiente
TX-008801,009-305641,Sofia Rojas,Retiro,13375.29,2026-11-20,05:39:45,Anulada
TX-008802,003-230371,Pedro Castillo,Transferencia,5103.50,2026-08-13,22:00:23,Pendiente
TX-008803,005-330978,Valeria Leon,PagoServicio,13289.73,2026-07-04,16:53:07,Aprobada
TX-008804,008-171763,Carlos Perez,Deposito,14264.32,2026-12-10,07:35:25,Anulada
TX-008805,004-465470,Elena Vargas,Transferencia,13695.70,2026-12-21,22:56:02,Pendiente
TX-008806,005-664675,Elena Vargas,Retiro,4968.64,2026-03-03,18:26:47,Observada
TX-008807,004-740587,Sofia Rojas,Deposito,2994.62,2026-10-30,10:25:44,Rechazada
TX-008808,002-551371,Luis Ramos,Retiro,12.96,2026-08-21,19:25:02,Anulada
TX-008809,003-676078,Sofia Rojas,PagoServicio,8379.74,2026-03-01,11:38:52,Observada
TX-008810,008-446569,Luis Ramos,Deposito,3341.27,2026-09-13,06:34:13,Observada
TX-008811,003-149429,Fernando Diaz,PagoServicio,12921.21,2026-10-18,17:44:33,Pendiente
TX-008812,001-967053,Sofia Rojas,PagoServicio,9243.21,2026-02-10,07:52:24,Rechazada
TX-008813,009-428968,Miguel Castro,PagoServicio,7774.63,2026-08-08,13:39:44,Pendiente
TX-008814,005-182545,Sofia Rojas,Deposito,12325.93,2026-04-02,21:01:18,Rechazada
TX-008815,002-903058,Elena Vargas,Transferencia,1316.39,2026-05-29,04:01:51,Anulada
TX-008816,006-427340,Ana Torres,Retiro,5808.74,2026-11-24,09:37:15,Rechazada
TX-008817,002-643054,Ana Torres,PagoServicio,10751.39,2026-09-12,21:25:08,Aprobada
TX-008818,004-886636,Sofia Rojas,Retiro,2555.02,2026-09-23,22:15:06,Pendiente
TX-008819,002-676574,Pedro Castillo,Retiro,2177.76,2026-09-13,23:57:21,Aprobada
TX-008820,007-958943,Pedro Castillo,PagoServicio,1408.17,2026-09-28,00:13:05,Aprobada
TX-008821,008-870364,Rosa Herrera,Retiro,11994.58,2026-07-20,05:22:17,Observada
TX-008822,002-779461,Camila Ruiz,Deposito,7672.42,2026-09-22,17:06:48,Pendiente
TX-008823,005-422878,Elena Vargas,Retiro,454.53,2026-06-30,06:42:39,Pendiente
TX-008824,006-954457,Camila Ruiz,PagoServicio,11073.92,2026-07-02,02:15:15,Pendiente
TX-008825,002-779742,Elena Vargas,Deposito,13481.49,2026-11-16,04:00:16,Pendiente
TX-008826,002-625783,Carlos Perez,Transferencia,6026.62,2026-03-19,22:05:58,Rechazada
TX-008827,006-332459,Miguel Castro,Retiro,10589.80,2026-03-18,10:48:09,Aprobada
TX-008828,006-578946,Fernando Diaz,Deposito,6955.36,2026-07-16,08:58:10,Observada
TX-008829,007-158483,Jorge Medina,Transferencia,2810.72,2026-12-18,23:24:31,Pendiente
TX-008830,001-578657,Fernando Diaz,PagoServicio,6420.97,2026-01-18,07:48:14,Observada
TX-008831,006-120217,Valeria Leon,Deposito,10680.43,2026-06-15,15:36:56,Aprobada
TX-008832,001-541304,Valeria Leon,PagoServicio,5593.06,2026-11-30,19:15:05,Rechazada
TX-008833,003-504217,Rosa Herrera,Deposito,7451.82,2026-12-03,04:24:40,Aprobada
TX-008834,005-167225,Maria Soto,Deposito,219.86,2026-10-20,06:21:12,Pendiente
TX-008835,004-696434,Sofia Rojas,Deposito,7726.81,2026-03-23,16:36:19,Pendiente
TX-008836,007-152516,Ana Torres,Transferencia,13229.17,2026-08-03,10:37:51,Rechazada
TX-008837,001-638595,Jorge Medina,Transferencia,5818.29,2026-03-26,04:04:44,Anulada
TX-008838,009-227666,Diego Flores,Retiro,10666.76,2026-08-14,22:04:30,Rechazada
TX-008839,008-185169,Diego Flores,Transferencia,7594.24,2026-08-12,13:55:25,Rechazada
TX-008840,009-981861,Miguel Castro,Transferencia,14304.32,2026-07-27,11:54:18,Observada
TX-008841,003-201003,Sofia Rojas,Deposito,50.89,2026-11-26,04:47:19,Anulada
TX-008842,002-587961,Fernando Diaz,Deposito,6854.43,2026-10-17,02:56:23,Aprobada
TX-008843,002-636258,Ana Torres,PagoServicio,10694.78,2026-09-23,12:18:27,Pendiente
TX-008844,003-232268,Sofia Rojas,Retiro,4600.13,2026-10-31,23:04:30,Aprobada
TX-008845,006-234947,Camila Ruiz,Retiro,2529.15,2026-02-11,16:36:46,Observada
TX-008846,007-453365,Rosa Herrera,Transferencia,7317.52,2026-07-10,00:00:02,Rechazada
TX-008847,002-316244,Luis Ramos,PagoServicio,13514.05,2026-08-10,02:47:37,Rechazada
TX-008848,002-350913,Pedro Castillo,Retiro,10700.76,2026-11-05,00:14:32,Observada
TX-008849,007-938970,Maria Soto,Deposito,5146.87,2026-04-06,22:33:40,Observada
TX-008850,007-791262,Pedro Castillo,Transferencia,1401.49,2026-07-21,10:24:18,Rechazada
TX-008851,006-558535,Rosa Herrera,PagoServicio,9394.37,2026-05-12,02:18:05,Aprobada
TX-008852,007-324917,Diego Flores,Transferencia,6841.86,2026-07-02,01:32:50,Aprobada
TX-008853,006-364065,Valeria Leon,Retiro,6206.99,2026-07-27,18:36:08,Aprobada
TX-008854,004-401282,Luis Ramos,Retiro,11765.35,2026-01-10,02:57:53,Rechazada
TX-008855,004-397009,Sofia Rojas,Transferencia,10706.97,2026-05-01,20:16:01,Anulada
TX-008856,007-986629,Camila Ruiz,PagoServicio,4893.20,2026-04-28,02:23:33,Pendiente
TX-008857,007-833842,Pedro Castillo,Deposito,10635.81,2026-07-29,06:24:24,Rechazada
TX-008858,002-640312,Miguel Castro,PagoServicio,3272.89,2026-08-05,14:22:19,Rechazada
TX-008859,002-894971,Maria Soto,Deposito,13583.39,2026-07-18,02:30:35,Anulada
TX-008860,008-593955,Lucia Vega,Transferencia,13498.99,2026-05-17,10:55:26,Aprobada
TX-008861,004-906908,Luis Ramos,Deposito,1003.66,2026-05-01,12:36:04,Observada
TX-008862,006-156504,Valeria Leon,PagoServicio,4855.02,2026-06-12,09:11:16,Anulada
TX-008863,007-823237,Fernando Diaz,Retiro,8187.24,2026-11-03,11:54:15,Pendiente
TX-008864,005-602602,Elena Vargas,PagoServicio,1182.41,2026-04-30,14:03:10,Aprobada
TX-008865,003-455953,Fernando Diaz,Retiro,9621.71,2026-07-21,10:01:06,Rechazada
TX-008866,005-971605,Luis Ramos,Transferencia,6364.75,2026-10-29,13:50:06,Observada
TX-008867,003-740551,Fernando Diaz,PagoServicio,6329.50,2026-05-29,12:37:46,Pendiente
TX-008868,007-901566,Maria Soto,Transferencia,13151.71,2026-11-14,16:15:10,Observada
TX-008869,001-347789,Elena Vargas,Retiro,3217.88,2026-05-26,23:14:09,Observada
TX-008870,008-576207,Lucia Vega,Deposito,12704.97,2026-01-13,23:58:40,Anulada
TX-008871,005-312832,Diego Flores,PagoServicio,13531.14,2026-10-19,00:25:10,Aprobada
TX-008872,009-295045,Fernando Diaz,Transferencia,13532.58,2026-03-26,14:22:36,Pendiente
TX-008873,001-752497,Fernando Diaz,Retiro,5036.63,2026-10-21,07:52:43,Anulada
TX-008874,003-600542,Fernando Diaz,Transferencia,13793.44,2026-07-08,14:23:06,Rechazada
TX-008875,003-955150,Elena Vargas,Transferencia,3175.37,2026-09-15,23:50:07,Aprobada
TX-008876,007-516684,Sofia Rojas,Deposito,13518.04,2026-09-30,18:07:56,Pendiente
TX-008877,002-983473,Valeria Leon,Deposito,7128.60,2026-11-04,01:41:00,Anulada
TX-008878,008-850932,Elena Vargas,PagoServicio,7894.04,2026-07-18,20:06:31,Pendiente
TX-008879,006-995015,Valeria Leon,PagoServicio,9292.08,2026-12-08,12:25:15,Pendiente
TX-008880,008-834601,Diego Flores,PagoServicio,1288.68,2026-04-24,12:10:49,Anulada
TX-008881,002-580356,Elena Vargas,Deposito,6256.88,2026-09-09,09:19:52,Anulada
TX-008882,001-493818,Diego Flores,Retiro,12000.78,2026-09-06,00:20:32,Anulada
TX-008883,006-201118,Ana Torres,Retiro,14224.34,2026-10-23,21:39:17,Observada
TX-008884,009-517028,Sofia Rojas,PagoServicio,8134.56,2026-09-14,10:15:47,Anulada
TX-008885,009-416324,Maria Soto,Transferencia,322.92,2026-03-14,17:37:07,Observada
TX-008886,006-163407,Camila Ruiz,Retiro,14940.62,2026-12-08,01:42:14,Pendiente
TX-008887,003-374231,Luis Ramos,Transferencia,4095.99,2026-03-07,09:35:56,Aprobada
TX-008888,008-526774,Pedro Castillo,Transferencia,14976.82,2026-03-28,14:05:35,Rechazada
TX-008889,006-286417,Miguel Castro,Deposito,9006.83,2026-07-05,00:14:47,Observada
TX-008890,001-360789,Fernando Diaz,PagoServicio,12944.60,2026-01-28,10:33:15,Aprobada
TX-008891,009-383612,Rosa Herrera,Retiro,11329.96,2026-08-18,08:40:38,Observada
TX-008892,001-415645,Rosa Herrera,Deposito,3098.06,2026-06-14,17:26:49,Anulada
TX-008893,008-517785,Luis Ramos,Retiro,10424.36,2026-08-09,12:15:53,Observada
TX-008894,007-614760,Sofia Rojas,Retiro,1711.88,2026-09-05,06:16:25,Rechazada
TX-008895,006-414595,Camila Ruiz,Deposito,6066.36,2026-01-27,12:05:30,Pendiente
TX-008896,004-992072,Luis Ramos,Deposito,11118.14,2026-12-29,22:12:09,Anulada
TX-008897,004-817179,Elena Vargas,Deposito,8381.50,2026-11-21,06:12:59,Anulada
TX-008898,006-356927,Elena Vargas,Transferencia,2682.00,2026-12-21,06:48:01,Aprobada
TX-008899,001-645053,Rosa Herrera,Deposito,8658.90,2026-01-17,12:32:55,Pendiente
TX-008900,001-916536,Ana Torres,Retiro,4202.21,2026-09-21,01:53:04,Observada
TX-008901,001-325365,Sofia Rojas,Deposito,2758.03,2026-04-05,14:58:24,Observada
TX-008902,004-328305,Luis Ramos,Retiro,4491.12,2026-09-04,00:38:12,Rechazada
TX-008903,005-165647,Lucia Vega,PagoServicio,1867.50,2026-07-19,01:33:18,Anulada
TX-008904,008-966517,Sofia Rojas,Retiro,12677.16,2026-10-23,00:23:26,Observada
TX-008905,008-734957,Miguel Castro,Deposito,10916.37,2026-09-07,05:55:28,Anulada
TX-008906,003-203333,Ana Torres,Transferencia,7430.23,2026-07-12,12:32:04,Pendiente
TX-008907,009-904208,Maria Soto,Transferencia,10630.97,2026-12-13,22:55:07,Aprobada
TX-008908,008-903868,Pedro Castillo,Transferencia,10983.28,2026-07-10,10:16:08,Anulada
TX-008909,007-347405,Luis Ramos,Retiro,2165.13,2026-09-24,23:17:23,Aprobada
TX-008910,005-715285,Sofia Rojas,Transferencia,9338.53,2026-06-13,00:18:55,Pendiente
TX-008911,002-739976,Sofia Rojas,PagoServicio,2583.78,2026-02-05,16:37:32,Pendiente
TX-008912,006-607758,Ana Torres,PagoServicio,4753.05,2026-09-26,00:22:25,Anulada
TX-008913,007-916702,Valeria Leon,PagoServicio,2452.00,2026-10-27,02:22:17,Rechazada
TX-008914,008-636366,Pedro Castillo,PagoServicio,6942.72,2026-09-20,13:39:08,Observada
TX-008915,002-286578,Luis Ramos,Retiro,12815.50,2026-09-12,15:51:45,Anulada
TX-008916,002-616585,Sofia Rojas,PagoServicio,25.61,2026-12-02,00:39:11,Observada
TX-008917,001-101514,Maria Soto,Retiro,9703.78,2026-08-13,05:57:12,Observada
TX-008918,003-872338,Lucia Vega,Deposito,5059.14,2026-06-21,19:58:38,Anulada
TX-008919,005-305472,Ana Torres,Transferencia,3299.01,2026-07-31,16:41:14,Observada
TX-008920,009-768075,Rosa Herrera,Transferencia,6306.47,2026-11-01,02:57:28,Pendiente
TX-008921,007-457025,Miguel Castro,Deposito,11069.43,2026-02-04,01:13:52,Anulada
TX-008922,007-669165,Camila Ruiz,Deposito,9019.78,2026-07-18,12:45:12,Observada
TX-008923,005-731472,Fernando Diaz,Retiro,10484.67,2026-01-03,23:51:06,Rechazada
TX-008924,003-274970,Sofia Rojas,PagoServicio,7523.09,2026-01-10,22:55:26,Rechazada
TX-008925,008-484878,Pedro Castillo,PagoServicio,7974.15,2026-11-02,07:15:54,Pendiente
TX-008926,006-607627,Fernando Diaz,PagoServicio,13303.50,2026-03-25,06:00:52,Aprobada
TX-008927,003-373322,Fernando Diaz,PagoServicio,4325.16,2026-01-08,00:22:58,Anulada
TX-008928,002-333307,Maria Soto,Retiro,2607.83,2026-06-28,20:07:23,Pendiente
TX-008929,001-371250,Luis Ramos,Retiro,2462.77,2026-06-02,17:12:56,Pendiente
TX-008930,004-825839,Rosa Herrera,Deposito,10966.50,2026-01-02,04:10:48,Anulada
TX-008931,005-979022,Elena Vargas,Deposito,5554.32,2026-10-15,01:01:51,Observada
TX-008932,004-202807,Lucia Vega,Retiro,9895.85,2026-06-14,15:29:00,Observada
TX-008933,003-252555,Rosa Herrera,Deposito,7374.77,2026-06-16,09:38:06,Aprobada
TX-008934,004-682415,Maria Soto,Transferencia,7224.47,2026-01-28,06:56:21,Aprobada
TX-008935,001-251506,Lucia Vega,Deposito,7889.01,2026-11-25,08:13:36,Anulada
TX-008936,007-386088,Luis Ramos,PagoServicio,9832.09,2026-04-03,22:19:59,Anulada
TX-008937,007-742367,Jorge Medina,Retiro,9873.98,2026-10-21,22:11:55,Rechazada
TX-008938,004-357709,Valeria Leon,Retiro,10869.46,2026-07-24,15:49:51,Observada
TX-008939,007-680822,Valeria Leon,Retiro,8279.99,2026-11-06,07:36:46,Observada
TX-008940,009-709068,Rosa Herrera,Retiro,5189.01,2026-02-17,16:12:33,Observada
TX-008941,004-684358,Miguel Castro,PagoServicio,14501.80,2026-02-09,19:20:03,Observada
TX-008942,006-289307,Fernando Diaz,Retiro,3749.63,2026-01-15,10:13:01,Observada
TX-008943,004-603235,Valeria Leon,PagoServicio,3500.34,2026-09-03,08:49:49,Pendiente
TX-008944,003-219544,Diego Flores,Transferencia,5659.74,2026-07-20,13:19:33,Pendiente
TX-008945,007-131961,Camila Ruiz,Retiro,13944.12,2026-12-27,20:26:34,Pendiente
TX-008946,003-723121,Elena Vargas,Deposito,872.13,2026-06-03,06:02:19,Observada
TX-008947,003-854567,Maria Soto,PagoServicio,9943.37,2026-06-18,12:25:46,Rechazada
TX-008948,009-192459,Elena Vargas,Transferencia,6748.36,2026-06-21,00:30:58,Observada
TX-008949,008-945715,Rosa Herrera,PagoServicio,14427.79,2026-09-18,11:16:17,Rechazada
TX-008950,008-178890,Valeria Leon,Transferencia,14749.61,2026-01-18,15:13:23,Pendiente
TX-008951,008-377631,Elena Vargas,PagoServicio,7525.65,2026-11-02,18:22:52,Anulada
TX-008952,004-327759,Ana Torres,Deposito,3240.83,2026-07-08,16:59:15,Pendiente
TX-008953,001-801112,Sofia Rojas,Retiro,14618.75,2026-02-24,11:33:33,Observada
TX-008954,002-158020,Fernando Diaz,Retiro,3631.77,2026-04-19,14:34:14,Anulada
TX-008955,008-622293,Carlos Perez,PagoServicio,5259.26,2026-07-25,02:43:45,Anulada
TX-008956,005-917814,Diego Flores,Transferencia,9215.53,2026-11-16,22:37:02,Observada
TX-008957,007-184999,Carlos Perez,Retiro,8709.01,2026-01-09,07:49:10,Observada
TX-008958,004-482027,Jorge Medina,Retiro,3973.49,2026-06-06,11:49:10,Rechazada
TX-008959,009-465156,Jorge Medina,Retiro,12121.93,2026-09-14,12:29:42,Anulada
TX-008960,006-136197,Ana Torres,PagoServicio,2106.67,2026-12-27,16:33:49,Pendiente
TX-008961,004-632804,Camila Ruiz,Deposito,7874.81,2026-12-06,01:39:53,Aprobada
TX-008962,001-707065,Diego Flores,PagoServicio,6511.01,2026-09-24,17:05:15,Anulada
TX-008963,003-922218,Fernando Diaz,Deposito,9676.64,2026-12-07,09:35:13,Pendiente
TX-008964,001-442604,Luis Ramos,Deposito,9248.98,2026-05-01,13:41:28,Anulada
TX-008965,008-883956,Carlos Perez,Deposito,10815.32,2026-07-09,10:22:59,Pendiente
TX-008966,005-336642,Miguel Castro,Deposito,14270.15,2026-05-05,21:28:00,Rechazada
TX-008967,007-981721,Lucia Vega,PagoServicio,1513.95,2026-01-24,21:12:31,Observada
TX-008968,008-856650,Elena Vargas,PagoServicio,6853.30,2026-02-28,01:25:48,Rechazada
TX-008969,003-831522,Sofia Rojas,Deposito,13055.11,2026-05-28,03:15:15,Aprobada
TX-008970,006-353712,Carlos Perez,Transferencia,167.06,2026-07-12,22:18:27,Aprobada
TX-008971,003-582569,Rosa Herrera,Deposito,11134.84,2026-11-29,11:07:27,Observada
TX-008972,007-944032,Miguel Castro,PagoServicio,11462.13,2026-09-27,02:02:03,Observada
TX-008973,004-997985,Valeria Leon,Transferencia,13457.82,2026-02-12,01:09:31,Pendiente
TX-008974,006-351993,Miguel Castro,PagoServicio,9739.77,2026-09-21,02:40:57,Aprobada
TX-008975,002-555960,Valeria Leon,Transferencia,2332.61,2026-12-11,00:13:19,Aprobada
TX-008976,008-458655,Miguel Castro,Transferencia,829.41,2026-06-06,07:58:23,Anulada
TX-008977,002-464884,Pedro Castillo,Deposito,13919.85,2026-03-27,01:38:07,Anulada
TX-008978,003-250628,Miguel Castro,Deposito,3849.50,2026-05-19,05:25:59,Observada
TX-008979,006-291614,Carlos Perez,Retiro,1916.26,2026-04-28,22:45:23,Anulada
TX-008980,005-393223,Rosa Herrera,Transferencia,2851.14,2026-11-08,08:21:13,Anulada
TX-008981,006-787817,Luis Ramos,PagoServicio,6036.38,2026-08-21,21:34:43,Rechazada
TX-008982,004-154311,Carlos Perez,Transferencia,4759.30,2026-08-15,17:24:03,Pendiente
TX-008983,001-605019,Ana Torres,Deposito,11072.74,2026-09-19,16:21:46,Observada
TX-008984,006-842789,Luis Ramos,Transferencia,12593.79,2026-11-16,07:40:01,Rechazada
TX-008985,007-217412,Camila Ruiz,Transferencia,12119.36,2026-07-21,12:27:32,Observada
TX-008986,005-143029,Fernando Diaz,Transferencia,967.06,2026-11-18,08:19:19,Rechazada
TX-008987,001-820199,Sofia Rojas,Retiro,12493.97,2026-02-26,09:58:19,Aprobada
TX-008988,005-429221,Maria Soto,PagoServicio,13338.59,2026-11-09,18:24:36,Anulada
TX-008989,007-241512,Valeria Leon,Retiro,121.60,2026-09-07,05:34:31,Rechazada
TX-008990,009-400834,Ana Torres,Deposito,2176.18,2026-07-15,03:15:07,Pendiente
TX-008991,001-435983,Sofia Rojas,Transferencia,8398.90,2026-03-15,16:54:22,Aprobada
TX-008992,002-257044,Camila Ruiz,PagoServicio,810.11,2026-09-30,12:15:48,Anulada
TX-008993,006-880448,Valeria Leon,PagoServicio,4895.97,2026-08-27,03:59:51,Anulada
TX-008994,002-674545,Lucia Vega,Deposito,14420.35,2026-08-19,18:40:48,Rechazada
TX-008995,009-970286,Sofia Rojas,Deposito,14850.95,2026-06-28,06:42:32,Aprobada
TX-008996,003-623847,Camila Ruiz,Transferencia,10313.12,2026-05-25,18:21:39,Pendiente
TX-008997,009-579575,Lucia Vega,PagoServicio,563.63,2026-06-04,23:58:49,Observada
TX-008998,003-335970,Ana Torres,Transferencia,12506.92,2026-06-02,10:20:06,Aprobada
TX-008999,005-385438,Camila Ruiz,PagoServicio,13075.36,2026-05-21,02:04:25,Aprobada
TX-009000,002-245257,Miguel Castro,Retiro,13755.41,2026-01-21,10:35:43,Observada
TX-009001,007-758899,Pedro Castillo,PagoServicio,6497.15,2026-01-22,11:23:02,Pendiente
TX-009002,001-465855,Diego Flores,Transferencia,12518.06,2026-11-28,02:32:21,Pendiente
TX-009003,006-830053,Jorge Medina,PagoServicio,4954.14,2026-07-28,20:54:26,Anulada
TX-009004,004-966207,Rosa Herrera,PagoServicio,8598.28,2026-04-07,13:35:06,Anulada
TX-009005,002-731075,Lucia Vega,PagoServicio,4005.62,2026-06-29,07:04:06,Rechazada
TX-009006,001-839184,Carlos Perez,Deposito,13045.09,2026-02-02,02:20:42,Anulada
TX-009007,007-947278,Miguel Castro,Transferencia,8891.42,2026-01-11,10:47:14,Rechazada
TX-009008,008-543114,Elena Vargas,Deposito,7461.38,2026-12-20,03:07:33,Pendiente
TX-009009,003-363364,Camila Ruiz,Retiro,2533.37,2026-02-09,02:41:31,Aprobada
TX-009010,001-237121,Sofia Rojas,PagoServicio,11431.10,2026-02-21,21:47:09,Rechazada
TX-009011,008-571878,Carlos Perez,Transferencia,11744.00,2026-11-29,12:58:54,Rechazada
TX-009012,001-741803,Elena Vargas,Retiro,1475.10,2026-04-13,04:57:35,Pendiente
TX-009013,003-362029,Jorge Medina,Transferencia,3117.20,2026-05-30,20:38:01,Rechazada
TX-009014,004-873646,Elena Vargas,Retiro,7729.45,2026-04-13,15:10:02,Rechazada
TX-009015,006-537094,Pedro Castillo,PagoServicio,14466.50,2026-12-19,09:05:31,Anulada
TX-009016,007-534038,Rosa Herrera,Transferencia,11221.30,2026-05-10,13:57:35,Anulada
TX-009017,001-132898,Ana Torres,Deposito,13612.21,2026-08-12,14:32:50,Pendiente
TX-009018,004-670924,Luis Ramos,Deposito,7042.10,2026-05-25,15:38:49,Aprobada
TX-009019,002-994687,Pedro Castillo,Deposito,3320.86,2026-07-31,01:46:21,Pendiente
TX-009020,008-666709,Luis Ramos,Transferencia,14421.07,2026-06-26,08:27:55,Anulada
TX-009021,005-749302,Elena Vargas,Transferencia,11988.59,2026-12-08,17:23:05,Anulada
TX-009022,009-946169,Luis Ramos,Deposito,10048.89,2026-11-24,08:32:47,Aprobada
TX-009023,005-384268,Sofia Rojas,PagoServicio,1398.92,2026-08-20,16:55:13,Anulada
TX-009024,006-364804,Luis Ramos,PagoServicio,1407.12,2026-01-02,10:45:20,Observada
TX-009025,006-535186,Miguel Castro,Retiro,13661.38,2026-06-01,19:20:45,Observada
TX-009026,009-680161,Pedro Castillo,Deposito,12851.52,2026-05-02,19:55:06,Pendiente
TX-009027,004-915034,Miguel Castro,PagoServicio,3305.28,2026-12-28,15:02:52,Observada
TX-009028,007-554620,Pedro Castillo,Deposito,9278.07,2026-01-18,16:33:23,Rechazada
TX-009029,004-388916,Lucia Vega,Retiro,3502.55,2026-11-08,12:11:49,Anulada
TX-009030,002-975295,Sofia Rojas,Retiro,2776.39,2026-06-16,14:57:01,Pendiente
TX-009031,009-987378,Lucia Vega,Transferencia,7902.12,2026-06-02,06:26:53,Aprobada
TX-009032,005-503625,Elena Vargas,Retiro,8234.52,2026-04-01,18:12:48,Observada
TX-009033,004-846931,Pedro Castillo,Transferencia,9891.51,2026-10-19,23:54:22,Rechazada
TX-009034,004-190914,Camila Ruiz,Deposito,1240.15,2026-03-19,12:58:37,Aprobada
TX-009035,004-462291,Sofia Rojas,Transferencia,12230.30,2026-06-22,12:57:01,Aprobada
TX-009036,003-608713,Valeria Leon,Deposito,7127.57,2026-04-26,09:12:45,Pendiente
TX-009037,008-970778,Diego Flores,Retiro,6689.76,2026-10-18,13:13:50,Rechazada
TX-009038,004-907212,Diego Flores,Transferencia,7243.96,2026-05-28,16:18:52,Aprobada
TX-009039,007-684649,Maria Soto,Retiro,5200.20,2026-08-01,03:44:54,Pendiente
TX-009040,009-953466,Lucia Vega,Retiro,1810.60,2026-09-04,10:48:18,Pendiente
TX-009041,008-419199,Ana Torres,PagoServicio,4618.60,2026-04-17,08:38:49,Aprobada
TX-009042,008-304793,Diego Flores,PagoServicio,2280.72,2026-09-02,01:40:47,Observada
TX-009043,002-882086,Jorge Medina,Deposito,6115.82,2026-06-20,14:27:45,Observada
TX-009044,001-503560,Luis Ramos,Retiro,11114.21,2026-04-12,23:04:15,Rechazada
TX-009045,006-230361,Luis Ramos,Transferencia,8963.83,2026-04-12,05:54:33,Pendiente
TX-009046,006-181713,Diego Flores,Retiro,4348.00,2026-05-24,08:32:17,Rechazada
TX-009047,009-552974,Carlos Perez,Deposito,8211.80,2026-01-03,08:31:23,Aprobada
TX-009048,007-985938,Rosa Herrera,Transferencia,10065.92,2026-01-19,14:58:10,Observada
TX-009049,005-736316,Elena Vargas,Transferencia,4571.25,2026-05-07,09:10:57,Rechazada
TX-009050,004-616165,Fernando Diaz,Deposito,12648.80,2026-01-08,19:04:13,Aprobada
TX-009051,006-499685,Diego Flores,Transferencia,4148.57,2026-09-19,10:32:06,Aprobada
TX-009052,007-818150,Lucia Vega,Transferencia,5267.04,2026-07-04,02:19:25,Rechazada
TX-009053,004-598252,Sofia Rojas,Deposito,118.01,2026-08-29,10:21:23,Aprobada
TX-009054,004-380105,Luis Ramos,PagoServicio,7607.36,2026-01-07,01:24:53,Anulada
TX-009055,001-610617,Luis Ramos,Deposito,7234.02,2026-02-09,15:56:40,Pendiente
TX-009056,006-206601,Lucia Vega,Deposito,1488.58,2026-08-15,04:33:03,Pendiente
TX-009057,006-658069,Rosa Herrera,Retiro,8144.10,2026-11-30,00:15:39,Rechazada
TX-009058,007-675714,Ana Torres,PagoServicio,2630.84,2026-06-03,00:44:52,Observada
TX-009059,002-985945,Miguel Castro,Transferencia,8031.12,2026-04-04,16:33:17,Anulada
TX-009060,009-171914,Sofia Rojas,Deposito,7946.65,2026-11-30,01:22:07,Observada
TX-009061,003-304867,Camila Ruiz,Transferencia,12349.47,2026-08-23,15:00:25,Aprobada
TX-009062,008-118335,Rosa Herrera,Deposito,10854.71,2026-05-30,14:01:27,Pendiente
TX-009063,005-456919,Ana Torres,Retiro,338.23,2026-01-03,15:53:32,Observada
TX-009064,001-374429,Pedro Castillo,Transferencia,10114.36,2026-08-27,17:10:36,Aprobada
TX-009065,009-187707,Miguel Castro,PagoServicio,3469.27,2026-01-21,11:45:10,Aprobada
TX-009066,003-616927,Camila Ruiz,PagoServicio,3594.99,2026-02-23,20:51:55,Observada
TX-009067,003-274407,Carlos Perez,PagoServicio,3337.52,2026-06-15,17:19:01,Anulada
TX-009068,006-162128,Lucia Vega,Retiro,2200.66,2026-09-10,01:00:20,Observada
TX-009069,001-448075,Diego Flores,Transferencia,3912.89,2026-04-01,19:23:49,Pendiente
TX-009070,004-443273,Miguel Castro,Retiro,2472.93,2026-10-22,05:32:08,Pendiente
TX-009071,005-718350,Carlos Perez,Transferencia,14480.33,2026-11-13,23:23:10,Pendiente
TX-009072,004-690698,Jorge Medina,Retiro,11535.32,2026-11-24,13:42:02,Pendiente
TX-009073,002-304198,Camila Ruiz,Deposito,12142.20,2026-08-17,03:01:03,Observada
TX-009074,005-252113,Sofia Rojas,Transferencia,9505.50,2026-11-16,23:56:40,Aprobada
TX-009075,001-739697,Valeria Leon,PagoServicio,2353.46,2026-04-10,03:11:22,Aprobada
TX-009076,006-194072,Lucia Vega,Retiro,1725.67,2026-11-28,01:29:29,Observada
TX-009077,005-195554,Rosa Herrera,Transferencia,9124.08,2026-11-28,21:39:07,Aprobada
TX-009078,004-555301,Pedro Castillo,PagoServicio,4663.96,2026-01-20,04:16:24,Rechazada
TX-009079,006-402550,Elena Vargas,Retiro,6425.98,2026-01-17,08:51:03,Observada
TX-009080,003-666250,Rosa Herrera,Retiro,2517.15,2026-07-22,04:47:46,Pendiente
TX-009081,004-477487,Miguel Castro,PagoServicio,9142.16,2026-08-28,05:40:22,Rechazada
TX-009082,009-777670,Diego Flores,Deposito,13857.68,2026-04-27,17:54:26,Pendiente
TX-009083,009-692688,Maria Soto,Retiro,4897.32,2026-09-06,22:15:21,Observada
TX-009084,005-609754,Pedro Castillo,Retiro,8951.34,2026-08-30,19:43:12,Observada
TX-009085,008-472630,Sofia Rojas,Deposito,4727.12,2026-03-05,01:37:02,Anulada
TX-009086,009-805893,Elena Vargas,Deposito,14928.66,2026-03-20,09:21:31,Anulada
TX-009087,004-548956,Jorge Medina,PagoServicio,6357.10,2026-10-28,00:00:03,Observada
TX-009088,001-320385,Luis Ramos,Transferencia,1183.37,2026-02-19,13:30:25,Aprobada
TX-009089,004-335404,Camila Ruiz,PagoServicio,5353.00,2026-03-23,15:21:45,Pendiente
TX-009090,003-177277,Lucia Vega,Deposito,11059.03,2026-03-25,07:07:03,Pendiente
TX-009091,005-808729,Rosa Herrera,Deposito,11320.29,2026-06-26,08:13:26,Pendiente
TX-009092,009-651946,Fernando Diaz,Retiro,9280.29,2026-12-10,22:07:05,Anulada
TX-009093,004-689223,Fernando Diaz,Retiro,5436.64,2026-05-25,08:00:44,Pendiente
TX-009094,004-137662,Diego Flores,Retiro,14074.13,2026-09-25,16:15:49,Rechazada
TX-009095,006-281277,Luis Ramos,Deposito,956.94,2026-03-17,23:59:30,Pendiente
TX-009096,007-540377,Miguel Castro,Transferencia,14105.49,2026-06-17,23:41:20,Anulada
TX-009097,003-885199,Lucia Vega,PagoServicio,1539.08,2026-05-20,00:13:24,Observada
TX-009098,006-535388,Elena Vargas,Transferencia,267.61,2026-01-19,00:42:23,Aprobada
TX-009099,001-939722,Carlos Perez,Transferencia,2443.40,2026-12-12,16:50:37,Aprobada
TX-009100,003-319832,Diego Flores,Deposito,14418.04,2026-02-11,09:40:20,Rechazada
TX-009101,002-952633,Sofia Rojas,Retiro,2054.61,2026-03-01,12:46:56,Anulada
TX-009102,006-371962,Luis Ramos,Deposito,14642.94,2026-12-30,07:17:44,Rechazada
TX-009103,007-958614,Carlos Perez,Retiro,6192.78,2026-10-17,22:10:29,Rechazada
TX-009104,002-409300,Lucia Vega,Deposito,3051.66,2026-07-04,09:30:17,Aprobada
TX-009105,006-777382,Ana Torres,Deposito,4834.49,2026-11-21,04:19:42,Anulada
TX-009106,007-612228,Valeria Leon,PagoServicio,7411.19,2026-07-14,04:43:25,Aprobada
TX-009107,002-811976,Luis Ramos,Deposito,11425.72,2026-02-08,23:58:17,Rechazada
TX-009108,003-543250,Valeria Leon,Deposito,2801.18,2026-12-18,23:58:17,Rechazada
TX-009109,007-299411,Pedro Castillo,Deposito,11898.52,2026-06-10,23:36:55,Anulada
TX-009110,001-317708,Carlos Perez,PagoServicio,12338.51,2026-08-07,12:05:39,Rechazada
TX-009111,002-136802,Elena Vargas,Deposito,6672.03,2026-08-09,10:09:20,Observada
TX-009112,004-284537,Carlos Perez,Transferencia,5316.57,2026-05-13,07:52:30,Pendiente
TX-009113,003-576127,Valeria Leon,PagoServicio,6561.23,2026-10-30,05:18:01,Rechazada
TX-009114,007-106917,Elena Vargas,Retiro,13183.84,2026-05-09,01:19:35,Observada
TX-009115,005-122965,Camila Ruiz,Retiro,228.00,2026-08-26,15:51:40,Anulada
TX-009116,009-554652,Valeria Leon,Transferencia,8999.61,2026-05-25,21:19:54,Aprobada
TX-009117,008-829665,Valeria Leon,PagoServicio,7436.70,2026-08-09,23:17:44,Observada
TX-009118,004-800324,Valeria Leon,Transferencia,14978.71,2026-09-08,21:53:44,Aprobada
TX-009119,005-689257,Miguel Castro,PagoServicio,4100.36,2026-02-15,17:08:06,Rechazada
TX-009120,004-791471,Luis Ramos,Transferencia,551.39,2026-04-23,06:21:12,Aprobada
TX-009121,006-453214,Luis Ramos,PagoServicio,12722.82,2026-05-07,22:39:00,Anulada
TX-009122,007-328321,Elena Vargas,PagoServicio,3169.03,2026-03-21,08:49:57,Rechazada
TX-009123,003-596515,Ana Torres,Retiro,7575.37,2026-11-13,11:46:48,Anulada
TX-009124,007-528239,Sofia Rojas,PagoServicio,12141.22,2026-12-30,04:52:20,Anulada
TX-009125,006-952971,Valeria Leon,Deposito,3195.83,2026-02-04,12:33:03,Observada
TX-009126,003-170283,Ana Torres,PagoServicio,5324.42,2026-11-26,10:48:18,Aprobada
TX-009127,005-834814,Diego Flores,Deposito,12637.18,2026-03-22,07:00:16,Anulada
TX-009128,007-869717,Pedro Castillo,Deposito,11238.28,2026-01-31,08:36:50,Aprobada
TX-009129,006-470846,Jorge Medina,PagoServicio,1005.25,2026-01-18,13:11:02,Rechazada
TX-009130,001-793277,Rosa Herrera,Retiro,6919.62,2026-08-11,15:16:05,Observada
TX-009131,001-684292,Elena Vargas,Deposito,8224.60,2026-08-25,19:58:41,Observada
TX-009132,004-447855,Miguel Castro,Deposito,3065.11,2026-12-17,03:42:42,Rechazada
TX-009133,004-204675,Lucia Vega,Deposito,11539.42,2026-03-06,21:11:17,Aprobada
TX-009134,003-462405,Fernando Diaz,PagoServicio,690.15,2026-02-23,23:04:53,Aprobada
TX-009135,009-212707,Valeria Leon,Transferencia,10235.10,2026-01-19,13:04:23,Anulada
TX-009136,002-432362,Luis Ramos,Deposito,11179.88,2026-04-24,07:52:08,Aprobada
TX-009137,006-925814,Ana Torres,Deposito,223.80,2026-01-31,18:08:04,Rechazada
TX-009138,005-602476,Camila Ruiz,Deposito,10730.54,2026-08-22,13:32:06,Observada
TX-009139,004-921662,Sofia Rojas,Deposito,1091.73,2026-03-12,22:11:50,Rechazada
TX-009140,007-417936,Jorge Medina,Retiro,4810.83,2026-04-14,16:04:19,Rechazada
TX-009141,003-399243,Pedro Castillo,Retiro,8999.53,2026-10-09,03:13:29,Observada
TX-009142,001-988406,Lucia Vega,Retiro,3810.04,2026-07-28,11:58:36,Aprobada
TX-009143,008-396930,Fernando Diaz,Deposito,2082.09,2026-09-19,05:58:28,Rechazada
TX-009144,007-653566,Camila Ruiz,Deposito,11274.51,2026-03-14,03:15:45,Observada
TX-009145,007-627553,Miguel Castro,Retiro,297.22,2026-02-08,00:28:01,Anulada
TX-009146,009-207066,Maria Soto,Retiro,4606.84,2026-10-26,17:40:52,Observada
TX-009147,007-228901,Elena Vargas,Deposito,13256.99,2026-10-30,16:00:37,Anulada
TX-009148,001-734853,Rosa Herrera,PagoServicio,34.00,2026-01-04,02:39:45,Anulada
TX-009149,008-715428,Fernando Diaz,Transferencia,9114.85,2026-09-19,18:52:01,Rechazada
TX-009150,006-206446,Miguel Castro,Deposito,9345.00,2026-01-30,01:11:51,Observada
TX-009151,006-780937,Carlos Perez,Retiro,1768.30,2026-01-22,07:28:40,Rechazada
TX-009152,006-313701,Carlos Perez,PagoServicio,8982.38,2026-01-01,15:53:03,Anulada
TX-009153,007-153930,Lucia Vega,Retiro,7021.00,2026-07-05,20:51:15,Pendiente
TX-009154,009-583140,Maria Soto,Deposito,2982.70,2026-02-03,13:27:41,Observada
TX-009155,003-137202,Camila Ruiz,Transferencia,4856.73,2026-04-04,06:08:23,Rechazada
TX-009156,001-107753,Carlos Perez,Retiro,5056.60,2026-05-29,15:56:47,Anulada
TX-009157,007-384801,Jorge Medina,Deposito,13743.86,2026-01-27,01:52:50,Rechazada
TX-009158,004-173346,Elena Vargas,Transferencia,5358.17,2026-08-20,00:22:30,Observada
TX-009159,009-337819,Diego Flores,Deposito,14803.98,2026-10-19,11:44:26,Pendiente
TX-009160,003-247865,Sofia Rojas,PagoServicio,2970.49,2026-05-23,21:35:16,Pendiente
TX-009161,004-118473,Diego Flores,Transferencia,14952.16,2026-09-07,08:09:46,Pendiente
TX-009162,002-358750,Luis Ramos,Deposito,12316.19,2026-09-06,18:45:39,Pendiente
TX-009163,004-959646,Fernando Diaz,PagoServicio,6487.22,2026-02-04,03:49:52,Rechazada
TX-009164,007-420992,Sofia Rojas,Retiro,4937.22,2026-10-18,01:30:31,Pendiente
TX-009165,006-276962,Maria Soto,Retiro,3196.02,2026-12-09,06:48:05,Pendiente
TX-009166,004-971075,Lucia Vega,Deposito,10880.41,2026-11-16,23:01:04,Anulada
TX-009167,008-899275,Diego Flores,Retiro,10683.38,2026-08-20,11:57:10,Observada
TX-009168,006-559408,Jorge Medina,Deposito,8251.22,2026-09-07,01:23:19,Rechazada
TX-009169,006-284847,Luis Ramos,PagoServicio,11.85,2026-09-23,09:25:52,Observada
TX-009170,005-106832,Sofia Rojas,Deposito,1334.13,2026-03-18,05:27:05,Aprobada
TX-009171,006-394534,Ana Torres,Retiro,4629.48,2026-06-28,17:33:04,Anulada
TX-009172,004-108747,Elena Vargas,PagoServicio,13350.72,2026-01-06,15:28:18,Aprobada
TX-009173,007-306386,Maria Soto,PagoServicio,9519.57,2026-03-15,14:56:27,Pendiente
TX-009174,002-364966,Luis Ramos,Transferencia,10139.66,2026-02-18,16:31:37,Observada
TX-009175,007-310770,Miguel Castro,PagoServicio,14015.75,2026-03-06,21:46:50,Observada
TX-009176,003-865833,Luis Ramos,Retiro,13669.09,2026-06-07,18:17:19,Pendiente
TX-009177,006-398740,Carlos Perez,PagoServicio,7301.86,2026-07-17,22:28:15,Observada
TX-009178,007-602021,Camila Ruiz,Deposito,5854.15,2026-09-02,12:04:54,Rechazada
TX-009179,007-724802,Valeria Leon,PagoServicio,10641.75,2026-01-02,20:25:35,Aprobada
TX-009180,004-316136,Carlos Perez,Retiro,7327.91,2026-10-28,22:24:37,Anulada
TX-009181,009-241387,Rosa Herrera,Transferencia,12449.62,2026-01-01,10:52:33,Rechazada
TX-009182,007-798654,Miguel Castro,PagoServicio,1818.18,2026-08-09,01:46:13,Observada
TX-009183,002-411018,Miguel Castro,Deposito,9350.14,2026-11-29,20:49:14,Anulada
TX-009184,006-225439,Lucia Vega,PagoServicio,5326.75,2026-02-17,20:09:00,Observada
TX-009185,001-934894,Carlos Perez,Deposito,8751.58,2026-05-07,17:09:11,Rechazada
TX-009186,007-130669,Miguel Castro,PagoServicio,7736.37,2026-03-13,10:17:59,Rechazada
TX-009187,009-580687,Diego Flores,Deposito,10663.29,2026-01-28,19:39:09,Pendiente
TX-009188,002-889917,Ana Torres,PagoServicio,5744.22,2026-09-19,03:21:17,Pendiente
TX-009189,003-750796,Elena Vargas,Retiro,2378.78,2026-05-12,00:18:20,Observada
TX-009190,009-728196,Ana Torres,Deposito,11954.87,2026-01-17,19:26:58,Observada
TX-009191,001-300519,Ana Torres,Retiro,4291.19,2026-10-18,15:58:03,Observada
TX-009192,002-182157,Maria Soto,Transferencia,2068.41,2026-03-24,13:18:40,Aprobada
TX-009193,003-345740,Miguel Castro,Deposito,9580.10,2026-11-20,06:30:45,Pendiente
TX-009194,002-827953,Camila Ruiz,Retiro,8892.17,2026-03-01,19:55:00,Aprobada
TX-009195,008-259855,Maria Soto,Retiro,695.19,2026-03-21,11:30:07,Rechazada
TX-009196,006-871725,Valeria Leon,Retiro,3346.59,2026-08-12,19:55:18,Anulada
TX-009197,006-170903,Luis Ramos,Transferencia,14360.03,2026-09-01,07:10:15,Anulada
TX-009198,008-900166,Fernando Diaz,PagoServicio,13791.04,2026-04-05,14:56:51,Anulada
TX-009199,008-730836,Maria Soto,PagoServicio,8273.91,2026-07-01,16:01:10,Observada
TX-009200,008-659360,Miguel Castro,Retiro,3695.50,2026-01-03,23:40:03,Anulada
TX-009201,005-291200,Maria Soto,PagoServicio,12149.01,2026-10-22,08:46:43,Observada
TX-009202,006-209106,Lucia Vega,Deposito,10297.62,2026-11-06,05:33:35,Anulada
TX-009203,007-455265,Jorge Medina,Deposito,2977.33,2026-12-15,21:36:36,Observada
TX-009204,003-959899,Ana Torres,PagoServicio,7922.27,2026-05-01,04:02:48,Anulada
TX-009205,005-948809,Diego Flores,Transferencia,8818.23,2026-10-01,00:43:08,Observada
TX-009206,003-152804,Maria Soto,Transferencia,953.64,2026-01-04,22:06:37,Aprobada
TX-009207,009-384882,Carlos Perez,Retiro,8779.33,2026-04-23,11:02:54,Aprobada
TX-009208,009-221834,Rosa Herrera,Transferencia,10514.25,2026-09-03,19:44:33,Observada
TX-009209,007-361287,Elena Vargas,Retiro,326.95,2026-05-12,02:43:50,Aprobada
TX-009210,008-889621,Lucia Vega,Deposito,801.43,2026-04-20,15:06:26,Pendiente
TX-009211,004-988046,Miguel Castro,Retiro,6620.86,2026-11-17,16:50:36,Anulada
TX-009212,003-698087,Valeria Leon,Transferencia,2139.83,2026-07-21,23:31:41,Pendiente
TX-009213,005-899211,Elena Vargas,Transferencia,11944.83,2026-06-08,23:30:07,Aprobada
TX-009214,007-720654,Carlos Perez,PagoServicio,12135.57,2026-04-17,00:36:57,Aprobada
TX-009215,009-876970,Valeria Leon,Deposito,14726.40,2026-02-14,12:42:15,Observada
TX-009216,004-239161,Carlos Perez,Transferencia,2945.22,2026-01-06,10:00:00,Pendiente
TX-009217,008-846506,Camila Ruiz,Deposito,1156.10,2026-04-05,07:58:56,Observada
TX-009218,007-266446,Maria Soto,PagoServicio,12796.87,2026-05-10,22:43:15,Anulada
TX-009219,005-228109,Fernando Diaz,Deposito,1938.14,2026-12-28,14:37:44,Anulada
TX-009220,004-651956,Pedro Castillo,Transferencia,12039.09,2026-04-01,23:32:25,Pendiente
TX-009221,008-642137,Luis Ramos,Transferencia,6176.40,2026-11-02,18:50:44,Pendiente
TX-009222,007-530484,Miguel Castro,Deposito,12090.65,2026-02-11,07:37:21,Rechazada
TX-009223,003-817884,Elena Vargas,Transferencia,11886.63,2026-02-09,00:23:57,Aprobada
TX-009224,003-972466,Diego Flores,Transferencia,14099.13,2026-07-22,11:56:27,Pendiente
TX-009225,002-979815,Luis Ramos,Deposito,7889.52,2026-12-22,14:56:35,Aprobada
TX-009226,001-198304,Lucia Vega,PagoServicio,694.17,2026-03-16,07:14:10,Pendiente
TX-009227,004-454258,Camila Ruiz,PagoServicio,7645.49,2026-07-18,03:51:48,Anulada
TX-009228,001-202105,Rosa Herrera,Deposito,14428.05,2026-07-28,21:07:57,Aprobada
TX-009229,003-826925,Carlos Perez,Deposito,6437.70,2026-11-12,09:32:08,Aprobada
TX-009230,007-619232,Miguel Castro,PagoServicio,5934.23,2026-02-25,11:32:54,Observada
TX-009231,002-516329,Valeria Leon,Retiro,6952.82,2026-12-15,00:24:38,Anulada
TX-009232,009-387993,Miguel Castro,PagoServicio,7693.64,2026-09-24,13:49:13,Observada
TX-009233,002-671769,Luis Ramos,Retiro,12657.82,2026-07-26,12:35:45,Rechazada
TX-009234,005-622869,Camila Ruiz,PagoServicio,11210.10,2026-05-16,04:23:25,Aprobada
TX-009235,001-779898,Miguel Castro,Deposito,7120.07,2026-01-01,15:36:28,Anulada
TX-009236,001-293732,Valeria Leon,Retiro,14124.48,2026-03-25,17:16:04,Aprobada
TX-009237,002-831114,Lucia Vega,Retiro,4672.57,2026-12-11,01:44:33,Aprobada
TX-009238,005-873812,Carlos Perez,Transferencia,4117.71,2026-04-25,18:51:22,Pendiente
TX-009239,007-694632,Jorge Medina,Deposito,2208.79,2026-05-08,05:53:07,Anulada
TX-009240,007-331803,Lucia Vega,Transferencia,11413.35,2026-12-28,02:14:52,Aprobada
TX-009241,008-540185,Valeria Leon,Retiro,3708.68,2026-05-20,16:39:51,Aprobada
TX-009242,001-370868,Luis Ramos,Deposito,1348.45,2026-02-03,15:37:50,Rechazada
TX-009243,001-324895,Ana Torres,PagoServicio,11643.11,2026-11-30,13:45:01,Observada
TX-009244,002-599864,Ana Torres,PagoServicio,10545.59,2026-02-11,06:29:46,Observada
TX-009245,007-683384,Fernando Diaz,Deposito,12823.52,2026-05-01,16:56:09,Anulada
TX-009246,003-934575,Camila Ruiz,Transferencia,13967.64,2026-07-22,19:19:18,Observada
TX-009247,003-656721,Lucia Vega,Transferencia,7683.21,2026-07-27,14:23:56,Observada
TX-009248,007-733725,Maria Soto,Retiro,11713.31,2026-04-09,19:17:08,Pendiente
TX-009249,001-442431,Pedro Castillo,PagoServicio,2141.34,2026-12-25,19:26:23,Pendiente
TX-009250,008-892761,Jorge Medina,Retiro,1253.30,2026-03-28,09:16:56,Anulada
TX-009251,007-994914,Carlos Perez,PagoServicio,2299.23,2026-10-02,15:15:32,Anulada
TX-009252,002-527993,Ana Torres,Deposito,8767.36,2026-12-24,20:13:00,Pendiente
TX-009253,002-600242,Fernando Diaz,Retiro,12965.10,2026-01-27,12:20:33,Anulada
TX-009254,001-165573,Jorge Medina,Transferencia,10484.35,2026-06-01,14:29:57,Observada
TX-009255,009-494159,Carlos Perez,PagoServicio,2021.28,2026-09-28,21:41:23,Anulada
TX-009256,006-924896,Valeria Leon,Retiro,12636.15,2026-07-19,11:04:26,Pendiente
TX-009257,001-945871,Rosa Herrera,Deposito,7226.53,2026-10-30,12:55:22,Pendiente
TX-009258,008-192645,Miguel Castro,Retiro,12477.21,2026-05-04,08:31:28,Observada
TX-009259,006-502756,Miguel Castro,Deposito,1521.56,2026-06-16,08:51:27,Pendiente
TX-009260,007-508688,Sofia Rojas,PagoServicio,1435.96,2026-06-28,00:27:52,Aprobada
TX-009261,002-962118,Luis Ramos,Retiro,594.33,2026-07-11,21:48:07,Aprobada
TX-009262,002-647680,Fernando Diaz,Transferencia,10391.88,2026-09-01,02:46:55,Anulada
TX-009263,004-902373,Pedro Castillo,PagoServicio,7363.09,2026-08-18,00:15:11,Rechazada
TX-009264,007-291282,Pedro Castillo,Deposito,2067.35,2026-06-28,19:29:33,Observada
TX-009265,002-466413,Ana Torres,Retiro,2821.11,2026-12-05,13:19:49,Anulada
TX-009266,009-776973,Lucia Vega,Transferencia,12608.76,2026-06-12,06:05:50,Aprobada
TX-009267,009-552056,Camila Ruiz,Retiro,11280.07,2026-11-15,02:47:35,Pendiente
TX-009268,004-393873,Maria Soto,Retiro,8894.08,2026-12-06,12:18:56,Observada
TX-009269,009-491796,Carlos Perez,Retiro,12394.52,2026-02-18,02:34:41,Aprobada
TX-009270,002-846551,Carlos Perez,Retiro,13516.35,2026-07-31,07:41:15,Anulada
TX-009271,004-110067,Diego Flores,Transferencia,4215.72,2026-01-19,10:10:03,Rechazada
TX-009272,008-952741,Miguel Castro,PagoServicio,5176.98,2026-05-01,02:40:16,Anulada
TX-009273,001-211186,Elena Vargas,Deposito,645.29,2026-05-12,17:02:59,Observada
TX-009274,006-871523,Ana Torres,Retiro,12513.03,2026-06-24,19:16:30,Anulada
TX-009275,008-139086,Camila Ruiz,Transferencia,9164.28,2026-08-26,03:03:48,Aprobada
TX-009276,003-815334,Elena Vargas,PagoServicio,11034.42,2026-08-07,21:23:38,Aprobada
TX-009277,005-509899,Carlos Perez,PagoServicio,9073.48,2026-01-27,09:48:26,Anulada
TX-009278,002-641418,Rosa Herrera,Retiro,11527.75,2026-06-13,02:27:13,Pendiente
TX-009279,009-890810,Valeria Leon,Retiro,5712.09,2026-06-08,16:08:28,Anulada
TX-009280,007-183387,Sofia Rojas,Retiro,5838.90,2026-06-22,20:24:28,Observada
TX-009281,002-577538,Elena Vargas,PagoServicio,4781.02,2026-08-21,03:12:50,Observada
TX-009282,005-806006,Rosa Herrera,Retiro,10337.16,2026-08-30,20:45:35,Aprobada
TX-009283,006-996121,Lucia Vega,PagoServicio,13877.79,2026-07-31,08:14:44,Aprobada
TX-009284,005-200966,Fernando Diaz,Retiro,3874.76,2026-11-20,06:42:48,Rechazada
TX-009285,008-888784,Miguel Castro,PagoServicio,541.35,2026-01-15,19:47:34,Anulada
TX-009286,008-454256,Elena Vargas,Deposito,623.71,2026-06-16,23:29:12,Rechazada
TX-009287,005-409636,Miguel Castro,Transferencia,8156.66,2026-11-07,02:58:50,Anulada
TX-009288,009-791287,Miguel Castro,PagoServicio,6634.14,2026-08-18,19:14:25,Pendiente
TX-009289,001-206349,Carlos Perez,Transferencia,13802.95,2026-03-20,00:32:15,Anulada
TX-009290,008-165259,Jorge Medina,Deposito,12570.35,2026-02-01,08:06:31,Pendiente
TX-009291,003-123017,Luis Ramos,Retiro,4154.48,2026-08-31,02:41:18,Anulada
TX-009292,005-322082,Valeria Leon,Retiro,8191.97,2026-10-24,19:29:02,Aprobada
TX-009293,005-117459,Lucia Vega,PagoServicio,2661.71,2026-07-04,09:02:38,Anulada
TX-009294,007-820715,Fernando Diaz,Retiro,11933.33,2026-11-23,11:45:06,Observada
TX-009295,003-326138,Sofia Rojas,Retiro,7228.01,2026-03-30,05:58:51,Rechazada
TX-009296,001-625914,Camila Ruiz,Transferencia,3636.06,2026-05-04,16:41:40,Pendiente
TX-009297,005-516041,Camila Ruiz,Deposito,12054.22,2026-04-07,16:49:12,Rechazada
TX-009298,002-883662,Ana Torres,Deposito,4445.77,2026-08-22,12:37:00,Observada
TX-009299,009-538925,Luis Ramos,PagoServicio,6912.83,2026-10-06,19:47:35,Rechazada
TX-009300,001-919797,Elena Vargas,PagoServicio,8498.46,2026-01-02,03:48:06,Anulada
TX-009301,002-828846,Miguel Castro,Deposito,5957.96,2026-06-12,20:49:41,Aprobada
TX-009302,008-120121,Diego Flores,Deposito,1780.35,2026-10-20,04:26:54,Aprobada
TX-009303,004-849471,Miguel Castro,Deposito,6065.48,2026-03-05,07:10:12,Pendiente
TX-009304,008-826787,Sofia Rojas,Retiro,1043.71,2026-10-10,00:51:06,Anulada
TX-009305,001-249412,Valeria Leon,Transferencia,5203.28,2026-10-22,10:03:15,Anulada
TX-009306,006-491769,Ana Torres,Transferencia,12064.17,2026-10-25,03:47:52,Pendiente
TX-009307,005-387500,Luis Ramos,Deposito,6402.29,2026-11-24,07:44:31,Observada
TX-009308,004-143267,Elena Vargas,Deposito,10908.77,2026-12-14,23:07:18,Rechazada
TX-009309,008-491077,Sofia Rojas,Retiro,12031.16,2026-12-18,12:21:46,Rechazada
TX-009310,001-271719,Luis Ramos,PagoServicio,4796.56,2026-08-09,16:24:30,Rechazada
TX-009311,009-322416,Diego Flores,Transferencia,4813.13,2026-06-28,10:41:55,Aprobada
TX-009312,002-880438,Carlos Perez,PagoServicio,10635.85,2026-09-30,18:55:34,Aprobada
TX-009313,008-293710,Ana Torres,Retiro,2298.33,2026-10-12,05:10:36,Pendiente
TX-009314,009-737364,Carlos Perez,Retiro,3419.12,2026-06-30,18:51:13,Observada
TX-009315,006-540867,Jorge Medina,PagoServicio,9173.91,2026-04-16,05:41:14,Observada
TX-009316,007-671778,Pedro Castillo,Retiro,12463.06,2026-04-18,16:29:39,Aprobada
TX-009317,005-629898,Lucia Vega,Retiro,6284.37,2026-08-07,02:03:14,Anulada
TX-009318,009-677046,Fernando Diaz,Transferencia,13313.76,2026-06-21,09:17:06,Pendiente
TX-009319,008-764346,Elena Vargas,Deposito,6563.82,2026-05-14,19:06:57,Anulada
TX-009320,006-809620,Fernando Diaz,PagoServicio,8241.68,2026-06-03,04:47:43,Pendiente
TX-009321,006-192022,Rosa Herrera,Retiro,4162.80,2026-06-24,03:46:43,Anulada
TX-009322,004-378254,Sofia Rojas,Retiro,12713.44,2026-08-28,14:07:57,Anulada
TX-009323,006-195631,Sofia Rojas,Deposito,2174.41,2026-09-17,01:07:50,Anulada
TX-009324,008-317894,Pedro Castillo,Transferencia,1306.38,2026-07-01,08:01:03,Observada
TX-009325,009-512411,Carlos Perez,Deposito,14908.06,2026-01-27,09:25:47,Pendiente
TX-009326,005-686981,Elena Vargas,PagoServicio,9980.43,2026-06-21,09:23:38,Pendiente
TX-009327,008-527387,Rosa Herrera,Retiro,8767.02,2026-09-13,21:43:38,Aprobada
TX-009328,001-302655,Luis Ramos,PagoServicio,12789.95,2026-11-15,15:09:44,Rechazada
TX-009329,008-610080,Miguel Castro,PagoServicio,14529.81,2026-12-06,18:31:23,Observada
TX-009330,009-630072,Rosa Herrera,PagoServicio,6577.04,2026-10-05,12:13:53,Pendiente
TX-009331,003-109607,Pedro Castillo,Transferencia,9973.54,2026-11-23,17:57:04,Pendiente
TX-009332,008-660975,Lucia Vega,PagoServicio,2639.89,2026-11-16,14:13:24,Aprobada
TX-009333,007-319406,Lucia Vega,PagoServicio,4963.59,2026-07-26,07:48:24,Observada
TX-009334,006-909394,Luis Ramos,Deposito,3498.42,2026-02-21,12:17:12,Aprobada
TX-009335,005-175231,Camila Ruiz,Retiro,10687.27,2026-02-18,16:24:39,Anulada
TX-009336,009-772804,Miguel Castro,PagoServicio,9356.66,2026-07-26,11:18:19,Observada
TX-009337,009-547961,Pedro Castillo,Transferencia,13811.68,2026-04-09,10:27:43,Observada
TX-009338,007-947009,Ana Torres,Transferencia,7417.24,2026-11-07,15:16:19,Pendiente
TX-009339,004-743912,Sofia Rojas,PagoServicio,564.54,2026-12-15,12:22:16,Pendiente
TX-009340,006-825620,Miguel Castro,Retiro,2767.81,2026-04-30,17:01:37,Aprobada
TX-009341,003-375736,Sofia Rojas,Deposito,5029.38,2026-09-25,07:13:45,Anulada
TX-009342,006-853152,Jorge Medina,PagoServicio,14490.30,2026-12-29,09:04:15,Rechazada
TX-009343,006-220318,Sofia Rojas,Retiro,2102.21,2026-11-13,23:47:58,Rechazada
TX-009344,003-936879,Elena Vargas,PagoServicio,10751.85,2026-02-02,01:20:47,Rechazada
TX-009345,002-624798,Ana Torres,Transferencia,2155.45,2026-10-17,23:55:42,Pendiente
TX-009346,009-153996,Ana Torres,Deposito,6648.22,2026-09-24,07:50:39,Pendiente
TX-009347,006-477392,Jorge Medina,PagoServicio,3706.52,2026-09-24,16:01:44,Rechazada
TX-009348,003-687623,Maria Soto,Retiro,13252.88,2026-01-27,12:31:30,Rechazada
TX-009349,003-794617,Fernando Diaz,Transferencia,8251.45,2026-11-16,17:47:55,Rechazada
TX-009350,007-509182,Diego Flores,Deposito,9358.96,2026-04-07,16:31:55,Pendiente
TX-009351,009-772278,Ana Torres,Deposito,5856.74,2026-07-20,08:58:48,Observada
TX-009352,004-244922,Diego Flores,PagoServicio,13389.38,2026-07-18,05:58:20,Pendiente
TX-009353,006-547733,Maria Soto,PagoServicio,1614.36,2026-09-09,14:01:37,Rechazada
TX-009354,008-155922,Camila Ruiz,Retiro,3898.72,2026-04-27,01:33:08,Observada
TX-009355,009-390048,Pedro Castillo,Transferencia,9032.45,2026-05-28,10:08:49,Observada
TX-009356,001-701535,Lucia Vega,PagoServicio,7871.63,2026-01-22,05:26:22,Observada
TX-009357,003-985594,Sofia Rojas,Deposito,6088.19,2026-05-09,18:43:17,Anulada
TX-009358,009-693703,Diego Flores,PagoServicio,2669.91,2026-04-14,22:07:58,Pendiente
TX-009359,005-507728,Elena Vargas,Retiro,1240.78,2026-10-10,16:15:24,Anulada
TX-009360,005-935391,Maria Soto,Transferencia,8692.49,2026-03-09,02:12:37,Observada
TX-009361,005-714370,Carlos Perez,Transferencia,8837.48,2026-02-05,17:57:04,Aprobada
TX-009362,003-245110,Ana Torres,Retiro,14363.89,2026-01-29,17:36:39,Pendiente
TX-009363,002-245209,Camila Ruiz,Deposito,1183.21,2026-05-29,20:26:48,Anulada
TX-009364,005-133605,Pedro Castillo,Deposito,12604.86,2026-10-05,17:01:49,Observada
TX-009365,006-273193,Carlos Perez,PagoServicio,127.68,2026-10-25,15:21:20,Anulada
TX-009366,008-622357,Jorge Medina,Deposito,1168.84,2026-01-21,22:47:48,Aprobada
TX-009367,004-284450,Maria Soto,PagoServicio,408.49,2026-04-04,22:51:40,Pendiente
TX-009368,008-634225,Fernando Diaz,Deposito,3605.11,2026-06-15,12:03:16,Observada
TX-009369,005-657776,Lucia Vega,PagoServicio,4089.75,2026-09-04,22:17:57,Rechazada
TX-009370,002-914163,Ana Torres,Retiro,2113.51,2026-04-01,01:56:28,Anulada
TX-009371,006-950396,Lucia Vega,Retiro,6704.39,2026-06-18,19:24:45,Observada
TX-009372,004-157802,Fernando Diaz,Deposito,8224.24,2026-07-28,23:06:00,Rechazada
TX-009373,002-751135,Sofia Rojas,Deposito,11433.17,2026-08-22,23:50:24,Anulada
TX-009374,007-672026,Maria Soto,Retiro,4078.82,2026-02-06,04:26:49,Rechazada
TX-009375,002-256506,Pedro Castillo,Deposito,14131.44,2026-07-14,21:18:08,Anulada
TX-009376,009-304943,Fernando Diaz,Retiro,10342.93,2026-01-09,03:21:52,Observada
TX-009377,009-225291,Lucia Vega,Transferencia,1922.82,2026-10-29,04:40:57,Pendiente
TX-009378,008-121744,Camila Ruiz,PagoServicio,6763.48,2026-01-23,17:12:09,Observada
TX-009379,008-972010,Diego Flores,Retiro,12626.32,2026-04-27,13:24:37,Pendiente
TX-009380,006-415038,Fernando Diaz,PagoServicio,4894.94,2026-08-22,23:36:29,Observada
TX-009381,002-208111,Carlos Perez,Transferencia,5614.22,2026-10-21,02:36:18,Observada
TX-009382,009-974328,Jorge Medina,Retiro,1765.57,2026-01-17,02:44:17,Rechazada
TX-009383,005-264955,Sofia Rojas,Deposito,4766.22,2026-10-09,15:24:59,Observada
TX-009384,004-699671,Lucia Vega,PagoServicio,7929.54,2026-05-25,03:39:58,Anulada
TX-009385,004-843173,Luis Ramos,Transferencia,12006.74,2026-01-06,15:44:08,Rechazada
TX-009386,006-681738,Camila Ruiz,Deposito,7556.34,2026-07-04,22:48:31,Rechazada
TX-009387,007-299653,Camila Ruiz,Retiro,10428.87,2026-07-03,21:45:02,Pendiente
TX-009388,001-979170,Maria Soto,PagoServicio,9511.33,2026-08-24,07:46:29,Rechazada
TX-009389,007-420545,Maria Soto,Transferencia,11191.06,2026-03-09,04:24:58,Rechazada
TX-009390,009-919195,Jorge Medina,Retiro,13940.92,2026-07-20,12:12:47,Anulada
TX-009391,001-612349,Carlos Perez,PagoServicio,14638.12,2026-12-29,15:22:52,Pendiente
TX-009392,008-143889,Sofia Rojas,Deposito,8686.37,2026-08-29,23:27:57,Aprobada
TX-009393,002-690557,Miguel Castro,PagoServicio,9948.81,2026-11-14,10:14:59,Pendiente
TX-009394,004-881314,Camila Ruiz,Retiro,5188.93,2026-02-25,17:56:46,Rechazada
TX-009395,006-926495,Ana Torres,Retiro,1106.42,2026-01-31,00:33:18,Aprobada
TX-009396,009-594498,Ana Torres,Transferencia,14408.38,2026-01-16,13:39:06,Anulada
TX-009397,003-287465,Maria Soto,Transferencia,5390.58,2026-02-20,23:24:12,Rechazada
TX-009398,001-668110,Diego Flores,Retiro,8642.16,2026-05-20,13:28:41,Observada
TX-009399,001-654840,Diego Flores,Transferencia,4379.07,2026-05-29,17:33:39,Aprobada
TX-009400,008-222196,Miguel Castro,Transferencia,12968.68,2026-04-22,01:47:32,Observada
TX-009401,009-290160,Lucia Vega,PagoServicio,12368.38,2026-12-15,07:58:20,Anulada
TX-009402,002-906320,Luis Ramos,PagoServicio,2879.89,2026-01-18,01:55:44,Observada
TX-009403,007-439943,Ana Torres,PagoServicio,7728.31,2026-09-02,12:10:27,Anulada
TX-009404,006-584492,Fernando Diaz,PagoServicio,11684.84,2026-03-12,23:54:16,Observada
TX-009405,004-227002,Sofia Rojas,Transferencia,3586.98,2026-05-16,07:11:13,Aprobada
TX-009406,003-822174,Lucia Vega,Deposito,243.99,2026-11-16,08:32:27,Rechazada
TX-009407,003-878034,Jorge Medina,Transferencia,13998.29,2026-09-27,21:50:11,Pendiente
TX-009408,003-985326,Elena Vargas,Deposito,13724.17,2026-09-14,17:18:29,Observada
TX-009409,005-915714,Rosa Herrera,Deposito,6474.74,2026-04-27,10:09:21,Observada
TX-009410,009-535875,Sofia Rojas,PagoServicio,5954.28,2026-09-04,19:05:07,Pendiente
TX-009411,007-743852,Miguel Castro,Transferencia,4178.01,2026-10-05,09:36:37,Anulada
TX-009412,005-108764,Ana Torres,Transferencia,14018.89,2026-11-21,10:29:38,Aprobada
TX-009413,002-322012,Rosa Herrera,PagoServicio,3953.75,2026-06-23,17:34:16,Anulada
TX-009414,005-612862,Fernando Diaz,Transferencia,268.45,2026-07-04,08:32:54,Rechazada
TX-009415,009-951159,Maria Soto,Retiro,14382.90,2026-02-27,04:39:20,Pendiente
TX-009416,009-823312,Carlos Perez,Retiro,7218.40,2026-10-31,01:47:45,Rechazada
TX-009417,003-319233,Fernando Diaz,Retiro,4035.88,2026-01-18,05:52:08,Aprobada
TX-009418,006-389347,Luis Ramos,PagoServicio,7412.24,2026-05-24,08:03:21,Observada
TX-009419,009-542016,Miguel Castro,PagoServicio,1186.82,2026-09-29,04:45:19,Aprobada
TX-009420,001-119920,Elena Vargas,Deposito,8980.86,2026-11-28,01:25:14,Aprobada
TX-009421,009-499731,Maria Soto,Deposito,7498.67,2026-10-20,02:36:47,Rechazada
TX-009422,004-755880,Carlos Perez,Deposito,7627.95,2026-08-13,10:23:52,Aprobada
TX-009423,005-158817,Maria Soto,PagoServicio,14558.10,2026-09-07,09:14:03,Observada
TX-009424,004-190382,Pedro Castillo,Deposito,9504.05,2026-09-20,13:28:14,Anulada
TX-009425,001-779999,Ana Torres,PagoServicio,5564.35,2026-10-27,22:34:47,Pendiente
TX-009426,008-444451,Luis Ramos,Retiro,1653.61,2026-12-27,18:40:34,Rechazada
TX-009427,009-242409,Carlos Perez,PagoServicio,822.76,2026-10-16,03:53:36,Anulada
TX-009428,005-387955,Lucia Vega,PagoServicio,8044.55,2026-09-05,20:29:29,Pendiente
TX-009429,001-210522,Camila Ruiz,Retiro,9468.89,2026-02-04,00:51:37,Rechazada
TX-009430,009-484690,Fernando Diaz,Deposito,12790.66,2026-08-02,06:32:31,Pendiente
TX-009431,003-746067,Carlos Perez,Retiro,14266.97,2026-10-15,07:56:14,Pendiente
TX-009432,006-575603,Ana Torres,Transferencia,7054.34,2026-11-11,12:57:18,Observada
TX-009433,004-339640,Miguel Castro,PagoServicio,9919.96,2026-01-26,22:24:05,Aprobada
TX-009434,007-478905,Carlos Perez,PagoServicio,672.89,2026-04-25,09:06:08,Anulada
TX-009435,008-186947,Maria Soto,PagoServicio,8668.28,2026-01-31,16:27:51,Aprobada
TX-009436,009-263361,Elena Vargas,PagoServicio,2483.78,2026-09-09,16:01:05,Observada
TX-009437,008-428781,Sofia Rojas,Transferencia,6519.78,2026-01-09,13:23:03,Pendiente
TX-009438,002-629986,Sofia Rojas,PagoServicio,170.17,2026-05-20,14:02:01,Observada
TX-009439,007-981628,Luis Ramos,Transferencia,12299.69,2026-11-30,21:27:24,Anulada
TX-009440,003-677400,Diego Flores,Retiro,12954.50,2026-10-02,05:44:08,Aprobada
TX-009441,008-428426,Valeria Leon,PagoServicio,4570.27,2026-05-21,05:11:18,Anulada
TX-009442,004-123447,Diego Flores,PagoServicio,4833.42,2026-03-18,23:20:49,Observada
TX-009443,004-218367,Lucia Vega,Retiro,7528.92,2026-08-18,19:25:58,Observada
TX-009444,002-641074,Camila Ruiz,PagoServicio,1809.96,2026-07-04,10:04:16,Pendiente
TX-009445,007-671967,Sofia Rojas,Retiro,3762.59,2026-05-04,04:08:27,Pendiente
TX-009446,007-393356,Camila Ruiz,Retiro,2596.42,2026-06-11,13:50:54,Anulada
TX-009447,003-454766,Rosa Herrera,Deposito,7935.34,2026-04-04,10:34:36,Aprobada
TX-009448,001-307775,Rosa Herrera,Deposito,8025.18,2026-09-15,19:40:24,Anulada
TX-009449,008-486126,Sofia Rojas,Retiro,3816.87,2026-04-23,13:33:10,Anulada
TX-009450,002-853961,Miguel Castro,Transferencia,7609.29,2026-05-16,03:28:47,Rechazada
TX-009451,005-684606,Elena Vargas,Retiro,13820.32,2026-12-14,01:27:52,Anulada
TX-009452,003-562057,Fernando Diaz,Retiro,14037.38,2026-11-25,10:09:12,Observada
TX-009453,009-921454,Carlos Perez,Deposito,715.78,2026-08-15,09:26:48,Rechazada
TX-009454,003-626326,Luis Ramos,Transferencia,5797.82,2026-07-04,00:24:31,Aprobada
TX-009455,008-573870,Camila Ruiz,Transferencia,1796.90,2026-03-29,17:36:37,Pendiente
TX-009456,001-282985,Ana Torres,PagoServicio,13077.13,2026-06-19,14:50:26,Aprobada
TX-009457,008-426005,Pedro Castillo,PagoServicio,11355.30,2026-04-12,15:19:49,Aprobada
TX-009458,008-757067,Diego Flores,Transferencia,7534.53,2026-09-06,02:23:09,Anulada
TX-009459,001-118843,Rosa Herrera,Transferencia,433.77,2026-01-06,23:10:55,Aprobada
TX-009460,004-350398,Ana Torres,Retiro,10824.34,2026-04-18,07:10:37,Anulada
TX-009461,001-367665,Elena Vargas,Transferencia,1204.54,2026-10-10,04:47:08,Rechazada
TX-009462,003-214234,Pedro Castillo,Transferencia,8707.53,2026-07-01,00:05:45,Observada
TX-009463,003-379515,Lucia Vega,Retiro,9680.05,2026-10-04,00:00:53,Observada
TX-009464,005-437959,Sofia Rojas,Transferencia,7770.44,2026-12-24,04:21:15,Pendiente
TX-009465,007-688120,Diego Flores,Transferencia,5605.82,2026-09-25,07:14:30,Anulada
TX-009466,004-316382,Elena Vargas,PagoServicio,14160.72,2026-08-30,04:29:38,Observada
TX-009467,005-611062,Elena Vargas,Transferencia,13957.81,2026-09-02,11:40:30,Anulada
TX-009468,002-405661,Valeria Leon,PagoServicio,11134.54,2026-09-25,01:09:34,Aprobada
TX-009469,003-831218,Camila Ruiz,Transferencia,12986.95,2026-11-03,03:57:20,Rechazada
TX-009470,004-647536,Elena Vargas,Retiro,12643.84,2026-05-26,23:23:56,Pendiente
TX-009471,007-227180,Diego Flores,PagoServicio,8025.03,2026-11-08,23:08:37,Anulada
TX-009472,007-669850,Elena Vargas,Transferencia,2042.89,2026-06-06,13:47:23,Observada
TX-009473,002-503738,Fernando Diaz,Retiro,10933.31,2026-06-27,16:49:41,Observada
TX-009474,001-807863,Miguel Castro,PagoServicio,10443.50,2026-05-27,08:18:29,Pendiente
TX-009475,008-929689,Lucia Vega,PagoServicio,5573.65,2026-08-20,21:45:45,Observada
TX-009476,008-795843,Pedro Castillo,PagoServicio,7361.74,2026-07-07,08:17:09,Rechazada
TX-009477,009-116435,Ana Torres,PagoServicio,4778.37,2026-10-12,10:08:54,Observada
TX-009478,009-239573,Carlos Perez,Retiro,11707.33,2026-04-02,06:22:47,Rechazada
TX-009479,004-392600,Jorge Medina,Deposito,10371.27,2026-12-26,20:29:31,Rechazada
TX-009480,007-622985,Valeria Leon,PagoServicio,12240.68,2026-06-24,07:05:42,Aprobada
TX-009481,008-357828,Camila Ruiz,Deposito,3930.15,2026-06-06,08:52:02,Aprobada
TX-009482,006-262959,Luis Ramos,PagoServicio,14924.92,2026-12-31,14:44:35,Rechazada
TX-009483,003-169950,Carlos Perez,Retiro,55.45,2026-05-10,00:58:48,Anulada
TX-009484,008-813492,Valeria Leon,Retiro,11985.77,2026-07-17,06:08:06,Anulada
TX-009485,001-272373,Fernando Diaz,Retiro,8830.45,2026-11-14,05:20:25,Pendiente
TX-009486,006-914972,Rosa Herrera,PagoServicio,5981.28,2026-10-21,20:00:32,Rechazada
TX-009487,001-636941,Valeria Leon,Retiro,7477.52,2026-09-23,12:20:25,Aprobada
TX-009488,008-727524,Fernando Diaz,Transferencia,12489.70,2026-09-19,02:21:30,Anulada
TX-009489,001-537709,Maria Soto,Retiro,10277.98,2026-09-10,03:14:52,Aprobada
TX-009490,006-876873,Lucia Vega,Retiro,11596.21,2026-04-25,00:34:12,Anulada
TX-009491,002-690306,Miguel Castro,PagoServicio,4661.13,2026-11-27,03:07:51,Observada
TX-009492,001-769164,Valeria Leon,Deposito,8123.10,2026-06-04,04:18:39,Observada
TX-009493,002-217233,Fernando Diaz,PagoServicio,11319.62,2026-03-03,11:58:49,Pendiente
TX-009494,009-761903,Pedro Castillo,PagoServicio,3601.73,2026-03-20,11:08:48,Observada
TX-009495,006-970708,Rosa Herrera,Transferencia,14549.13,2026-04-08,07:52:07,Aprobada
TX-009496,007-248138,Camila Ruiz,PagoServicio,14459.61,2026-03-11,07:44:06,Pendiente
TX-009497,001-630000,Diego Flores,PagoServicio,2467.65,2026-09-16,03:43:23,Observada
TX-009498,001-187420,Elena Vargas,Retiro,2148.73,2026-02-09,05:47:15,Pendiente
TX-009499,007-544434,Jorge Medina,Transferencia,954.73,2026-12-03,05:35:45,Anulada
TX-009500,002-635624,Jorge Medina,Transferencia,6976.86,2026-01-03,19:38:45,Pendiente
TX-009501,006-850583,Diego Flores,Retiro,10749.19,2026-01-18,12:06:04,Observada
TX-009502,002-640767,Miguel Castro,Transferencia,2256.24,2026-01-31,14:11:17,Rechazada
TX-009503,002-682226,Diego Flores,PagoServicio,495.01,2026-01-14,13:43:44,Rechazada
TX-009504,005-503480,Luis Ramos,Transferencia,7110.49,2026-04-25,16:59:30,Aprobada
TX-009505,008-841070,Lucia Vega,Transferencia,4189.60,2026-11-21,10:38:13,Pendiente
TX-009506,006-414606,Pedro Castillo,Transferencia,12100.47,2026-03-13,04:23:16,Rechazada
TX-009507,004-456793,Pedro Castillo,Transferencia,6231.30,2026-10-21,05:32:52,Pendiente
TX-009508,002-465891,Camila Ruiz,PagoServicio,6098.54,2026-01-10,03:05:44,Rechazada
TX-009509,007-309514,Carlos Perez,PagoServicio,10727.61,2026-07-17,15:57:31,Observada
TX-009510,006-120002,Ana Torres,PagoServicio,14059.28,2026-04-12,17:10:40,Rechazada
TX-009511,006-288071,Elena Vargas,Deposito,12709.65,2026-01-01,13:25:13,Aprobada
TX-009512,002-533293,Pedro Castillo,Retiro,5970.30,2026-06-29,01:07:04,Aprobada
TX-009513,007-782920,Sofia Rojas,PagoServicio,12664.18,2026-08-31,20:23:53,Observada
TX-009514,008-631915,Camila Ruiz,Transferencia,12335.66,2026-03-22,18:22:09,Pendiente
TX-009515,002-423945,Rosa Herrera,Deposito,2254.06,2026-11-29,13:15:42,Pendiente
TX-009516,009-554243,Lucia Vega,Transferencia,10279.30,2026-05-03,20:34:17,Rechazada
TX-009517,006-125696,Diego Flores,Transferencia,10033.11,2026-03-18,05:58:25,Pendiente
TX-009518,002-973956,Valeria Leon,Deposito,598.76,2026-12-11,13:33:15,Observada
TX-009519,004-727649,Maria Soto,Deposito,9558.36,2026-06-06,21:48:58,Pendiente
TX-009520,002-917533,Elena Vargas,Retiro,2180.28,2026-06-27,00:00:39,Aprobada
TX-009521,001-136216,Lucia Vega,Transferencia,12985.71,2026-06-16,17:00:58,Pendiente
TX-009522,004-641533,Lucia Vega,PagoServicio,10672.77,2026-10-12,14:58:40,Anulada
TX-009523,009-202770,Diego Flores,Retiro,9710.20,2026-05-21,17:33:15,Aprobada
TX-009524,002-501805,Miguel Castro,Retiro,3594.64,2026-09-20,14:05:30,Rechazada
TX-009525,004-957983,Rosa Herrera,PagoServicio,1914.87,2026-08-15,05:35:40,Rechazada
TX-009526,003-679243,Sofia Rojas,Deposito,7349.07,2026-11-02,00:01:44,Aprobada
TX-009527,002-828104,Miguel Castro,Retiro,10627.19,2026-08-11,21:03:24,Aprobada
TX-009528,003-635678,Rosa Herrera,Retiro,48.97,2026-01-11,07:52:40,Observada
TX-009529,003-350596,Rosa Herrera,Transferencia,7689.91,2026-12-20,23:04:25,Anulada
TX-009530,003-381284,Pedro Castillo,Transferencia,6222.40,2026-08-10,13:37:58,Aprobada
TX-009531,008-572011,Sofia Rojas,Transferencia,10232.96,2026-08-11,13:33:52,Observada
TX-009532,001-615326,Diego Flores,Transferencia,1432.35,2026-02-24,14:54:19,Anulada
TX-009533,003-348664,Carlos Perez,Deposito,8479.36,2026-04-07,15:57:57,Rechazada
TX-009534,006-316277,Luis Ramos,Deposito,3716.08,2026-06-17,16:23:34,Rechazada
TX-009535,009-999942,Jorge Medina,Retiro,10778.17,2026-05-18,11:58:34,Aprobada
TX-009536,005-853657,Elena Vargas,Transferencia,8621.93,2026-02-10,04:58:16,Pendiente
TX-009537,008-797436,Jorge Medina,Transferencia,11343.09,2026-06-16,15:35:00,Anulada
TX-009538,003-657694,Camila Ruiz,Retiro,1172.03,2026-09-10,15:21:02,Rechazada
TX-009539,005-399298,Sofia Rojas,Retiro,12193.32,2026-02-07,13:50:04,Observada
TX-009540,004-493629,Maria Soto,PagoServicio,68.59,2026-07-23,04:26:08,Observada
TX-009541,005-775133,Miguel Castro,PagoServicio,13173.46,2026-02-24,22:58:33,Rechazada
TX-009542,004-245808,Maria Soto,Deposito,2389.17,2026-06-18,01:57:20,Rechazada
TX-009543,008-683231,Fernando Diaz,Retiro,5897.22,2026-10-17,18:19:40,Aprobada
TX-009544,003-456941,Lucia Vega,Transferencia,4411.19,2026-02-22,23:03:54,Anulada
TX-009545,008-952864,Valeria Leon,Deposito,7157.46,2026-08-26,07:10:06,Aprobada
TX-009546,005-370704,Jorge Medina,Deposito,10451.96,2026-06-21,23:01:02,Observada
TX-009547,005-325265,Lucia Vega,Deposito,1178.62,2026-05-14,16:01:59,Observada
TX-009548,005-800164,Fernando Diaz,Transferencia,5806.79,2026-05-05,22:49:45,Rechazada
TX-009549,006-327464,Maria Soto,Retiro,9484.57,2026-04-15,02:43:59,Pendiente
TX-009550,005-794951,Valeria Leon,Retiro,4173.59,2026-05-26,07:53:01,Aprobada
TX-009551,006-434762,Elena Vargas,Transferencia,11304.85,2026-09-11,05:56:16,Anulada
TX-009552,008-606275,Pedro Castillo,Deposito,7416.56,2026-10-06,10:54:47,Anulada
TX-009553,002-880024,Pedro Castillo,PagoServicio,423.56,2026-06-16,04:39:12,Observada
TX-009554,003-463097,Rosa Herrera,Transferencia,1561.93,2026-06-16,12:42:26,Rechazada
TX-009555,003-127553,Lucia Vega,Retiro,9894.08,2026-06-24,05:13:14,Observada
TX-009556,002-371631,Diego Flores,Deposito,8223.67,2026-07-04,19:56:40,Rechazada
TX-009557,005-643155,Lucia Vega,Retiro,6450.46,2026-05-16,08:12:09,Rechazada
TX-009558,009-893163,Camila Ruiz,Retiro,97.03,2026-10-19,20:16:07,Observada
TX-009559,009-239994,Fernando Diaz,Transferencia,12902.31,2026-08-06,08:32:26,Aprobada
TX-009560,009-284125,Ana Torres,PagoServicio,9624.11,2026-11-28,13:00:57,Aprobada
TX-009561,009-639407,Elena Vargas,Retiro,2573.99,2026-01-14,23:36:39,Anulada
TX-009562,003-473730,Maria Soto,Transferencia,68.64,2026-10-01,04:10:23,Anulada
TX-009563,005-904578,Maria Soto,Retiro,9531.85,2026-09-21,14:16:45,Pendiente
TX-009564,008-692343,Luis Ramos,Retiro,754.10,2026-03-02,21:38:20,Observada
TX-009565,003-716017,Miguel Castro,Transferencia,2521.22,2026-02-03,18:05:19,Aprobada
TX-009566,001-933901,Camila Ruiz,Retiro,2548.94,2026-08-21,02:49:40,Anulada
TX-009567,003-984934,Pedro Castillo,PagoServicio,8586.92,2026-11-03,16:12:37,Anulada
TX-009568,009-650953,Carlos Perez,Deposito,11834.48,2026-09-26,11:23:41,Pendiente
TX-009569,004-277039,Sofia Rojas,Transferencia,3488.16,2026-11-23,12:15:35,Rechazada
TX-009570,005-151553,Valeria Leon,Transferencia,12836.62,2026-07-01,16:03:58,Observada
TX-009571,001-113158,Carlos Perez,PagoServicio,11585.21,2026-02-10,10:25:30,Observada
TX-009572,002-925199,Pedro Castillo,Transferencia,13444.53,2026-07-30,12:40:47,Pendiente
TX-009573,003-407952,Sofia Rojas,Transferencia,7598.70,2026-12-12,22:50:03,Anulada
TX-009574,006-961760,Diego Flores,Retiro,14331.60,2026-01-20,09:53:30,Anulada
TX-009575,006-222753,Pedro Castillo,Transferencia,11713.11,2026-02-24,11:35:47,Anulada
TX-009576,007-501802,Ana Torres,Transferencia,14456.20,2026-08-15,13:29:56,Anulada
TX-009577,008-823120,Lucia Vega,Deposito,13775.72,2026-02-09,22:10:15,Observada
TX-009578,002-491412,Diego Flores,Transferencia,3528.30,2026-04-25,20:05:30,Anulada
TX-009579,008-360156,Jorge Medina,Retiro,10456.43,2026-08-27,07:48:04,Aprobada
TX-009580,002-253082,Pedro Castillo,PagoServicio,7597.04,2026-07-22,09:21:36,Rechazada
TX-009581,005-896994,Carlos Perez,Retiro,14787.41,2026-12-28,15:54:31,Observada
TX-009582,009-792441,Sofia Rojas,PagoServicio,1125.38,2026-05-02,06:17:33,Rechazada
TX-009583,006-805858,Diego Flores,Deposito,12049.94,2026-02-01,17:41:47,Anulada
TX-009584,005-560657,Camila Ruiz,PagoServicio,783.68,2026-07-01,15:33:33,Aprobada
TX-009585,002-877741,Camila Ruiz,Transferencia,3490.38,2026-03-15,06:24:29,Rechazada
TX-009586,007-954345,Carlos Perez,Deposito,9364.83,2026-02-14,10:19:52,Observada
TX-009587,003-311807,Lucia Vega,Transferencia,14365.40,2026-10-20,13:15:06,Aprobada
TX-009588,006-436104,Valeria Leon,PagoServicio,6312.77,2026-11-14,16:33:54,Aprobada
TX-009589,005-799094,Carlos Perez,PagoServicio,856.50,2026-02-12,16:29:11,Aprobada
TX-009590,006-418661,Maria Soto,Transferencia,1695.27,2026-12-16,12:01:04,Anulada
TX-009591,009-750821,Rosa Herrera,Deposito,9181.18,2026-08-21,00:15:49,Aprobada
TX-009592,003-860435,Fernando Diaz,PagoServicio,4885.37,2026-08-14,12:07:36,Pendiente
TX-009593,002-598977,Carlos Perez,Retiro,5914.80,2026-06-01,10:57:29,Observada
TX-009594,005-675371,Luis Ramos,Deposito,3353.20,2026-03-26,15:55:51,Observada
TX-009595,005-124322,Rosa Herrera,Transferencia,10502.17,2026-08-09,03:09:40,Anulada
TX-009596,001-222763,Miguel Castro,Transferencia,81.95,2026-06-09,04:09:46,Rechazada
TX-009597,009-272623,Maria Soto,Deposito,12567.81,2026-04-02,08:14:55,Rechazada
TX-009598,007-464204,Rosa Herrera,Deposito,14480.25,2026-08-09,19:20:34,Pendiente
TX-009599,002-798379,Valeria Leon,Transferencia,9629.58,2026-07-09,04:16:28,Anulada
TX-009600,006-441563,Luis Ramos,PagoServicio,8975.74,2026-05-15,12:15:41,Pendiente
TX-009601,004-520170,Diego Flores,Transferencia,13388.66,2026-12-15,20:05:14,Rechazada
TX-009602,005-485021,Diego Flores,Deposito,8012.24,2026-08-19,20:57:14,Rechazada
TX-009603,001-397407,Diego Flores,Deposito,750.61,2026-01-19,03:07:59,Anulada
TX-009604,002-135084,Ana Torres,PagoServicio,8802.50,2026-06-05,15:03:08,Anulada
TX-009605,009-197922,Diego Flores,Retiro,2831.22,2026-12-14,15:26:45,Rechazada
TX-009606,002-516879,Jorge Medina,Retiro,5846.46,2026-05-30,10:35:58,Pendiente
TX-009607,001-899279,Elena Vargas,Retiro,10617.16,2026-06-23,13:55:35,Pendiente
TX-009608,001-453131,Diego Flores,Transferencia,9835.66,2026-06-17,05:48:41,Pendiente
TX-009609,001-640952,Luis Ramos,Transferencia,5638.89,2026-02-12,19:41:12,Aprobada
TX-009610,002-563064,Diego Flores,PagoServicio,5549.19,2026-01-07,20:35:22,Pendiente
TX-009611,003-969954,Miguel Castro,Transferencia,8109.22,2026-05-08,10:40:37,Rechazada
TX-009612,008-403356,Diego Flores,Deposito,5314.46,2026-05-19,18:56:05,Anulada
TX-009613,004-722801,Carlos Perez,Transferencia,7883.21,2026-12-03,23:40:07,Observada
TX-009614,007-868526,Fernando Diaz,Deposito,3848.72,2026-08-08,07:23:05,Rechazada
TX-009615,005-584675,Valeria Leon,Transferencia,11897.80,2026-10-26,15:14:35,Observada
TX-009616,009-674939,Valeria Leon,Transferencia,118.31,2026-09-01,18:49:44,Anulada
TX-009617,007-839287,Camila Ruiz,Retiro,2645.79,2026-02-01,10:16:24,Anulada
TX-009618,008-141750,Camila Ruiz,Retiro,352.95,2026-09-01,16:37:38,Anulada
TX-009619,002-586786,Fernando Diaz,PagoServicio,1937.41,2026-10-06,23:35:13,Rechazada
TX-009620,006-451709,Elena Vargas,Transferencia,1282.04,2026-10-15,15:01:48,Anulada
TX-009621,002-273449,Fernando Diaz,PagoServicio,6955.83,2026-02-08,06:05:39,Pendiente
TX-009622,002-672017,Ana Torres,PagoServicio,14962.33,2026-11-30,20:36:38,Pendiente
TX-009623,005-232973,Lucia Vega,PagoServicio,7029.77,2026-11-01,03:51:29,Aprobada
TX-009624,001-366296,Miguel Castro,Retiro,12069.09,2026-05-15,01:36:11,Anulada
TX-009625,008-531272,Pedro Castillo,PagoServicio,1396.02,2026-05-12,12:03:52,Pendiente
TX-009626,005-467067,Valeria Leon,Deposito,11963.41,2026-06-21,01:13:02,Anulada
TX-009627,006-191984,Diego Flores,PagoServicio,965.86,2026-08-11,18:47:31,Anulada
TX-009628,001-986108,Luis Ramos,Deposito,430.49,2026-12-08,03:37:21,Anulada
TX-009629,001-450989,Lucia Vega,Deposito,4675.81,2026-08-10,22:26:20,Observada
TX-009630,003-780699,Fernando Diaz,Deposito,2178.66,2026-02-12,12:51:24,Observada
TX-009631,006-358121,Valeria Leon,PagoServicio,12252.17,2026-11-12,12:22:18,Rechazada
TX-009632,001-579710,Elena Vargas,PagoServicio,5861.71,2026-06-06,05:52:06,Observada
TX-009633,006-835649,Maria Soto,Deposito,9667.52,2026-03-12,13:54:07,Aprobada
TX-009634,004-208828,Miguel Castro,Deposito,7217.44,2026-08-19,13:55:55,Observada
TX-009635,001-524025,Elena Vargas,Deposito,11756.11,2026-01-26,12:22:36,Aprobada
TX-009636,003-390931,Pedro Castillo,Transferencia,11937.59,2026-06-19,23:18:26,Anulada
TX-009637,004-556718,Carlos Perez,Deposito,648.88,2026-11-06,16:35:17,Anulada
TX-009638,007-870629,Valeria Leon,Transferencia,13117.20,2026-08-09,21:47:15,Rechazada
TX-009639,003-581842,Luis Ramos,PagoServicio,6232.76,2026-03-22,03:00:56,Anulada
TX-009640,004-475521,Maria Soto,PagoServicio,28.33,2026-06-29,01:52:43,Observada
TX-009641,003-536896,Pedro Castillo,Deposito,7578.98,2026-11-22,09:30:50,Rechazada
TX-009642,003-931484,Sofia Rojas,Transferencia,2856.78,2026-09-12,15:25:44,Pendiente
TX-009643,003-965154,Jorge Medina,Transferencia,1242.67,2026-11-23,20:56:03,Anulada
TX-009644,003-324219,Carlos Perez,Retiro,9658.21,2026-12-19,06:49:08,Aprobada
TX-009645,001-274138,Pedro Castillo,Retiro,655.90,2026-11-19,08:13:31,Observada
TX-009646,008-869881,Lucia Vega,Transferencia,11714.92,2026-02-06,11:07:53,Anulada
TX-009647,006-330771,Carlos Perez,Transferencia,11405.01,2026-05-13,02:09:53,Observada
TX-009648,005-830932,Valeria Leon,Retiro,4862.96,2026-06-11,01:27:23,Rechazada
TX-009649,009-583124,Pedro Castillo,Retiro,10299.72,2026-10-29,14:53:32,Anulada
TX-009650,005-669299,Elena Vargas,Retiro,3573.91,2026-04-22,17:27:21,Anulada
TX-009651,003-216137,Pedro Castillo,Retiro,12309.21,2026-12-05,01:29:10,Anulada
TX-009652,007-365722,Pedro Castillo,PagoServicio,11277.58,2026-05-27,21:08:31,Observada
TX-009653,004-781012,Diego Flores,Retiro,10782.66,2026-03-22,13:57:53,Rechazada
TX-009654,003-200737,Sofia Rojas,Transferencia,7000.61,2026-02-07,03:32:40,Anulada
TX-009655,003-187745,Miguel Castro,Deposito,5049.90,2026-04-13,02:00:31,Aprobada
TX-009656,003-944307,Rosa Herrera,Deposito,1515.45,2026-02-10,07:53:00,Anulada
TX-009657,009-299685,Elena Vargas,Retiro,4362.59,2026-11-29,00:02:55,Aprobada
TX-009658,008-702977,Fernando Diaz,Transferencia,8897.43,2026-04-29,02:32:18,Pendiente
TX-009659,006-760078,Pedro Castillo,PagoServicio,13433.62,2026-10-14,04:08:20,Observada
TX-009660,007-257855,Pedro Castillo,Retiro,6170.53,2026-11-20,14:47:15,Aprobada
TX-009661,002-609092,Luis Ramos,Retiro,657.63,2026-04-29,11:27:37,Pendiente
TX-009662,008-825570,Lucia Vega,Transferencia,9484.59,2026-06-22,13:46:05,Pendiente
TX-009663,007-461244,Miguel Castro,Retiro,3130.77,2026-01-03,06:12:07,Aprobada
TX-009664,003-293898,Lucia Vega,Retiro,1944.68,2026-06-24,19:16:00,Aprobada
TX-009665,007-503761,Lucia Vega,Retiro,14820.83,2026-09-15,02:55:41,Rechazada
TX-009666,006-188577,Rosa Herrera,PagoServicio,9406.96,2026-03-04,01:55:04,Aprobada
TX-009667,002-172048,Pedro Castillo,Retiro,14378.99,2026-08-27,07:14:21,Rechazada
TX-009668,008-888485,Miguel Castro,Transferencia,12578.15,2026-08-28,01:05:52,Anulada
TX-009669,004-860673,Ana Torres,PagoServicio,12179.53,2026-06-16,14:13:57,Pendiente
TX-009670,003-149772,Camila Ruiz,Transferencia,10918.15,2026-02-06,06:51:06,Observada
TX-009671,004-178811,Ana Torres,Transferencia,611.42,2026-12-04,06:05:41,Aprobada
TX-009672,001-814111,Rosa Herrera,Deposito,5891.49,2026-01-19,15:51:51,Pendiente
TX-009673,003-779791,Elena Vargas,Transferencia,4676.99,2026-05-13,04:50:43,Observada
TX-009674,007-660823,Rosa Herrera,PagoServicio,10653.89,2026-02-04,13:02:18,Aprobada
TX-009675,004-674942,Miguel Castro,Deposito,3166.29,2026-09-24,06:40:27,Rechazada
TX-009676,003-581689,Rosa Herrera,Retiro,12392.04,2026-12-18,19:02:31,Rechazada
TX-009677,001-274613,Pedro Castillo,Retiro,2728.95,2026-04-15,00:37:24,Anulada
TX-009678,009-670837,Miguel Castro,Transferencia,7380.83,2026-06-08,22:08:38,Anulada
TX-009679,007-474234,Jorge Medina,PagoServicio,11917.33,2026-05-03,02:57:02,Pendiente
TX-009680,004-699552,Pedro Castillo,Retiro,8316.39,2026-02-08,20:11:35,Pendiente
TX-009681,007-347498,Rosa Herrera,Transferencia,2501.20,2026-09-12,20:03:45,Pendiente
TX-009682,006-816945,Carlos Perez,Deposito,6809.12,2026-08-15,00:18:49,Aprobada
TX-009683,002-525941,Ana Torres,Deposito,10188.81,2026-06-30,18:41:30,Anulada
TX-009684,002-685122,Maria Soto,Retiro,2458.68,2026-09-07,16:22:57,Pendiente
TX-009685,005-765168,Diego Flores,Deposito,4183.75,2026-11-03,10:18:47,Pendiente
TX-009686,009-418522,Valeria Leon,Deposito,11779.60,2026-06-03,10:24:58,Anulada
TX-009687,005-415845,Pedro Castillo,Transferencia,10497.72,2026-03-10,18:54:51,Aprobada
TX-009688,006-585982,Maria Soto,Transferencia,3858.30,2026-05-28,08:34:54,Aprobada
TX-009689,008-167334,Carlos Perez,Retiro,11841.61,2026-02-03,03:13:28,Pendiente
TX-009690,004-661067,Maria Soto,PagoServicio,6054.27,2026-04-20,08:55:40,Observada
TX-009691,002-903323,Maria Soto,Retiro,11003.05,2026-05-17,13:06:56,Pendiente
TX-009692,005-484742,Fernando Diaz,Retiro,13445.87,2026-10-09,07:50:07,Anulada
TX-009693,002-976572,Carlos Perez,PagoServicio,2600.15,2026-01-05,01:49:03,Observada
TX-009694,008-562841,Camila Ruiz,Retiro,913.50,2026-08-29,20:45:42,Observada
TX-009695,009-127672,Carlos Perez,Retiro,3837.35,2026-08-06,05:07:30,Observada
TX-009696,003-153339,Fernando Diaz,PagoServicio,5161.48,2026-03-24,08:56:43,Anulada
TX-009697,002-956407,Diego Flores,Transferencia,11413.84,2026-11-01,03:37:12,Anulada
TX-009698,004-675673,Elena Vargas,Retiro,7759.79,2026-09-23,15:58:40,Anulada
TX-009699,002-634862,Miguel Castro,Retiro,13251.47,2026-10-08,22:09:38,Pendiente
TX-009700,001-563902,Carlos Perez,Deposito,7987.99,2026-12-31,19:15:54,Pendiente
TX-009701,006-111429,Pedro Castillo,Transferencia,5874.19,2026-02-16,04:50:57,Pendiente
TX-009702,002-817946,Luis Ramos,Deposito,6223.50,2026-06-28,21:09:44,Anulada
TX-009703,006-514480,Rosa Herrera,PagoServicio,2423.99,2026-07-02,07:51:43,Observada
TX-009704,003-807699,Jorge Medina,Retiro,4653.32,2026-11-14,16:30:48,Anulada
TX-009705,002-419837,Lucia Vega,Deposito,6148.93,2026-11-17,15:03:42,Pendiente
TX-009706,002-843923,Miguel Castro,Deposito,8895.62,2026-06-25,16:35:47,Pendiente
TX-009707,004-781778,Ana Torres,Transferencia,4447.83,2026-05-30,11:46:54,Rechazada
TX-009708,004-670523,Lucia Vega,Deposito,4871.67,2026-05-10,13:47:00,Aprobada
TX-009709,002-231190,Camila Ruiz,Retiro,2105.50,2026-12-19,10:45:34,Anulada
TX-009710,009-778476,Valeria Leon,Deposito,8402.05,2026-03-21,09:50:02,Aprobada
TX-009711,003-156274,Pedro Castillo,Retiro,848.15,2026-08-11,21:24:10,Anulada
TX-009712,004-124956,Diego Flores,Retiro,9809.30,2026-03-13,23:25:39,Rechazada
TX-009713,001-272932,Fernando Diaz,Deposito,13155.81,2026-11-11,08:16:20,Observada
TX-009714,007-527331,Elena Vargas,PagoServicio,693.96,2026-11-07,04:38:12,Observada
TX-009715,009-311101,Fernando Diaz,Retiro,8294.92,2026-05-27,20:36:33,Observada
TX-009716,008-403586,Ana Torres,Transferencia,9996.83,2026-08-21,08:54:08,Observada
TX-009717,008-332136,Pedro Castillo,Deposito,8709.25,2026-06-09,00:52:59,Rechazada
TX-009718,006-798069,Miguel Castro,Deposito,8872.45,2026-10-11,18:49:43,Aprobada
TX-009719,003-195160,Carlos Perez,Deposito,4992.92,2026-03-15,08:42:05,Aprobada
TX-009720,002-269653,Pedro Castillo,Retiro,3794.71,2026-03-19,02:30:20,Observada
TX-009721,005-507727,Sofia Rojas,Retiro,6980.49,2026-06-15,12:23:00,Observada
TX-009722,006-555792,Lucia Vega,Deposito,352.83,2026-09-02,14:29:09,Aprobada
TX-009723,005-640038,Maria Soto,Retiro,1801.62,2026-08-29,14:44:12,Pendiente
TX-009724,006-891294,Fernando Diaz,PagoServicio,2716.33,2026-12-12,12:58:11,Pendiente
TX-009725,006-435824,Carlos Perez,Retiro,1521.37,2026-11-11,18:07:16,Anulada
TX-009726,006-966401,Pedro Castillo,Deposito,21.96,2026-05-31,11:50:54,Anulada
TX-009727,005-937244,Pedro Castillo,Transferencia,5296.10,2026-07-23,01:22:33,Rechazada
TX-009728,007-156394,Jorge Medina,Retiro,2240.45,2026-08-06,16:36:58,Anulada
TX-009729,005-919683,Diego Flores,Retiro,14413.19,2026-08-14,05:42:43,Rechazada
TX-009730,009-765077,Valeria Leon,PagoServicio,13148.56,2026-07-16,07:02:03,Anulada
TX-009731,009-115244,Luis Ramos,Transferencia,6004.75,2026-09-21,11:12:43,Pendiente
TX-009732,003-655992,Pedro Castillo,Deposito,14326.23,2026-10-13,03:47:49,Rechazada
TX-009733,001-429264,Maria Soto,Retiro,11204.59,2026-06-15,03:35:32,Aprobada
TX-009734,005-902546,Luis Ramos,PagoServicio,12436.19,2026-12-29,06:17:21,Rechazada
TX-009735,008-118729,Jorge Medina,Retiro,7454.06,2026-04-12,05:53:54,Rechazada
TX-009736,001-147271,Miguel Castro,Deposito,803.63,2026-09-10,08:52:38,Anulada
TX-009737,005-942950,Rosa Herrera,Transferencia,13299.18,2026-06-21,20:50:37,Anulada
TX-009738,004-731349,Elena Vargas,PagoServicio,7110.55,2026-08-06,20:24:54,Anulada
TX-009739,002-149440,Elena Vargas,Deposito,7622.18,2026-08-16,11:06:12,Aprobada
TX-009740,006-909809,Diego Flores,Transferencia,11119.98,2026-12-02,15:41:06,Pendiente
TX-009741,003-964278,Lucia Vega,PagoServicio,7845.47,2026-09-03,19:49:46,Aprobada
TX-009742,005-209837,Rosa Herrera,Deposito,7496.53,2026-02-10,13:35:03,Pendiente
TX-009743,001-812909,Valeria Leon,PagoServicio,7324.54,2026-08-12,20:17:20,Pendiente
TX-009744,002-438971,Fernando Diaz,PagoServicio,9152.04,2026-11-19,08:59:03,Rechazada
TX-009745,003-720268,Luis Ramos,Retiro,6847.00,2026-10-26,05:22:06,Anulada
TX-009746,001-759085,Luis Ramos,PagoServicio,8324.57,2026-04-20,11:59:00,Aprobada
TX-009747,005-832712,Jorge Medina,PagoServicio,10347.46,2026-03-31,05:29:37,Aprobada
TX-009748,005-593823,Rosa Herrera,Transferencia,4578.47,2026-12-17,23:49:48,Pendiente
TX-009749,003-904430,Elena Vargas,Deposito,2087.41,2026-12-08,12:43:36,Observada
TX-009750,008-961317,Miguel Castro,PagoServicio,4179.67,2026-06-18,07:48:52,Pendiente
TX-009751,004-916435,Jorge Medina,Deposito,13765.35,2026-10-13,10:33:25,Observada
TX-009752,008-682810,Pedro Castillo,PagoServicio,3097.58,2026-06-22,03:38:23,Aprobada
TX-009753,007-410948,Carlos Perez,PagoServicio,1030.28,2026-10-02,03:30:11,Aprobada
TX-009754,002-524486,Rosa Herrera,Deposito,8818.94,2026-05-25,06:52:38,Rechazada
TX-009755,005-174309,Elena Vargas,PagoServicio,1773.86,2026-07-22,18:49:29,Observada
TX-009756,005-614525,Valeria Leon,Retiro,4724.46,2026-09-05,19:31:10,Rechazada
TX-009757,005-867661,Fernando Diaz,Retiro,2607.59,2026-02-04,02:23:27,Aprobada
TX-009758,002-993429,Luis Ramos,Transferencia,2491.31,2026-12-25,19:28:32,Anulada
TX-009759,009-312979,Fernando Diaz,Transferencia,11776.36,2026-08-10,23:48:40,Aprobada
TX-009760,005-180282,Ana Torres,Transferencia,1355.27,2026-02-20,04:35:59,Aprobada
TX-009761,002-778374,Jorge Medina,Deposito,7016.56,2026-09-29,22:58:43,Anulada
TX-009762,002-428534,Camila Ruiz,PagoServicio,8534.27,2026-02-07,11:12:24,Anulada
TX-009763,005-235747,Carlos Perez,Transferencia,2799.61,2026-01-27,07:22:02,Rechazada
TX-009764,005-437760,Rosa Herrera,Retiro,3947.12,2026-10-30,18:58:09,Observada
TX-009765,001-633645,Ana Torres,PagoServicio,657.57,2026-03-12,01:50:12,Observada
TX-009766,009-775029,Rosa Herrera,Deposito,6734.73,2026-10-12,09:06:09,Rechazada
TX-009767,007-827629,Lucia Vega,Retiro,4957.77,2026-03-11,07:24:14,Pendiente
TX-009768,008-163706,Maria Soto,PagoServicio,9371.59,2026-02-11,23:17:41,Pendiente
TX-009769,005-517841,Sofia Rojas,PagoServicio,9102.26,2026-02-21,02:33:07,Aprobada
TX-009770,008-912755,Fernando Diaz,Retiro,8579.95,2026-02-27,21:56:43,Rechazada
TX-009771,004-834831,Luis Ramos,PagoServicio,14645.52,2026-07-17,14:06:40,Observada
TX-009772,004-318193,Miguel Castro,Deposito,11326.04,2026-04-18,10:29:12,Pendiente
TX-009773,004-710448,Jorge Medina,Deposito,13113.23,2026-01-19,04:11:19,Anulada
TX-009774,003-697244,Elena Vargas,Transferencia,10326.18,2026-07-19,11:04:27,Pendiente
TX-009775,007-834479,Miguel Castro,Transferencia,14346.06,2026-08-05,08:46:41,Pendiente
TX-009776,005-102019,Elena Vargas,Retiro,6766.53,2026-03-19,17:40:17,Observada
TX-009777,003-791033,Sofia Rojas,Deposito,9273.05,2026-04-25,23:38:47,Aprobada
TX-009778,005-946859,Jorge Medina,Transferencia,3966.97,2026-06-26,23:22:35,Pendiente
TX-009779,002-463032,Carlos Perez,PagoServicio,9498.39,2026-03-06,18:06:36,Observada
TX-009780,001-977135,Rosa Herrera,PagoServicio,325.77,2026-07-29,15:55:13,Rechazada
TX-009781,004-816657,Valeria Leon,Retiro,180.57,2026-09-23,06:01:40,Aprobada
TX-009782,001-815059,Camila Ruiz,Retiro,8915.18,2026-07-28,06:59:53,Aprobada
TX-009783,007-768848,Jorge Medina,Retiro,9391.73,2026-06-13,20:42:23,Pendiente
TX-009784,006-312368,Ana Torres,Retiro,2247.03,2026-03-08,00:53:12,Aprobada
TX-009785,003-638990,Valeria Leon,Transferencia,5986.84,2026-01-09,02:36:12,Rechazada
TX-009786,006-959407,Valeria Leon,Retiro,11606.06,2026-12-18,12:17:29,Rechazada
TX-009787,003-338703,Maria Soto,PagoServicio,2163.13,2026-04-29,10:31:34,Pendiente
TX-009788,003-380937,Luis Ramos,PagoServicio,12746.39,2026-07-20,07:08:43,Rechazada
TX-009789,009-650545,Elena Vargas,Transferencia,3821.82,2026-07-30,23:43:27,Anulada
TX-009790,005-668269,Camila Ruiz,Retiro,14861.94,2026-03-05,17:21:02,Rechazada
TX-009791,004-233068,Maria Soto,Deposito,6380.34,2026-11-30,03:10:59,Observada
TX-009792,002-730947,Diego Flores,PagoServicio,1225.43,2026-07-17,09:51:01,Aprobada
TX-009793,009-519452,Carlos Perez,Retiro,14050.93,2026-12-19,05:55:55,Aprobada
TX-009794,004-774414,Carlos Perez,PagoServicio,14052.22,2026-09-27,01:53:38,Pendiente
TX-009795,003-184606,Rosa Herrera,Deposito,5177.65,2026-05-19,17:11:32,Pendiente
TX-009796,005-568292,Maria Soto,Retiro,7176.36,2026-10-05,10:51:35,Aprobada
TX-009797,005-640990,Elena Vargas,PagoServicio,12034.07,2026-10-27,22:05:37,Pendiente
TX-009798,003-283611,Camila Ruiz,Deposito,9203.59,2026-12-01,02:34:33,Observada
TX-009799,004-133389,Carlos Perez,PagoServicio,3803.46,2026-11-30,20:45:16,Pendiente
TX-009800,001-650144,Carlos Perez,PagoServicio,12599.24,2026-11-25,18:58:39,Rechazada
TX-009801,003-869884,Ana Torres,Transferencia,6008.36,2026-01-02,17:18:09,Anulada
TX-009802,004-102064,Camila Ruiz,PagoServicio,7317.80,2026-06-18,19:47:15,Observada
TX-009803,008-897393,Pedro Castillo,Deposito,8727.57,2026-06-21,13:33:05,Observada
TX-009804,002-862517,Fernando Diaz,Deposito,7022.43,2026-04-02,00:29:31,Rechazada
TX-009805,004-448542,Carlos Perez,Retiro,7487.27,2026-08-18,01:33:50,Aprobada
TX-009806,003-358626,Valeria Leon,Deposito,11722.11,2026-01-22,18:07:52,Pendiente
TX-009807,007-723004,Fernando Diaz,Deposito,10188.87,2026-06-28,01:30:27,Observada
TX-009808,002-741644,Maria Soto,PagoServicio,14087.29,2026-12-11,03:33:41,Anulada
TX-009809,002-260840,Fernando Diaz,Transferencia,6926.64,2026-09-03,10:31:21,Observada
TX-009810,003-393458,Valeria Leon,Transferencia,13190.65,2026-11-06,17:53:40,Anulada
TX-009811,006-265960,Maria Soto,Deposito,9858.74,2026-10-20,23:14:36,Observada
TX-009812,006-547419,Luis Ramos,PagoServicio,10752.27,2026-12-15,17:33:53,Observada
TX-009813,003-157008,Luis Ramos,PagoServicio,12767.81,2026-09-27,06:10:21,Aprobada
TX-009814,002-217796,Jorge Medina,Deposito,9574.54,2026-05-10,07:15:37,Observada
TX-009815,008-581950,Miguel Castro,Deposito,7203.95,2026-05-24,01:29:10,Aprobada
TX-009816,001-538968,Jorge Medina,Deposito,12998.83,2026-04-12,03:18:26,Anulada
TX-009817,009-691034,Ana Torres,PagoServicio,14238.45,2026-09-30,05:43:15,Observada
TX-009818,008-758385,Jorge Medina,Transferencia,3533.28,2026-11-11,14:37:36,Rechazada
TX-009819,005-887744,Diego Flores,Retiro,3294.48,2026-09-20,16:21:34,Aprobada
TX-009820,001-687264,Carlos Perez,Retiro,4546.63,2026-12-15,20:48:14,Anulada
TX-009821,008-944497,Luis Ramos,Deposito,10605.80,2026-11-03,19:24:29,Aprobada
TX-009822,004-747000,Camila Ruiz,Retiro,831.05,2026-11-23,06:53:20,Rechazada
TX-009823,009-997629,Elena Vargas,Transferencia,2863.71,2026-05-24,08:58:50,Pendiente
TX-009824,004-210552,Miguel Castro,Retiro,6620.93,2026-03-27,10:58:44,Aprobada
TX-009825,003-845755,Diego Flores,Deposito,11941.98,2026-01-12,04:47:35,Pendiente
TX-009826,009-639869,Camila Ruiz,Transferencia,11569.62,2026-07-30,03:33:53,Observada
TX-009827,006-692604,Miguel Castro,PagoServicio,3431.84,2026-09-27,14:25:40,Rechazada
TX-009828,003-974043,Jorge Medina,Transferencia,9332.82,2026-02-25,15:11:19,Anulada
TX-009829,004-940284,Fernando Diaz,PagoServicio,3167.86,2026-08-13,10:55:02,Aprobada
TX-009830,001-539929,Maria Soto,Transferencia,4153.74,2026-06-16,13:20:41,Observada
TX-009831,009-534888,Elena Vargas,Retiro,13617.89,2026-10-26,09:49:03,Rechazada
TX-009832,009-166672,Miguel Castro,PagoServicio,8686.21,2026-12-21,16:40:21,Anulada
TX-009833,005-671816,Sofia Rojas,PagoServicio,595.60,2026-09-10,01:25:24,Observada
TX-009834,009-886204,Sofia Rojas,Deposito,4095.76,2026-04-17,10:38:34,Anulada
TX-009835,002-225829,Valeria Leon,Deposito,1237.03,2026-02-11,02:02:29,Pendiente
TX-009836,005-801394,Maria Soto,PagoServicio,11675.23,2026-03-10,01:47:10,Pendiente
TX-009837,006-581688,Carlos Perez,Transferencia,11050.78,2026-07-15,18:34:56,Aprobada
TX-009838,009-618341,Maria Soto,Deposito,7552.39,2026-03-10,02:59:16,Rechazada
TX-009839,001-237599,Maria Soto,PagoServicio,13913.08,2026-12-26,01:39:23,Rechazada
TX-009840,008-824876,Elena Vargas,Deposito,2381.89,2026-09-24,21:35:48,Pendiente
TX-009841,003-610816,Rosa Herrera,Retiro,3628.33,2026-12-03,01:00:25,Aprobada
TX-009842,005-332371,Lucia Vega,Transferencia,10926.27,2026-05-30,00:24:47,Rechazada
TX-009843,009-266394,Sofia Rojas,PagoServicio,6592.51,2026-05-22,21:42:27,Anulada
TX-009844,008-238257,Jorge Medina,PagoServicio,6997.72,2026-09-11,18:57:11,Anulada
TX-009845,009-834431,Lucia Vega,PagoServicio,408.23,2026-03-15,06:44:01,Pendiente
TX-009846,007-866266,Pedro Castillo,PagoServicio,4303.71,2026-10-22,23:33:39,Aprobada
TX-009847,007-930884,Valeria Leon,Retiro,3900.86,2026-09-09,04:00:12,Anulada
TX-009848,007-919245,Camila Ruiz,PagoServicio,1416.79,2026-09-27,22:11:51,Pendiente
TX-009849,007-926944,Maria Soto,Retiro,8478.04,2026-10-24,10:18:23,Observada
TX-009850,008-888403,Carlos Perez,PagoServicio,11530.21,2026-05-07,11:09:43,Rechazada
TX-009851,001-670133,Elena Vargas,Transferencia,1290.01,2026-01-05,23:45:18,Aprobada
TX-009852,001-605553,Miguel Castro,PagoServicio,8111.01,2026-12-07,16:43:20,Aprobada
TX-009853,009-972172,Maria Soto,PagoServicio,3058.38,2026-09-06,07:20:58,Pendiente
TX-009854,002-715341,Valeria Leon,PagoServicio,10186.16,2026-01-19,12:16:34,Rechazada
TX-009855,003-295003,Pedro Castillo,Transferencia,10999.62,2026-02-04,08:28:36,Anulada
TX-009856,004-342098,Diego Flores,Retiro,2421.84,2026-12-06,11:48:22,Pendiente
TX-009857,005-487084,Lucia Vega,Deposito,10899.80,2026-04-21,03:16:37,Pendiente
TX-009858,008-268090,Jorge Medina,PagoServicio,10638.04,2026-11-21,19:54:49,Rechazada
TX-009859,005-396422,Rosa Herrera,PagoServicio,12248.54,2026-10-11,01:49:58,Observada
TX-009860,002-577734,Lucia Vega,Transferencia,6126.48,2026-06-02,05:06:32,Anulada
TX-009861,007-571183,Diego Flores,Deposito,1893.76,2026-01-03,05:30:46,Observada
TX-009862,002-329323,Jorge Medina,PagoServicio,9143.06,2026-07-26,13:26:42,Rechazada
TX-009863,004-574631,Sofia Rojas,Transferencia,12334.64,2026-02-20,20:11:30,Pendiente
TX-009864,004-131167,Valeria Leon,PagoServicio,7771.67,2026-10-27,14:19:00,Observada
TX-009865,001-729258,Luis Ramos,Retiro,7509.54,2026-01-30,18:54:58,Rechazada
TX-009866,002-269193,Elena Vargas,PagoServicio,3266.71,2026-11-06,22:06:06,Anulada
TX-009867,002-483087,Sofia Rojas,PagoServicio,1133.71,2026-03-09,04:19:42,Observada
TX-009868,003-278750,Fernando Diaz,Deposito,11341.58,2026-10-13,21:03:58,Aprobada
TX-009869,004-301321,Pedro Castillo,PagoServicio,1966.69,2026-10-28,02:42:19,Anulada
TX-009870,005-404725,Carlos Perez,PagoServicio,10090.01,2026-11-06,17:39:12,Anulada
TX-009871,003-624336,Lucia Vega,Transferencia,10861.68,2026-02-08,13:38:35,Rechazada
TX-009872,006-831013,Maria Soto,Transferencia,656.51,2026-04-06,08:52:11,Rechazada
TX-009873,001-689837,Luis Ramos,Retiro,7509.97,2026-09-10,07:57:12,Aprobada
TX-009874,003-405796,Jorge Medina,PagoServicio,9881.19,2026-06-17,09:38:04,Observada
TX-009875,009-316246,Ana Torres,Retiro,14573.12,2026-07-10,08:56:27,Rechazada
TX-009876,005-152641,Diego Flores,Retiro,13134.53,2026-07-04,16:40:23,Pendiente
TX-009877,002-323471,Jorge Medina,PagoServicio,13299.17,2026-09-22,22:44:55,Anulada
TX-009878,005-656213,Luis Ramos,Deposito,11054.29,2026-02-09,11:59:49,Anulada
TX-009879,007-618695,Diego Flores,Transferencia,8353.63,2026-11-12,19:07:52,Pendiente
TX-009880,002-753942,Maria Soto,Transferencia,7636.19,2026-04-16,13:30:30,Anulada
TX-009881,007-467289,Carlos Perez,Deposito,1376.88,2026-08-10,08:35:20,Pendiente
TX-009882,001-491339,Elena Vargas,PagoServicio,8098.13,2026-10-20,17:51:34,Pendiente
TX-009883,004-827721,Lucia Vega,Transferencia,14037.16,2026-02-08,12:54:05,Aprobada
TX-009884,008-481239,Miguel Castro,Retiro,8236.49,2026-10-02,21:28:40,Anulada
TX-009885,008-272586,Maria Soto,Deposito,7094.22,2026-10-10,23:29:36,Pendiente
TX-009886,001-235014,Elena Vargas,Retiro,5051.53,2026-04-07,12:08:53,Aprobada
TX-009887,003-902464,Maria Soto,PagoServicio,2539.44,2026-04-15,11:59:27,Pendiente
TX-009888,006-430143,Camila Ruiz,Transferencia,3716.63,2026-01-06,04:31:07,Observada
TX-009889,006-672377,Maria Soto,Deposito,3777.97,2026-06-16,04:44:42,Observada
TX-009890,008-255724,Carlos Perez,PagoServicio,6631.54,2026-07-08,08:01:08,Anulada
TX-009891,004-690910,Ana Torres,PagoServicio,4796.92,2026-02-01,06:13:55,Observada
TX-009892,004-669873,Ana Torres,PagoServicio,6398.93,2026-06-07,00:43:45,Observada
TX-009893,005-113655,Diego Flores,Transferencia,6890.19,2026-07-01,06:22:43,Rechazada
TX-009894,003-747260,Fernando Diaz,Transferencia,7498.01,2026-04-17,11:56:19,Anulada
TX-009895,001-328070,Sofia Rojas,Transferencia,4292.80,2026-09-17,08:42:21,Pendiente
TX-009896,005-363021,Ana Torres,Retiro,8930.47,2026-12-21,12:30:03,Anulada
TX-009897,006-500901,Pedro Castillo,Transferencia,9982.77,2026-05-07,04:15:35,Anulada
TX-009898,005-687626,Lucia Vega,Transferencia,14713.62,2026-04-16,08:35:25,Anulada
TX-009899,003-947118,Maria Soto,Retiro,12557.71,2026-10-04,22:46:08,Observada
TX-009900,001-843522,Maria Soto,Retiro,12562.71,2026-04-01,21:58:25,Pendiente
TX-009901,002-185991,Camila Ruiz,PagoServicio,11601.35,2026-12-08,00:55:18,Anulada
TX-009902,007-298583,Sofia Rojas,Retiro,13884.94,2026-10-13,13:11:29,Aprobada
TX-009903,006-665062,Lucia Vega,PagoServicio,14454.21,2026-07-04,07:20:44,Aprobada
TX-009904,005-339976,Pedro Castillo,Transferencia,7309.10,2026-08-24,10:29:27,Rechazada
TX-009905,002-558788,Maria Soto,PagoServicio,13939.78,2026-01-26,09:51:18,Aprobada
TX-009906,009-806048,Miguel Castro,Deposito,4905.78,2026-03-20,01:17:11,Aprobada
TX-009907,005-568563,Camila Ruiz,PagoServicio,1568.79,2026-03-11,17:30:29,Observada
TX-009908,006-152579,Valeria Leon,PagoServicio,5408.82,2026-05-11,02:30:55,Anulada
TX-009909,006-303967,Elena Vargas,PagoServicio,8860.78,2026-09-16,21:45:17,Observada
TX-009910,009-636320,Miguel Castro,Transferencia,6393.56,2026-06-12,19:42:06,Anulada
TX-009911,001-754195,Sofia Rojas,Deposito,1179.96,2026-08-12,01:30:02,Anulada
TX-009912,009-680583,Jorge Medina,Deposito,9662.49,2026-10-01,20:54:56,Observada
TX-009913,004-929657,Maria Soto,Transferencia,7125.98,2026-06-25,18:26:55,Anulada
TX-009914,006-407624,Pedro Castillo,PagoServicio,4284.77,2026-07-05,06:04:32,Observada
TX-009915,001-516102,Ana Torres,Deposito,11067.05,2026-08-03,10:05:15,Anulada
TX-009916,004-427220,Valeria Leon,Deposito,12928.80,2026-04-21,03:07:53,Rechazada
TX-009917,003-995002,Jorge Medina,Deposito,4629.58,2026-01-28,13:07:33,Pendiente
TX-009918,007-481553,Maria Soto,PagoServicio,6814.60,2026-12-21,18:59:40,Aprobada
TX-009919,006-956331,Sofia Rojas,Retiro,5852.24,2026-12-11,18:23:45,Anulada
TX-009920,009-185220,Valeria Leon,Transferencia,12335.09,2026-02-18,20:23:57,Observada
TX-009921,003-127800,Ana Torres,Deposito,3830.08,2026-04-03,11:49:00,Aprobada
TX-009922,007-853979,Rosa Herrera,Deposito,13985.07,2026-12-26,17:01:12,Observada
TX-009923,001-519142,Camila Ruiz,PagoServicio,9522.48,2026-08-08,02:02:47,Rechazada
TX-009924,003-350351,Jorge Medina,Deposito,4940.88,2026-11-15,15:04:45,Anulada
TX-009925,004-640268,Valeria Leon,Retiro,10888.03,2026-03-29,07:58:47,Rechazada
TX-009926,002-376216,Diego Flores,Retiro,9766.41,2026-05-19,21:35:17,Pendiente
TX-009927,009-440467,Elena Vargas,Retiro,7530.47,2026-12-30,11:26:05,Rechazada
TX-009928,001-946014,Sofia Rojas,PagoServicio,6527.23,2026-03-22,15:21:23,Pendiente
TX-009929,008-740202,Jorge Medina,Transferencia,534.12,2026-01-09,06:15:02,Aprobada
TX-009930,003-985258,Valeria Leon,Transferencia,11.80,2026-01-08,14:32:34,Rechazada
TX-009931,003-883816,Sofia Rojas,PagoServicio,6146.14,2026-02-04,23:11:16,Observada
TX-009932,009-113714,Valeria Leon,PagoServicio,11944.39,2026-04-30,18:52:31,Anulada
TX-009933,002-510496,Maria Soto,PagoServicio,10424.79,2026-10-30,04:57:59,Observada
TX-009934,006-103688,Maria Soto,Deposito,14008.06,2026-03-04,20:08:34,Pendiente
TX-009935,001-894805,Luis Ramos,Retiro,2005.35,2026-12-07,11:04:37,Anulada
TX-009936,002-479115,Carlos Perez,Deposito,3049.41,2026-05-08,06:21:20,Anulada
TX-009937,003-604521,Luis Ramos,PagoServicio,12965.94,2026-10-17,10:47:58,Observada
TX-009938,002-494225,Maria Soto,Deposito,2053.10,2026-10-20,04:08:44,Rechazada
TX-009939,004-656291,Ana Torres,Transferencia,12304.38,2026-01-19,19:36:00,Observada
TX-009940,001-221190,Jorge Medina,PagoServicio,11320.00,2026-12-19,01:48:10,Pendiente
TX-009941,005-515491,Ana Torres,Retiro,4447.32,2026-08-06,03:23:16,Observada
TX-009942,005-702418,Luis Ramos,PagoServicio,11153.05,2026-01-04,16:49:41,Observada
TX-009943,009-895917,Miguel Castro,Retiro,1436.49,2026-02-21,06:35:40,Rechazada
TX-009944,004-220895,Miguel Castro,Deposito,12807.99,2026-03-29,20:54:05,Pendiente
TX-009945,008-495644,Maria Soto,Transferencia,12557.01,2026-04-22,08:25:03,Aprobada
TX-009946,001-980493,Rosa Herrera,Retiro,6793.46,2026-02-10,14:49:43,Pendiente
TX-009947,002-498216,Lucia Vega,PagoServicio,10423.96,2026-07-25,03:41:41,Anulada
TX-009948,009-296094,Elena Vargas,Retiro,9147.03,2026-06-26,06:31:59,Rechazada
TX-009949,003-566880,Valeria Leon,PagoServicio,491.71,2026-11-12,10:26:51,Anulada
TX-009950,005-829585,Diego Flores,PagoServicio,3239.56,2026-05-20,17:58:27,Pendiente
TX-009951,006-787365,Camila Ruiz,Transferencia,1029.70,2026-01-26,18:44:33,Anulada
TX-009952,002-375301,Elena Vargas,Deposito,1946.53,2026-03-16,07:14:12,Pendiente
TX-009953,006-348121,Ana Torres,Transferencia,11608.26,2026-05-31,13:01:57,Pendiente
TX-009954,005-696927,Fernando Diaz,PagoServicio,880.69,2026-11-04,10:16:45,Anulada
TX-009955,005-368632,Pedro Castillo,Transferencia,3904.26,2026-02-27,09:43:59,Aprobada
TX-009956,001-243471,Ana Torres,Retiro,7570.72,2026-09-16,17:39:08,Observada
TX-009957,001-762261,Jorge Medina,Transferencia,3710.91,2026-10-17,14:43:51,Observada
TX-009958,001-988834,Lucia Vega,Retiro,1009.67,2026-12-23,10:05:08,Aprobada
TX-009959,001-135537,Lucia Vega,PagoServicio,8124.57,2026-08-25,09:58:34,Observada
TX-009960,006-251276,Luis Ramos,Transferencia,13469.41,2026-07-24,09:08:27,Pendiente
TX-009961,009-552578,Pedro Castillo,Deposito,2637.73,2026-09-21,04:42:55,Pendiente
TX-009962,007-838748,Valeria Leon,PagoServicio,12193.22,2026-03-12,23:57:02,Rechazada
TX-009963,001-882620,Camila Ruiz,Deposito,12104.16,2026-04-20,23:43:22,Aprobada
TX-009964,008-192807,Ana Torres,Deposito,14451.70,2026-05-29,15:30:33,Observada
TX-009965,004-729730,Fernando Diaz,Retiro,9304.61,2026-09-29,01:45:28,Observada
TX-009966,001-588245,Ana Torres,PagoServicio,3775.27,2026-07-20,12:44:37,Observada
TX-009967,003-849661,Carlos Perez,Deposito,11383.52,2026-10-29,22:59:10,Rechazada
TX-009968,009-763445,Elena Vargas,Deposito,1248.50,2026-12-07,09:42:08,Pendiente
TX-009969,003-157024,Lucia Vega,PagoServicio,7252.04,2026-01-16,11:10:15,Pendiente
TX-009970,009-304873,Fernando Diaz,Transferencia,10309.60,2026-06-23,11:11:04,Observada
TX-009971,003-584596,Elena Vargas,Retiro,13166.13,2026-05-21,13:33:31,Pendiente
TX-009972,004-672694,Maria Soto,PagoServicio,12640.45,2026-04-30,05:10:04,Rechazada
TX-009973,009-345607,Maria Soto,PagoServicio,11441.31,2026-03-04,15:20:35,Rechazada
TX-009974,006-161217,Sofia Rojas,Retiro,4568.15,2026-03-23,21:49:22,Observada
TX-009975,004-882807,Camila Ruiz,Retiro,13431.75,2026-04-01,01:21:04,Aprobada
TX-009976,002-372702,Elena Vargas,PagoServicio,3856.60,2026-07-07,11:31:09,Pendiente
TX-009977,001-361059,Valeria Leon,Transferencia,11911.33,2026-05-07,21:18:55,Pendiente
TX-009978,002-667735,Pedro Castillo,Retiro,934.85,2026-08-16,02:55:55,Observada
TX-009979,002-985816,Ana Torres,Transferencia,10385.20,2026-01-08,14:48:12,Pendiente
TX-009980,005-326890,Carlos Perez,Transferencia,5459.88,2026-01-17,18:54:40,Anulada
TX-009981,009-155999,Miguel Castro,Retiro,12301.01,2026-01-16,22:23:02,Anulada
TX-009982,007-830727,Ana Torres,Transferencia,10938.64,2026-12-25,11:44:24,Observada
TX-009983,007-628298,Lucia Vega,PagoServicio,5609.33,2026-07-22,11:58:11,Pendiente
TX-009984,003-270665,Pedro Castillo,Retiro,12744.37,2026-06-20,19:38:59,Observada
TX-009985,009-468750,Jorge Medina,Deposito,5499.53,2026-06-18,19:56:05,Pendiente
TX-009986,005-248419,Diego Flores,Retiro,7418.97,2026-05-13,12:55:47,Aprobada
TX-009987,002-732294,Carlos Perez,Retiro,12057.80,2026-02-20,16:16:40,Observada
TX-009988,008-427297,Diego Flores,Deposito,2072.89,2026-03-14,15:12:45,Rechazada
TX-009989,002-544981,Sofia Rojas,Transferencia,9200.57,2026-12-13,03:28:49,Pendiente
TX-009990,003-300171,Valeria Leon,Transferencia,14633.05,2026-08-25,13:03:03,Anulada
TX-009991,008-179392,Fernando Diaz,Deposito,2732.60,2026-01-09,10:47:21,Rechazada
TX-009992,006-578718,Elena Vargas,PagoServicio,6746.55,2026-03-27,14:23:07,Aprobada
TX-009993,003-365760,Ana Torres,Deposito,8847.93,2026-07-20,21:55:41,Observada
TX-009994,004-493233,Maria Soto,Retiro,14920.19,2026-12-24,05:51:27,Observada
TX-009995,006-770361,Pedro Castillo,Retiro,3279.20,2026-07-01,08:22:35,Rechazada
TX-009996,005-606590,Jorge Medina,PagoServicio,3273.24,2026-12-06,03:32:38,Observada
TX-009997,006-662362,Pedro Castillo,Retiro,6816.04,2026-11-09,04:30:03,Observada
TX-009998,006-414597,Elena Vargas,PagoServicio,12848.02,2026-12-19,19:58:06,Anulada
TX-009999,002-462073,Camila Ruiz,PagoServicio,3294.20,2026-01-12,01:56:38,Rechazada
TX-010000,008-889789,Valeria Leon,Deposito,14991.98,2026-12-28,12:55:40,Aprobada
